:10000000C05A0020E1520000C54D0200CD52000050
:10001000CD520000CD520000CD5200000000000083
:100020000000000000000000000000001953000064
:10003000CD5200000000000051550000CD520000DC
:10004000C955000071940100C9550000C955000050
:10005000C9550000C9550000C9550000C955000028
:10006000C9550000C9550000C9550000C955000018
:10007000C9550000C9550000C9550000C955000008
:10008000C9550000C9550000C9550000C9550000F8
:10009000C9550000C9550000C9550000C9550000E8
:1000A000C9550000C9550000C9550000C9550000D8
:1000B000C9550000C9550000C9550000C9550000C8
:1000C000C9550000C9550000C9550000C9550000B8
:1000D000C9550000C9550000C9550000C9550000A8
:1000E000C9550000C9550000C9550000C955000098
:1000F000C9550000C9550000C9550000C955000088
:1001000081F0004102E000BF83F0004330B54FEAC8
:1001100041044FEA430594EA050F08BF90EA020F35
:100120001FBF54EA000C55EA020C7FEA645C7FEAC8
:10013000655C00F0E2804FEA5454D4EB5555B8BFEB
:100140006D420CDD2C4480EA020281EA030382EA5C
:10015000000083EA010180EA020281EA0303362DEE
:1001600088BF30BD11F0004F4FEA01314FF4801CC1
:100170004CEA113102D0404261EB410113F0004FD3
:100180004FEA03334CEA133302D0524263EB43038A
:1001900094EA050F00F0A780A4F10104D5F1200E28
:1001A0000DDB02FA0EFC22FA05F2801841F1000183
:1001B00003FA0EF2801843FA05F359410EE0A5F157
:1001C00020050EF1200E012A03FA0EFC28BF4CF088
:1001D000020C43FA05F3C01851EBE37101F000453E
:1001E00007D54FF0000EDCF1000C7EEB00006EEB4B
:1001F0000101B1F5801F1BD3B1F5001F0CD34908D5
:100200005FEA30004FEA3C0C04F101044FEA44522B
:1002100012F5800F80F09A80BCF1004F08BF5FEAB2
:10022000500C50F1000041EB045141EA050130BD92
:100230005FEA4C0C404141EB0101013C28BFB1F5A4
:10024000801FE9D291F0000F04BF01460020B1FAEF
:1002500081F308BF2033A3F10B03B3F120020CDAC2
:100260000C3208DD02F1140CC2F10C0201FA0CF0A0
:1002700021FA02F10CE002F11402D8BFC2F1200C05
:1002800001FA02F120FA0CFCDCBF41EA0C019040BB
:10029000E41AA2BF01EB0451294330BD6FEA040404
:1002A0001F3C1CDA0C340EDC04F11404C4F12002EF
:1002B00020FA04F001FA02F340EA030021FA04F301
:1002C00045EA030130BDC4F10C04C4F1200220FA58
:1002D00002F001FA04F340EA0300294630BD21FA96
:1002E00004F0294630BD94F0000F83F4801306BF5C
:1002F00081F480110134013D4EE77FEA645C18BF50
:100300007FEA655C29D094EA050F08BF90EA020FE6
:1003100005D054EA000C04BF1946104630BD91EADE
:10032000030F1EBF0021002030BD5FEA545C05D1E1
:100330004000494128BF41F0004130BD14F5800420
:100340003CBF01F5801130BD01F0004545F0FE4194
:1003500041F470014FF0000030BD7FEA645C1ABFC9
:10036000194610467FEA655C1CBF0B46024650EA00
:10037000013406BF52EA033591EA030F41F400212C
:1003800030BD00BF90F0000F04BF0021704730B5B2
:100390004FF4806404F132044FF000054FF0000187
:1003A00050E700BF90F0000F04BF0021704730B548
:1003B0004FF4806404F1320410F0004548BF40421D
:1003C0004FF000013EE700BF42004FEAE2014FEA72
:1003D00031014FEA02701FBF12F07F4393F07F4F4D
:1003E00081F06051704732F07F4208BF704793F050
:1003F0007F4F04BF41F40021704730B54FF4607463
:1004000001F0004521F000411CE700BF50EA010265
:1004100008BF704730B54FF000050AE050EA01020E
:1004200008BF704730B511F0004502D5404261EB7E
:1004300041014FF4806404F132045FEA915C3FF4BF
:10044000D8AE4FF003025FEADC0C18BF03325FEA5C
:10045000DC0C18BF033202EBDC02C2F1200300FA0D
:1004600003FC20FA02F001FA03FE40EA0E0021FA32
:1004700002F11444BDE600BF80F0004002E000BF7E
:1004800081F0004142001FBF5FEA410392EA030F7F
:100490007FEA226C7FEA236C6AD04FEA1262D2EBC9
:1004A0001363C1BFD218414048404140B8BF5B42CE
:1004B000192B88BF704710F0004F40F4000020F067
:1004C0007F4018BF404211F0004F41F4000121F07D
:1004D0007F4118BF494292EA030F3FD0A2F10102C7
:1004E00041FA03FC10EB0C00C3F1200301FA03F105
:1004F00000F0004302D5494260EB4000B0F5000F28
:1005000013D3B0F1807F06D340084FEA310102F1E6
:100510000102FE2A51D2B1F1004F40EBC25008BF98
:1005200020F0010040EA03007047490040EB000062
:10053000013A28BFB0F5000FEDD2B0FA80FCACF163
:10054000080CB2EB0C0200FA0CF0AABF00EBC25090
:1005500052421843BCBFD0401843704792F0000F7E
:1005600081F4000106BF80F400000132013BB5E7D1
:100570004FEA41037FEA226C18BF7FEA236C21D047
:1005800092EA030F04D092F0000F08BF08467047AC
:1005900090EA010F1CBF0020704712F07F4F04D17A
:1005A000400028BF40F00040704712F100723CBF8D
:1005B00000F50000704700F0004343F0FE4040F4B7
:1005C000000070477FEA226216BF08467FEA236375
:1005D0000146420206BF5FEA412390EA010F40F460
:1005E000800070474FF0000304E000BF10F00043AC
:1005F00048BF40425FEA000C08BF704743F0964393
:1006000001464FF000001CE050EA010208BF7047AD
:100610004FF000030AE000BF50EA010208BF704734
:1006200011F0004302D5404261EB41015FEA010C49
:1006300002BF84460146002043F0B64308BFA3F141
:100640008053A3F50003BCFA8CF2083AA3EBC25323
:1006500010DB01FA02FC634400FA02FCC2F1200242
:10066000BCF1004F20FA02F243EB020008BF20F079
:100670000100704702F1200201FA02FCC2F12002DF
:1006800050EA4C0021FA02F243EB020008BF20EAD4
:10069000DC7070474FF0FF0C1CEAD0521EBF1CEA02
:1006A000D15392EA0C0F93EA0C0F6FD01A4480EAF0
:1006B000010C400218BF5FEA41211ED04FF00063D9
:1006C00043EA501043EA5111A0FB01310CF0004005
:1006D000B1F5000F3EBF490041EAD3715B0040EA2B
:1006E000010062F17F02FD2A1DD8B3F1004F40EBFB
:1006F000C25008BF20F00100704790F0000F0CF0CE
:10070000004C08BF49024CEA502040EA51207F3A91
:10071000C2BFD2F1FF0340EAC250704740F400006C
:100720004FF00003013A5DDC12F1190FDCBF00F05D
:1007300000407047C2F10002410021FA02F1C2F10B
:10074000200200FA02FC5FEA310040F1000053EAA7
:100750004C0308BF20EADC70704792F0000F00F0F5
:10076000004C02BF400010F4000F013AF9D040EAFB
:100770000C0093F0000F01F0004C02BF490011F48F
:10078000000F013BF9D041EA0C018FE70CEAD1538D
:1007900092EA0C0F18BF93EA0C0F0AD030F0004C0D
:1007A00018BF31F0004CD8D180EA010000F00040C1
:1007B000704790F0000F17BF90F0004F084691F07F
:1007C000000F91F0004F14D092EA0C0F01D14202B9
:1007D0000FD193EA0C0F03D14B0218BF084608D182
:1007E00080EA010000F0004040F0FE4040F40000CC
:1007F000704740F0FE4040F4400070474FF0FF0C5F
:100800001CEAD0521EBF1CEAD15392EA0C0F93EAA5
:100810000C0F69D0A2EB030280EA010C49024FEAF7
:10082000402037D04FF0805343EA111143EA1013B0
:100830000CF000408B4238BF5B0042F17D024FF468
:10084000000C8B4224BF5B1A40EA0C00B3EB510F43
:1008500024BFA3EB510340EA5C00B3EB910F24BF2C
:10086000A3EB910340EA9C00B3EBD10F24BFA3EBB1
:10087000D10340EADC001B0118BF5FEA1C1CE0D179
:10088000FD2A3FF650AF8B4240EBC25008BF20F02C
:10089000010070470CF0004C4CEA50207F32C2BF80
:1008A000D2F1FF0340EAC250704740F400004FF01D
:1008B0000003013A37E792F0000F00F0004C02BF4E
:1008C000400010F4000F013AF9D040EA0C0093F018
:1008D000000F01F0004C02BF490011F4000F013B72
:1008E000F9D041EA0C0195E70CEAD15392EA0C0FDA
:1008F00008D142027FF47DAF93EA0C0F7FF470AF12
:10090000084676E793EA0C0F04D14B023FF44CAF54
:1009100008466EE730F0004C18BF31F0004CCAD1E9
:1009200030F000427FF45CAF31F000437FF43CAF25
:100930005FE700BF4FF0FF3C06E000BF4FF0010C47
:1009400002E000BF4FF0010C4DF804CD4FEA400229
:100950004FEA41037FEA226C18BF7FEA236C11D073
:1009600001B052EA530C18BF90EA010F58BFB2EB26
:10097000030088BFC81738BF6FEAE17018BF40F0A6
:10098000010070477FEA226C02D15FEA402C05D15A
:100990007FEA236CE4D15FEA412CE1D05DF8040BDF
:1009A000704700BF844608466146FFE70FB5FFF772
:1009B000C9FF002848BF10F1000F0FBD4DF808ED2A
:1009C000FFF7F4FF0CBF012000205DF808FB00BF1B
:1009D0004DF808EDFFF7EAFF34BF012000205DF875
:1009E00008FB00BF4DF808EDFFF7E0FF94BF0120C2
:1009F00000205DF808FB00BF4DF808EDFFF7D2FFBF
:100A000094BF012000205DF808FB00BF4DF808ED01
:100A1000FFF7C8FF34BF012000205DF808FB00BFCE
:100A20004FEA4002B2F1FE4F0FD34FF09E03B3EBFB
:100A300012620DD94FEA002343F0004310F0004F3B
:100A400023FA02F018BF404270474FF00000704791
:100A500012F1610F01D1420205D110F0004008BF30
:100A60006FF0004070474FF00000704742000ED218
:100A7000B2F1FE4F0BD34FF09E03B3EB126209D4D9
:100A80004FEA002343F0004323FA02F070474FF08F
:100A90000000704712F1610F01D1420202D14FF004
:100AA000FF3070474FF00000704700BF53B94AB99C
:100AB000002908BF00281CBF4FF0FF314FF0FF3066
:100AC00000F00CB8ADF1080C6DE904CE00F018F898
:100AD000DDF804E0DDE9022304B07047704700BF91
:100AE000034611F8012B03F8012B002AF9D17047B6
:100AF000034613F8012B002AFBD1181A013870475E
:100B00002DE9F0478C468E46089E15460446194648
:100B1000002B40F0D080724547D9B2FA82F74FB12E
:100B2000C7F120030EFA07FC20FA03F3BD4043EAA5
:100B30000C0CBC404FEA154EA8B2BCFBFEF8230CCF
:100B40000EFB18CC08FB00F943EA0C43994528D961
:100B5000EB1808F1FF3204D2994502D9A8F102023C
:100B60002B44A3EB0903A4B2B3FBFEFC0EFB1C3326
:100B70000CFB00F044EA0344A04214D92C190CF1F8
:100B8000FF3304D2A04202D9ACF102032C44241A50
:100B900043EA02401EB1FC40002334607360BDE8AC
:100BA000F0874246DDE76346F1E7002A79D0B2FAE2
:100BB00082F3002B3FD01946C1F1200302FA01F560
:100BC0002EFA03F20EFA01FE20FA03F343EA0E03B3
:100BD0004FEA154E00FA01F4B2FBFEFCAFB20EFB79
:100BE0001C201A0C0CFB07F842EA004290455AD927
:100BF000AA180CF1FF3004D2904502D9ACF10200E2
:100C00002A44A2EB08029BB2B2FBFEFC0EFB1C22A4
:100C10000CFB07F743EA02439F4246D9EB180CF15D
:100C2000FF3204D29F4202D9ACF102022B44DB1BFB
:100C300042EA004202E0AEEB020301224FEA154E07
:100C4000AFB2B3FBFEFC200C0EFB1C330CFB07F811
:100C500040EA034398452AD9EB180CF1FF3004D23F
:100C6000984502D9ACF102002B44A3EB0803A4B2CF
:100C7000B3FBFEFC0EFB1C330CFB07F744EA0344FA
:100C8000A74216D92C190CF1FF3304D2A74202D97E
:100C9000ACF102032C44E41B43EA00400F4611462A
:100CA00078E71F2188E76046ABE76246BFE760460A
:100CB000DBE76346EFE7734506D916B9002108461E
:100CC0006DE7C6E9000EF9E7B3FA83F787B9734514
:100CD00001D3824207D8841A6EEB030301209C469D
:100CE0001EB900215BE73846FAE7C6E9004CF8E791
:100CF000C7F1200CBB4022FA0CF51D4320FA0CF181
:100D00002EFA0CF30EFA07FE41EA0E014FEA1549DE
:100D100000FA07F4B3FBF9F81FFA85FE09FB183057
:100D20000B0C08FB0EFA43EA00439A4502FA07F25D
:100D300040D9EB1808F1FF3004D29A4502D9A8F146
:100D400002002B44A3EB0A0389B2B3FBF9F809FBB9
:100D5000183308FB0EFE41EA03418E452CD9691871
:100D600008F1FF3304D28E4502D9A8F102032944C9
:100D700043EA0040A0FB0298A1EB0E014145CE469C
:100D8000434602D306D14C4504D2B9EB020E68EBC0
:100D900005030138002EA4D0B4EB0E0261EB030171
:100DA00001FA0CFC22FA07F34CEA0303F940C6E906
:100DB000003196E74046C5E74346D9E7000000000A
:100DC000F0B500228BB0114640F6034006F0DEFC81
:100DD000044600285ED106F09DFA214609AA41F298
:100DE000030006F0D3FC0446002853D1099A2B4D8A
:100DF000D168D1F80100D1F8051005F1780303C3DB
:100E0000104605F0BFF8214609AA41F2010006F09C
:100E1000BDFC044600283DD10998C3685A7885F87E
:100E20006F205A88A5F872201A7985F87020B3F8D7
:100E30000720A5F87420B3F80530A5F8763005F042
:100E4000A1F8214609AA41F2020006F09FFC0446DF
:100E500000BB099FFA6805F18006531C41321868EF
:100E60005968344603C4083393422646F7D13846BE
:100E700005F088F895F87C3013F0400314D1084A47
:100E800008490093CDE901321846012224F04AF9BD
:100E90006FF0120420460BB0F0BD00BF0000002030
:100EA000F3C502005C8D020009AA002142F2030092
:100EB00006F06CFC04460028ECD1099AB24BD168CC
:100EC000D1F80100D1F8051003C3104605F05AF817
:100ED000214609AA42F2020006F058FC0446002806
:100EE000D8D1099FFE68B6F801309AB2BAB1F2784B
:100EF000AAB1A5F8FC30F378032B0BD00322CDE97F
:100F00000332A24BA2490090CDE90103022203461D
:100F100024F008F9F2789F48114626F037F9384650
:100F200005F030F895F87C601F2316F02006A5F830
:100F3000103119D14FF0FF304FF0FF3106F012FAA7
:100F40000446002800F0B88102210C3005F06CF94D
:100F50000123037046702146324640F66D4006F08C
:100F600015FC0446002895D195F89C301E0712D533
:100F700009AA002142F21C0006F008FC04460028E1
:100F800088D10998C368D3F80120D3F80530C5E9A2
:100F9000382304F0F7FF95F8D8309C0626D50DF1DC
:100FA000220108A806F090FC044600287FF472AFE6
:100FB0004FF0FF304FF0FF3106F0D4F9064600281D
:100FC00000F07A8104210C3005F02EF9BDF82030B4
:100FD0000380BDF8223043802246314642F224008D
:100FE00006F0D4FB044600287FF454AF95F8D830BF
:100FF000580610D509AA002142F22A0006F0C6FBC5
:10100000044600287FF446AF0998C3685B7885F8EA
:10101000123104F0B7FF4FF0FF304FF0FF3106F010
:10102000A1F90646002800F0478108210C3005F0A0
:10103000FBF895F8D84014F0400F40F2022308BFA7
:101040000323A10795F8D9104CBF43F02C0343F0BC
:101050000C03A70648BF43F0400311F0090F18BF67
:1010600043F4006304F001040246002143EA041043
:1010700024F088F80022314642F2010006F086FB97
:10108000044600287FF406AF95F87C30B5F8FC10D4
:101090009E0661D4C9B909AA41F2050006F076FBA3
:1010A000044600287FF4F6AEB5F8FC30099C4BB935
:1010B000E368B3F80120A5F8FC209A88354811466A
:1010C00026F064F8204604F05DFF4FF0FF304FF04B
:1010D000FF3106F047F90446002800F0ED800821B2
:1010E0000C3005F0A1F895F8D830D907024641D464
:1010F00029484FF0005124F045F82146002240F6DF
:10110000014006F043FB044600287FF4C3AE0146CD
:1011100009AA4FF6014006F039FB002842D01F4BC8
:101120000094CDE90143234619490222184623F0D1
:10113000F9FFEB79002B40F0AF8007F0CBFB0446C2
:1011400000287FF4A7AE09F09BFB044600287FF43B
:10115000A1AE06F00DFA9DE60029B6D1104B0C4960
:101160000090CDE901030122034623F0DBFF6FF07D
:1011700004048FE602A1D1E90001BCE7AFF30080CF
:101180009088000200800020D800002017C60200CE
:101190005C8D0200000100201088000280C6020061
:1011A0005DC60200099E5249F468B4F80130042B70
:1011B00096BF504A504A52F82320CDE903234F4BA3
:1011C00002930023CDE900330322184623F0AAFF3F
:1011D000B4F80130B4F80320022B39D1052A37D8EE
:1011E000474B53F822304249CDE90332454B029335
:1011F000002303221846CDE9003323F093FFD4F8EF
:10120000091063790791B4F807100691032BA179AF
:1012100096BF3D4A384A52F8232003920024CDE974
:1012200004313A4B32490293032223462046CDE94A
:10123000004423F077FF304604F0A4FE09AA2146BB
:101240004FF6024006F0A2FA064618B1304B67E7A7
:10125000294BC8E70998C368B3F80130A5F8C13035
:1012600004F090FE95F8C1305A077FF562AF09AAE5
:1012700031464FF6034006F089FA28B1254B009617
:10128000CDE9016333464FE70998C3685B7885F879
:10129000C03004F077FE4CE72E78002E7FF44DAF7F
:1012A00095F8C1309B061FD54FF0FF304FF0FF314E
:1012B00006F058F8044610B96FF06804EAE5062114
:1012C0000C3004F0B1FFD5F801300360124B9B885D
:1012D0008380214632464FF6064006F057FA044610
:1012E00000283FF42AAFD5E56FF08504D2E500BFB2
:1012F0005C8D02005C91020008C40200A4C60200DA
:1013000044910200BDC6020034910200D5C602001D
:1013100002C702002BC702000100002000000000ED
:101320002DE9F843D0E90738856903EB08042F3429
:10133000A5420F46164619D8DFF86C80A3FB0801BA
:1013400017A3D3E90023FFF7B1FB0346601BA0FB03
:10135000080123F07F4412A3D3E90023FFF7A6FB83
:1013600020F07F403C603060BDE8F883DFF83890C3
:101370000BA3D3E90023A5FB0901FFF797FB20F09E
:101380007F440A480A2106A3D3E90023E8FB0901A8
:10139000FFF78CFB20F07F403C603060BDE8F883B5
:1013A0008D49FD1A0700000000CA9A3B00166BF138
:1013B000002800F051812DE9F04FCB4C94F85E20CD
:1013C00012F001058DB040F03481607EFF2300F003
:1013D0000300A37617F02AFD94F85E00420700F19F
:1013E0002C81627F94F8293004EB820204EB8303A2
:1013F000166AD3F82C8086B1BB48314612F0D2F879
:1014000033785B0605D506210DF004FF002800F0B7
:101410005581B548414612F0C5F8337813F00E0FE8
:1014200040F0918063691BB10C200DB0BDE8F08FD6
:101430000FF0F6FE8146002800F049810FF0FCFE17
:101440008246002800F0408112F0F2FA054600289A
:1014500000F05A81D0F888004FF6FF73AB8405F195
:10146000100B002800F0358105F17C0205F17801B0
:101470000DF0DCFEB5F8763023F4EF6323F00703BC
:1014800043F48C7343F00103A5F8763095F83730B8
:1014900003F03F0363F07F0385F8373095F88E3013
:1014A00023F0070385F88E3095F83C3023F00F03C6
:1014B000002785F83C304FF4C023C5F88E3128460C
:1014C000C5E91277C5F88870A5F88C7085F8397071
:1014D0006F85C5F82E702F65A5F86071A5F8947119
:1014E000A5F88A7114F03AFA85F86471C5F8689124
:1014F00012F066FD95F89C3160F3020385F89C318B
:1015000012F064FD95F89C3160F3C50385F89C31B9
:1015100095F8623167F34103012185F8623128466D
:1015200013F0E8F805F1E00014F038F8C4E9159A72
:10153000C4F814B0C5E902772F702D6118F058FC7B
:10154000002840F0BD80237E0121C3F342030DF14A
:101550002B008DF82B300EF00BF8024600287DD0C2
:101560004146304611F016FE604A614BB4F85C808B
:101570000721E0FB023100251846C4E9025558A3B3
:10158000D3E900232570FFF791FA60600FF07AF934
:1015900000F10907B8F1000F07D1357805F00F0504
:1015A000A5F10105B5FA85F56D09207E636865F33F
:1015B000000010F00105207657D04E4A0992002015
:1015C000106002254C4ADFF8348104930BAE01937E
:1015D00005920321CDE90200069400903B46CDF828
:1015E0001C8008962A460B950FF070F831460FF0D4
:1015F00099FE98BB424905914AF2D8330093CDE950
:101600000300CDE90100CDF81C80089606943B4606
:10161000012203210B950FF03DF831460FF082FEB9
:10162000E0B994F85E300120034384F85E3017F08F
:10163000DFFB00200DB0BDE8F08F2A4604F15F010A
:10164000C0F3C00017F038FDFF28A0763FF4C9AE04
:10165000284617F005FCC4E611F034BD6369002B81
:101660003FF4E2AE11F004FDDEE6224A2548049381
:1016700003F247130694029591211360A8FB00031F
:1016800001FB08311D4B07931B4B05934FF6FF736E
:1016900009924FF0020803930BAE11A3D3E9002384
:1016A000CDF82C800896FFF701FA3B46CDE90050B3
:1016B0004246284603210FF009F8AEE71220B4E6AF
:1016C00011F0D6FC0320B0E648460FF0AFFD07202E
:1016D000ABE605F18000C5F88800C5E6AFF30080F1
:1016E0008D49FD1A070000007820002000CA9A3BAF
:1016F0008C49FD1A6C2000200D3201008109010087
:10170000312F0100002AE78450460FF09BFD484628
:101710000FF08CFDDBE700BF70B5037E8AB0C3F32A
:1017200042030D46044601210DF1230016468DF8B3
:1017300023300DF01DFF31460246284611F02AFDE8
:101740001D4A1E4B0721E0FB0231184618A3D3E9BE
:101750000023FFF7ABF963689842054621D21B1AB4
:1017600000220192164A0293164BA21AA3FB0232E0
:101770000221520900230A4409AE09911249059138
:10178000CDE9033303210696D2B2009318460EF03A
:10179000F3FF31460FF0C6FD38B9656000200AB08E
:1017A00070BDFBD9C21A0023DBE70C200AB070BD64
:1017B0008D49FD1A0700000000CA9A3B8C49FD1AAA
:1017C000782000204FECC44E810901000000000089
:1017D0002DE9F04F05468BB08B460120022199463A
:1017E00014461AF0EBF800220221824601200DF087
:1017F00071FD2F494FF4D47228460DF0F7FCC61C3A
:101800002C4B0093F6B201954B4632460121002045
:101810000FF000F810F0FD0F42D1274BA4FB034856
:10182000204621A3D3E900234146FFF73FF908955D
:1018300006956B680493214B20F07F47A7FB03318B
:10184000E01A1F4B07934FF007021E4B059302FB54
:1018500007114FF6FE7368EB010103934FF47A72A0
:101860000023FFF723F9CDF800B0CDE901704B4616
:101870003246012100200EF00DFF10F0FD0F0DD1BA
:10188000BAF1000F02D10BB0BDE8F08F01220221A6
:1018900010460BB0BDE8F04F0DF01CBD00DEEFE7C9
:1018A00000DEBAE7AFF300808D49FD1A07000000A3
:1018B000380D0020ED38010000CA9A3B8D49FD1A11
:1018C000D5380100798201002DE9F0418468A28CAD
:1018D0004FF6FF739A428CB000F0C0800546204658
:1018E00014F0B8FA2B7D012B00F0E680022B00F0FB
:1018F000B88033B994F88E3003F01803182B00F039
:101900001C8194F86471002F40F0AE802B8AE68D24
:1019100094F93720CDE90A77002B00F0AC80002A3B
:10192000C0F221810023A4F89031AB7CA28D03F09A
:101930000303551C012BADB200F0BA80B4F894310A
:10194000002B00F0BF80AB4240F237815B1B9BB2A3
:10195000062BA4F894314FF000028CBF0023012322
:10196000E2851F4694F83C2063F3820284F83C2011
:1019700029460DF12702204614F02CF8743000F0AF
:101980001681B4F88E312BB1AB4240F2BF805B1BA5
:10199000A4F88E31B4F88A312BB1AB4240F2C68044
:1019A0005B1BA4F88A31E58D17B9AE4200F0AC801C
:1019B0000135ADB294F8D13013F0010609D1DDE95B
:1019C0000AC3B3BBBCF1000F00F0E9801E46194604
:1019D00030E094F9372023F00103002A84F8D13055
:1019E000C0F28A8094F87600C0F3C00100F00700CE
:1019F00018F07CF8B4F86E20B4F86C301344E28B25
:101A000003F23F13134418448D4A8E4B0721E0FB29
:101A10000231184688A3D3E90023FFF747F861682D
:101A200020F07F408142DDE90AC380F0B280461A8F
:101A300060600021A28C24690694CDE9035703322B
:101A4000814D0291CDE900C6D2B201210020059559
:101A50000EF092FE10F0FD0F40F0B4800CB0BDE827
:101A6000F0813D2784F86471394620460CB0BDE80A
:101A7000F04112F065BB002AB8BF84F8D570AB7C8A
:101A8000A28D03F00303551C012BADB210D0B4F8A6
:101A90009031002B3FF452AFAB4240F29A805B1B77
:101AA000A4F89031B4F89431002B7FF44CAF59E78F
:101AB0000023A4F8943155E70023A4F88E31A4F84C
:101AC0008A311EE7E38C052B8BBF40F2E2424FF4D4
:101AD000FA725A4303FB0222B4F8923142F21071B7
:101AE00001FB0323013BB3FBF2F39BB2A4F8943157
:101AF000002B7FF428AF35E794F87700012100F040
:101B0000070017F0F5FF75E73D4653E70FF0DAFBE6
:101B10000146002864D00023A4F88E31A38CC38032
:101B20001B23037100680FF09FFB33E70023A4F829
:101B30008A31204613F0E0FF35E7218DB4F88C217F
:101B40008B1D9A42C4BF931F5B1AB4F88811CCBF97
:101B50009BB21346994256D0A4F88831A4F88A3132
:101B6000A4F88E21CDE694F8D530002B3CD0013B73
:101B700084F8D53004F1E008404613F051FD002808
:101B800055D0404613F04CFD002842D00023E38599
:101B9000C8E6091A6060A3BB51EA0C021ED115B950
:101BA000002F3FF45BAF00263146334642E79DF8F5
:101BB0002710204612F0C4FA50E70821204612F000
:101BC000BFFA4BE70FF0D8FB84423FF447AF00DE8B
:101BD00044E73E21204612F0B3FA3FE71E4629E7CC
:101BE0000123A4F88E31D5E60AAA0BA92846FFF7EF
:101BF00097FBDDE90A231343BCD0237884F8D53062
:101C0000B8E7002616E7B4F88E1100297FF479AE04
:101C1000A4E70246D4E91E010DF020FB0028B5D14F
:101C200094F83C301B0744BF238DE3857AE6FF2000
:101C300012F048FAA5E700BF8D49FD1A0700000021
:101C400000CA9A3B8C49FD1A2D39010000000000A2
:101C50002DE9F04F87B0B0F86071BDF84C9000915D
:101C6000CDE90423B0F82431BDF840A01F44BFB231
:101C70000446A7EB090390F87600D4F81C819EB2C5
:101C8000BDF844300193C0F3C001BDF8483003965D
:101C900000F00700029317F029FFE58C052D40F2B4
:101CA000A38015FB06F5ADB240F2E24BBAF1050F89
:101CB00040F28E80B4F86E20B4F86C30134403F216
:101CC000D5130344764A77480721E3FB02014FF01E
:101CD0009613E361962323846FA3D3E90023FEF7D1
:101CE000E5FE564620F07F4040F2E2430BFB05F252
:101CF00003FB06F6531E3344B3FBF6F31FFA83FBD4
:101D000060600BFB06F082425D4653D26449801A44
:101D1000A0FB010160A3D3E90023FEF7C7FE20F07A
:101D20007F408044B4F82421B4F86031A9EB07095E
:101D30004D44ADB213442B44A4F86031638D134479
:101D40001D4494F837306585DB0955D100DE002746
:101D50003546019B2385029BA4F8923131462046EB
:101D6000A4F826A013F062FE4F4B218D3344881D4A
:101D7000B3FBF6F39AB29042A4F88C2104D2C1F5D9
:101D80007F41FA310A4492B2009BA4F8882113B132
:101D90000023A4F8943143462A4639462046FFF7EB
:101DA00017FD94F8623143F0010384F8623107B003
:101DB000BDE8F08F121A3A48A2FB000136A3D3E91E
:101DC0000023FEF773FE20F07F40A8EB0008A9E790
:101DD0004FF096130AF10106E36196232384B6B20D
:101DE0000A204FF4FA7381E7039B013515FB03F5D5
:101DF000ADB24FF4FA7B59E7216CA36C284F01FB7D
:101E00000233039A01FB1233A3640023C4F8DC30CD
:101E100018F040F8054694F8D400C0F3420018F0DA
:101E20003BF8054406FB05F5204B1E4805F57425D7
:101E300005F23F25A3FB0535AD0CA36C25640BFB18
:101E400005FB72085B44963A934228BF1346C4E9E7
:101E50001123049B40F2E24909FB03F307212365A8
:101E6000EBFB07010CA3D3E90023FEF71FFE104B89
:101E7000059AA8EB0008A3FB0230800A09FB00F0DA
:101E8000A0FB070104A3D3E90023FEF70FFE751B97
:101E900020F07F475DE700BF8D49FD1A0700000075
:101EA00000CA9A3B8C49FD1A7FC3C90183DE1B43DC
:101EB0005917B7D1000000002DE9F04F0D46166804
:101EC00095F8118009681446027FD1F8009093B00C
:101ED0008346C2F38012D0F81E008DF83720B8F187
:101EE000FF0FBBF822201090ADF8442057D110AB63
:101EF00093E803000E90ADF83C105A46BBF82E1044
:101F000052F82EAB9278A2722181DBF82A2062600F
:101F1000DBF83A20C4F8222004F122009BF83E208E
:101F2000027105210DF024FB94F8272000F03F00FA
:101F300060F3050284F827209BF83F20C2F30401D8
:101F400084F82810BBF83410E182012802F01F0247
:101F500089B20AD91B3202F01F020B2A05D80639B2
:101F600089B240F67A42914225D90021C9F8081079
:101F700094F82C2061F3000284F82C20DBF80C404C
:101F80000125504659468BF804500FF061F920683E
:101F9000257121460FF068F913B0BDE8F08F0EAA45
:101FA0000DF13701404616F081FC9DF837200232D2
:101FB0008DF83720A1E72A6800215160BBF8362050
:101FC000E78A228340F2E24303FB07F73046BBF87F
:101FD00032300B9313F03EFD9BF83F2096F8D4105F
:101FE000520962F3430186F8D41017F053FF0A90A8
:101FF00096F8D400C0F3420017F04EFF0A9A10443E
:1020000007FB00F0AE4A00F5742000F23F20A2FB6F
:1020100000207A08800C963A206362639BF8312096
:1020200040F2E24303FB02F26264BBF83820A6F8F8
:1020300092213946304613F0F9FCA24AA249C6F86B
:1020400098113A44B2FBF7F290B2A6F88C01218BBA
:1020500001F1060C604504DDC1F57F41FA31014410
:1020600088B25A46A6F8880112F81C3FC3F3401301
:10207000D2070A9300F115814FF48072ABF81C204F
:1020800099F81A0017F05CF9002800F0EA80DBF8F4
:102090002420CBF82B20BBF82820ABF82F20B8F158
:1020A000FF0F00F0F880BDF844201098ABF829200D
:1020B000CBF825009DF837208BF81E200E98BDF830
:1020C0003C20CBF81F00ABF82320E28AABF832208B
:1020D000228BABF83420B6F89221ABF8362096F874
:1020E000D420C2F342028BF83820304611F0ACFC09
:1020F000A082ABF80600D5F80480504659460FF090
:10210000A7F81C23A28A88F804300A9BD8F800A0FC
:10211000A8F80620002B40F0B180DDF828B088F840
:102120001CB0414650460FF09FF894F86700B4F891
:102130005CA0B4F85E80012100F0070017F0D8FC25
:10214000D04408F2D51808EB00038246DFF87C8102
:102150005F480721E3FB08014FF09613C4E90333FE
:1021600055A3D3E90023FEF7A1FC20F07F40706067
:10217000EB680B98226B40F2E24101FB003404F261
:10218000B3440221A41A0120BF1A00220DF0A2F8C4
:10219000484611F0C5F9A4EB0A0447A3D3E900238C
:1021A0008246A4FB0801FEF781FCCDF80490AB68E1
:1021B0004849009120F07F480AF10202363BD2B232
:1021C0004344012100200EF025FB01286BD099F833
:1021D0001830DB074AD4304611F036FC3B4CA7FBE5
:1021E000044935A3D3E90023834649462046FEF738
:1021F0005DFCAB68384A0792A3F1360A374B069666
:1022000020F07F47A7FB0331E01A354B05934FF4CD
:10221000F8730893736804934FF0070303FB0711E7
:1022200069EB010100244FF47A7200230394FEF756
:102230003DFC0BF10305EDB2CDE90170CDF8008056
:1022400053462A46012120460EF024FA10F0FD0FD5
:102250002FD10122022110460DF03CF813B0BDE849
:10226000F08FCBF82B00ABF82F0018E700230122EA
:102270000093184611460EF097FAACE794F8273011
:1022800043F0400384F82730201D16F0E3F84FF0A8
:10229000010B208543E70021CBF82510ABF829106E
:1022A00008E700DEE8E60FF067F881458FD000DE32
:1022B0008DE700DECDE700BF8D49FD1A0700000065
:1022C00083DE1B437FC3C901404B4C0000CA9A3BCD
:1022D0008C49FD1A01830100518201008D49FD1ACC
:1022E0007982010000000000F0B5C468636883B023
:1022F0000546002B54D118F0A7FE002018F0C8FEA8
:102300000021084618F0B6FE00222521082018F00A
:102310001DFF414B019301A818F004FF3F4940F213
:102320005B6018F0B5FF237AC3F3420262F3061331
:102330002372204617F03EFF17F08AF8637A03F005
:10234000030348BBFBB927682E68384617F088FBA3
:1023500006446A6806F10901012019F0E1F819F054
:10236000A1F9204611F0E8F8811C3246C9B238467E
:1023700017F078FB054600BB204617F04DFBD0B99F
:10238000002003B0F0BD012016F028FD4178821C2A
:10239000007819F065F8D6E7181E18BF0120F3E79A
:1023A00093F82C309B07A6D01D48214618F020FE3C
:1023B00018F018FFE4E700DEE2E71A4A1A491B4862
:1023C00040F2114322F03AFB194B0721A5FB03030E
:1023D00001FB05310EA3D3E90023FEF767FB154986
:1023E0000246154822F02AFB002585F31188BFF329
:1023F0006F8F0323184602DF1048214618F0F8FDBE
:1024000018F0F0FE6FF08B00BBE700BFAFF3008069
:1024100000CA9A3B00000000D6BE898E5555550073
:10242000A99B010084980200D098020060960200E7
:102430008D49FD1A189A0200D4980200A59E010049
:102440002DE9F043C468A28A4FF6FF739A4283B025
:1024500000F0FD80064618F061F93389628B208C0C
:1024600094F82710A3831A4492B2104480B2431CFC
:1024700023840023638301F03F034906E28300F1D4
:10248000A48094F82810009304F1290004F1220399
:1024900015F0A2FF0546D4E90C31A26BA08BA36313
:1024A00003FB0022E36B8A4294BF9B185B188B42AC
:1024B00028BF0B46626CE363236C94F867101A44E0
:1024C00094F82C3061F306130021C4E9101294F83B
:1024D0007E2084F82C3012F0040200F0898018F07D
:1024E000B3FD002018F0D4FD201D18F01BFE238939
:1024F000A17A40F25B6043EA014118F0C9FE284628
:1025000017F0C0FA2146584818F072FDA08918F05B
:10251000FBFF94F8662094F86700C2F3C003002123
:1025200002F0070200F0070018F018FF204618F02C
:102530008FF9D4F800803768404617F091FA0744C5
:10254000726807F10901002018F0EAFF814619F0CE
:102550007DF8002019F094F8E36B94F8670003F11C
:102560002F02636C012100F0070003EB420518F015
:102570002BFE4D44054494F8670000F00700022844
:1025800034D004280CBF4FF4BC73282301211D4410
:1025900018F01CFE284419F04BF8A18A03313A4682
:1025A000C9B2404617F05EFA0546A8B1B37A13F0F7
:1025B00002062BD000252D48214618F019FD18F0F1
:1025C00011FE284603B0BDE8F083218D04F12202FC
:1025D00015F044FF05465EE7204617F01DFA002877
:1025E0003CD10025284603B0BDE8F0831823CDE791
:1025F000D4E91A010CF032FE00287FF470AF94F891
:102600007E3043F0040384F87E3068E7184A1949A5
:1026100019484FF4AC7322F011FA18480721A5FBB2
:10262000000301FB05310EA3D3E90023FEF73EFAB8
:1026300013490246134822F001FA86F31188BFF3CA
:102640006F8F0323184602DF6FF08B05B3E70E4848
:10265000214618F0CDFC18F0C5FDC2E700DEC0E74A
:1026600000CA9A3B0000000075AA0100859B01008A
:1026700000990200D0980200609602008D49FD1A70
:10268000249A0200D4980200A99B010070B5054667
:102690002A48401B0C46FDF7A9FF2949FEF7AEF872
:1026A0002849FDF7F7FF4FF07C51FDF7F3FF21F0CC
:1026B00027FB06462448001BFDF798FF2049FEF73C
:1026C0009DF82049FDF7E6FF4FF07C51FDF7E2FF52
:1026D00021F016FB04462846FDF788FF1849FEF74F
:1026E0008DF81849FDF7D6FF21F072F91749FDF76B
:1026F000D1FF2146FDF7CEFF2146FDF7CBFF314646
:1027000004463046FDF7C6FF01462046FDF7BAFEF7
:10271000054626F09EF8294604464FF07E50FDF708
:10272000AFFE26F096F80146204621F0ABF80146B0
:10273000FDF7A8FE0649FDF7ADFF70BD482D8D1BC6
:102740008096184B35FA8E3C000E9E08BA1C313F1D
:10275000706DC24A30B50C468FB071B1114BCDE9E6
:102760000313114B02930023CDE900330F490222DA
:10277000184622F02EF80FB030BD0D4A06AD0121EB
:1027800011700146284607F043FF0A4B074903959D
:10279000CDE90143009423460322204622F019F894
:1027A000E9E700BF7AE90200FEA80200F48D02000A
:1027B000B632002021A902007FB50C4A0023137015
:1027C0000B4A13700B4A13700B4A13700B4A009399
:1027D000CDE903120A4A0B49CDE90132184603221A
:1027E00021F0F7FF07B05DF804FB00BFB632002010
:1027F000B9320020B8320020B73200207AE9020056
:102800002FA90200F48D02001FB501290B4B0C49C2
:102810000CBF012200221A700A4A0B4B08BF134654
:1028200003930A4B02930023CDE900330322184699
:1028300021F0CFFF05B05DF804FB00BFB9320020E6
:10284000F48D020050A9020058A9020061A90200FB
:102850001FB501290B4B0C490CBF012200221A7035
:102860000A4A0B4B08BF134603930A4B02930023FB
:10287000CDE900330322184621F0ABFF05B05DF827
:1028800004FB00BFB8320020F48D020050A9020002
:1028900058A902007EA902001FB501290B4B0C4963
:1028A0000CBF012200221A700A4A0B4B08BF1346C4
:1028B00003930A4B02930023CDE900330322184609
:1028C00021F087FF05B05DF804FB00BFB7320020A0
:1028D000F48D020050A9020058A902009AA9020032
:1028E0007FB5BDF820401D4654BB012B28D113787D
:1028F0005A1E092A27D8154E154933710393154BD3
:102900000094CDE9014320462346032221F061FFD4
:1029100036794FF47A735E43214640F2E7304FF444
:1029200000444FF47A720023E6FB0401FEF7BEF880
:1029300002460B4608481DF0A9F9284604B070BDB0
:102940006FF00C00FAE76FF01200F7E7F4010020D7
:10295000F48D0200B3A90200180700202DE9F04110
:102960000D46FDF743FE2C49FDF748FF2B49FDF7C7
:1029700091FE04462A48401BFDF738FE2649FDF724
:102980003DFF2649FDF786FE064621F0B9F90546CA
:10299000204621F01DF88046204621F0B1F9074677
:1029A000304621F015F81F4906464046FDF772FEF5
:1029B0001D4904463846FDF76DFE3146FDF76AFEB7
:1029C00001462046FDF75CFD1749184E044628468F
:1029D000FDF760FE214620F055FF1549FDF75AFE30
:1029E0000025044629462046FDF7F2FF40B90F4D69
:1029F0000E492046FEF700F840B92046BDE8F081B8
:102A000020463146FDF73EFD0446EBE720462946C9
:102A1000FDF736FD0446EBE78096184B35FA8E3C01
:102A2000000E9E0809D8383FBA1C313F0000B4435D
:102A3000E12E65421D4BAF221A7059225A701C4A72
:102A400011689970C1F30720090C1971090A5971AD
:102A50005168D8709971C1F30720090C1972090ADD
:102A600059729168D8719972C1F30720090C1973D2
:102A7000090A5973B2F90C109973C1F30721D9737C
:102A8000D1891974090A5974118A9974090AD97477
:102A9000917C526919755A75C2F30721120CDA75C7
:102AA000120AD87299751A76704700BFBA320020A0
:102AB000E412002070B504468AB060B1264B029340
:102AC0000023CDE90033039024490122184621F068
:102AD00080FE0AB070BD224B224E20490090CDE905
:102AE00001030322034621F074FEFFF7A3FF0FCE7C
:102AF00005AD0FC533682B601B49009423460222A5
:102B000005A805F0D1FF054630B1184B0390CDE97B
:102B1000014300942346D7E7154B0090CDE901030C
:102B20000E490346032221F054FE124B1C794FF448
:102B30007A735C43294640F2E7304FF400454FF486
:102B40007A720023E4FB0501FDF7B0FF02460B4655
:102B500009481DF09BF8BCE7D5A90200F48D0200DE
:102B6000F4A90200108E0200C88E02000AAA020018
:102B70002FAA0200F4010020180700202DE9F04FD1
:102B8000884EB3681E2101331C20B3FBF1F201FB18
:102B90001232B3FBF0F100FB11313E3195B0B17050
:102BA0002821B360B3FBF1F001FB1033C3F16403E0
:102BB00002EB8202F37002F62E127B4B92B232804D
:102BC0001A7009225A7024F0C0FB4FF47A72A0FBED
:102BD0000203764C764D02FB0133C00BD4E9019B16
:102BE00040EA434313936B685946013348466B6090
:102BF000FFF74CFD8046E089FDF7F8FC6D49FDF7D5
:102C0000FDFD6D491090FDF745FD0746208AFDF753
:102C1000EDFC6849FDF7F2FD39460F904046FDF79F
:102C2000E1FE002800F0EA80644B654AC4E9013205
:102C30004FF07E512960914698462F686149384689
:102C4000FDF7C6FE002840F054815F493846FDF785
:102C5000BFFE002840F050815C493846FDF7B8FEC1
:102C6000002840F04C815A493846FDF7B1FE002853
:102C700000F04881DFF85CA149464046FFF76EFE50
:102C80000F99DFF85481DFF85491FDF7F9FB834683
:102C900041465846FDF7BAFE002840F03681DFF87D
:102CA0004081DFF8389141465846FDF791FE0028F3
:102CB00040F031814FF082415846FDF7A7FE0028D1
:102CC00040F031814FF041415846FDF781FE002828
:102CD00000F027814FF041410F98DFF80091FDF798
:102CE000D1FB4FF00008834641465846FDF770FE81
:102CF000002840F01B81DFF8E48041465846FDF78C
:102D00007BFE002840F018812A495846FDF7C2FC96
:102D1000FDF7ACFE109920825046FDF7B1FB31491A
:102D20008046FDF773FE002840F00E812E49404694
:102D3000FDF74EFE002800F005812B491098FDF7A5
:102D4000A1FB2A498046FDF743FE002800F0FE80E3
:102D500026481849FDF79EFCFDF788FE2449E081CE
:102D60003846FDF735FE002800F00281214938463B
:102D7000FDF790FCFDF754FE1F4900F57A783846C0
:102D8000FDF788FCFDF772FE0FFA88F800F1C8071E
:102D9000BFB240F627239F42A4F80C8098BF40F6AC
:102DA000282703E1F4010020D3320020E4120020A0
:102DB000D812002000002041E4388E3E482D8D1BA3
:102DC000000E9E080AD7A33D8FC2F53D9A99593F40
:102DD0003333733F0000AF43000034430000B4437B
:102DE000000034C30000C0400000C0C000008243A7
:102DF000CDCCCC3D00A00C460080BB454846FDF73D
:102E0000F5FB5349FDF7FAFC524980460F98FDF750
:102E100041FC504981464046FDF73CFC20F0D8FD7E
:102E20004D49FDF737FC8246484620F0D1FD119010
:102E3000484620F065FF12905846FDF7D7FB4449FD
:102E4000FDF7DCFC119981463846FDF723FC424929
:102E5000FDF7D4FC4146FDF715FB3D49FDF71AFC93
:102E600025F04FFD1299606080463846FDF712FC50
:102E70004FF07E5107465046FDF7AAFD70B34FF064
:102E80007E513846FDF7BAFC4946FDF7FBFA30495A
:102E9000FDF700FC25F035FD0146A0608146404667
:102EA000FFF7F4FBD5F808A0074600215046FDF7D0
:102EB000ADFD48B151463846FDF7A0FC01464FF044
:102EC0007E50FDF7DDFA2860D5F800A000273946CE
:102ED0005046FDF77DFD18B12F60AEE65146D0E7B4
:102EE0004FF07E5739465046FDF790FD0028F3D14C
:102EF000A3E6DFF868A0BFE6DFF864A0BCE6DFF871
:102F000064A0B9E6DFF860A0B6E658464946FDF78A
:102F1000B7FA8346BCE658464946FDF7B3FA8346FE
:102F2000C1E65946D8E64FF08241D5E658464946B3
:102F3000FDF7A8FA8346D7E658464146FDF7A0FAC2
:102F40008346DAE64146F9E60849F7E6404600E7F7
:102F50008096184B35FA8E3C006CD947000091439F
:102F60000000964300005C44000082430000C04023
:102F700073493846FDF72CFD002800F0C38021F08E
:102F80001EFC4FF4FA73B0FBF3F202FB130000F5E2
:102F90001C501030A08121F012FCC823B0FBF3F2CA
:102FA00002FB130707F5EA570C37BFB294F81280FB
:102FB000E78140F282632382B8F1000F0CD06B6886
:102FC0001E22B3FBF2F102FB11332BB908F1FF38DB
:102FD0005FFA88F884F81280139B28686361FDF714
:102FE000F3F9A6230622CDE909320A22CDE90C0124
:102FF000B7FBF2F302FB1377BFB29BB2CDF82C8084
:1030000008970793B4F90C300693A3680593636897
:1030100004932368039300244A4B4B4902930322F1
:1030200023462046CDE9004421F0D3FBFFF702FD03
:10303000464823462246022105F01CFD50B1444B70
:103040000390CDE9014340490094234602222046E3
:1030500021F0BFFB3F4B1B78002B3BD03E4B1B7836
:1030600083B13E493E48022221F0C2FB50B13D4BA4
:10307000029300230390CDE900333349022218461E
:1030800021F0A7FB384B1B7883B13849384801221F
:1030900021F0AEFB50B1374B029300230390CDE9F2
:1030A000003329490222184621F093FB324B1B784A
:1030B00083B132493248012221F09AFB50B1314BA1
:1030C000029300230390CDE900331F4902221846E2
:1030D00021F07FFB34794FF47A735C434FF4004561
:1030E00040F2E73000214FF47A720023E4FB05013F
:1030F000FDF7DCFC024624480B4615B0BDE8F04F56
:103100001CF0C4BD0E493846FDF7BAF91F49FDF75A
:1031100075FB1F490746FDF7BDFAFDF781FC1D4908
:10312000C0F51C583846FDF7B5FAFDF79FFC08F1CD
:103130001008C0F5EA570FFA88F80C3728E600BFE8
:103140006666663F63AA0200F48D0200C88E020024
:10315000C2AA0200B6320020B9320020D3320020C9
:10316000008F0200EAAA0200B8320020F601002017
:103170003C8F02000FAB0200B7320020F7010020A5
:10318000788F020033AB020018070020CDCCCC3D75
:1031900000A00C460080BB45F0B585B00025204F4F
:1031A000204E214B2149029303222B462846CDE98C
:1031B000005521F00EFB39463046FFF7CFFB1C4C83
:1031C0001C4B1D49A760C4E900361C4BE360FDF7AA
:1031D00061FAFDF74BFC6423394620823046A37424
:1031E0006561FFF753FA164B00221A6098605D6024
:1031F000144B154AB3F900301370C3F3072353700F
:10320000FFF718FC114812491CF008FC114804F0A3
:10321000C9FC4FF0FF314FF0FF301DF08BFEF8E797
:10322000E7C8FF3AC809D40454AB0200F48D020089
:10323000E4120020D4C3B2A1000020410000540BCE
:10324000D8120020F4010020D332002018070020FB
:103250007D2B0000B52A00002DE9F04F85B0044613
:1032600021F0DAFAB0FA80F0C0F11F0004EB80061A
:10327000CD00D6F8109005F1040A0B4606358FB242
:10328000B9F1000F0BD1E268012181400A43E260ED
:10329000336124F80A70675305B0BDE8F08F4FEA38
:1032A000C906043634F806B04FEACB0808F1060820
:1032B00034F80830994511D00C4B02930023CDE926
:1032C000003318460A49012221F0B0FA002383F3A3
:1032D0001188BFF36F8F0423184602DF24F80AB069
:1032E00024F8059024F80870A753D5E78CAB0200AA
:1032F000D48D02002DE9FF4700EBC1030446B3F86B
:103300000680414502F104090CD1012303FA02F2BF
:10331000C36823EA0203C360002340F8293004B0E5
:10332000BDE8F087B3F804A04FEACA0706374FEAB2
:10333000C806C35B994206F1040602D1835B994239
:1033400011D000250B4B0293CDE900550A492B46BD
:103350000122284621F06AFA85F31188BFF36F8FA6
:103360000423184602DF44F8298024F8078024F853
:1033700006A0D4E78CAB0200D48D02001FB500EB91
:10338000C10304465B88DB070A460ED421F049FAE4
:1033900034F83030C01A814207D134F83110204659
:1033A000511A21F03EFA824211D00024094B0293B7
:1033B000CDE90044084923460122204621F036FA8F
:1033C00084F31188BFF36F8F0423184602DF04B023
:1033D00010BD00BFB0AB0200D48D02002DE9F04358
:1033E000884685B0002900F0908004680E1F361BC7
:1033F000F50826F0070604EB0609B9F8027017F085
:10340000010711D1424B0391CDE901734149009766
:103410003B460122384621F009FA87F31188BFF3B1
:103420006F8F0423184602DF2946204621F0F9F960
:1034300034F83030C01A854213D00027364B02933F
:10344000CDE900773349CDF80C803B460122384660
:1034500021F0ECF987F31188BFF36F8F042318462E
:1034600002DFA15B2046691A21F0DBF9A84213D0E4
:1034700000272A4B0293CDE900772649CDF80C802E
:103480003B460122384621F0D1F987F31188BFF37A
:103490006F8F0423184602DFB9F8023023F00103CE
:1034A000A9F802302946204621F0BBF904EBC003FD
:1034B00007465B88DA070CD401462046FFF75EFF1B
:1034C0003946204621F0C2F93A462946204621F0E5
:1034D00009FAA65BAE1B04EBC6035B88DB070DD4C1
:1034E00031462046FFF74AFF3146204621F0AEF92B
:1034F0002A463146204621F0F5F935462946204630
:1035000005B0BDE8F043FFF7A7BE05B0BDE8F08306
:1035100049AC0200D48D0200F9AB020022AC0200DB
:103520002DE9F04714464A4202EA010931EA020253
:1035300003461AD04A46042A4F4628BF0422A1EB6C
:10354000090909F1FF3A1AEA090F18D03549364A34
:1035500036484FF4F57321F071FA354821F06EFAD0
:1035600031484FF4F57121F060FA042904D821465E
:10357000BDE8F04721F0E7B900270422E1E71CB9D4
:1035800000252846BDE8F0871E68A9EB020204F07A
:10359000070302F007010B330B44E10801EBD201F2
:1035A00001EBD301B368994228BF1946304621F098
:1035B0005AF980460028E3D03D1D05EBC00535448F
:1035C0005544B5FBF9F509FB05F5ED1B2C442B1F04
:1035D00007349B1B24F00704A41BB0EBD30F4FEA66
:1035E000D3074FEAE40408D201463A46304621F0B8
:1035F0008FF941463046FFF72FFE3946304621F01D
:1036000010F9A04207D93046224621F081F921461F
:103610003046FFF721FE06EBC706738843F001032F
:103620007380AEE791AC02006EAC0200ACAC02005D
:10363000C9AC0200B2F5802F2DE9F8430ED33E4904
:103640003E4A3F4840F2DD2321F0F8F93D4821F0A1
:10365000F5F940F2DD21394821F0E7F9042A0CD8C8
:103660003949364A36484FF4397321F0E7F937487B
:1036700021F0E4F94FF43971EDE7043ACD1D11441E
:1036800025F0070521F00706A6EB0508B8F1170F8E
:103690004FEAD8070CD82E49284A294840F2ED2392
:1036A00021F0CCF9294821F0C9F940F2ED21D2E707
:1036B000B7FA87F4C4F12002C4F12404A40007344B
:1036C000E408631C4FF00009BB420560AF60C5F819
:1036D0000C900CD91F49194A194840F2033321F0C4
:1036E000ADF91A4821F0AAF940F20331B3E749468F
:1036F000920005F1100025F031F8A2B2530043F01A
:1037000001036B803B1B9BB205EBC4015800A5F87D
:103710000090488025F83420A6F8029025F808305B
:1037200005EBC70321465A8842F001025A80284619
:10373000BDE8F843FFF790BDE6AC02006EAC0200B6
:10374000ACAC0200FCAC020013AD020034AD0200D0
:103750004DAD020076AD020008B5024821F058F9DF
:10376000002008BDA9AD02002DE9F04F91B08407FB
:10377000009302F004030293C2F3C20303F10103B6
:10378000DDF868A0039205460E46059340F0C88117
:10379000041D002838D101F00706341DC6F10806C3
:1037A000009B4FF000085A1E04274FF0FF3301938F
:1037B000CDF81080C146C3463B460DB1009921604B
:1037C0000598002800F3C18094480099814203D3F2
:1037D00093488142C0F0B980039911F0020CA4EB28
:1037E000050040F0CB80B9F10F0F40F2CA808D493F
:1037F0008D4A8E4840F2812321F020F98C4821F037
:103800001DF940F28121B6E00729C9D86FF01B00ED
:1038100011B0BDE8F08F7A285AD84B280FD8472826
:1038200056D829282DD825284FD051D8202818BF60
:1038300023280CBF4FF0010B4FF0000B6EE04C380B
:103840002E2845D8DFE800F06A4444444444444408
:103850004444444447444444444444444454444712
:10386000475454546A4768446A4418471844447C8F
:103870007A47444447447A0000204FF0000B042765
:1038800034E02A38C0B2012101FA00F010EA0E0F2C
:1038900044D110F0625C2BD110EA010B3ED060469F
:1038A000013C3C44B4FBF7F47C4325B1A3EB050C8D
:1038B000A444B445AAD8002800F09780059901399E
:1038C00005915AF8041B009177E70199013901919C
:1038D0004FF0000B22E012F8010C6C2832D112F8E4
:1038E000023C00206C2B8346C9D108273B46D7E712
:1038F0000AF1070A2AF0070A0734FAE802BC24F0A2
:10390000070435B106982044B0423FF67FAFC4E9C2
:1039100000BC08344FF0000B08273B4612F8010F9B
:10392000002800F08980BBF1000F7FF474AF2528D8
:10393000F4D1019B013301934FF0010B0427ECE715
:1039400058469AE700208346AAE7039988072FD5AF
:10395000601B4FF0010CB0F5007FFFF444AF31491C
:10396000314A32484FF41F7321F068F8314821F092
:1039700065F84FF41F712C4821F057F84FF0000CF8
:10398000E9E705B309F140010DEB010EC0F3870033
:1039900001990EF8200C0EF8101CBCF1000F0ED08F
:1039A00060F07F000EF8200C08F1010809F1010910
:1039B000C5F10801043406914FF6DA7EAEE70498AB
:1039C00001300490F2E7BCF1000F01D00136EDE7C1
:1039D000029802360028E9D10098CDE90632FDF7B9
:1039E00087F8DDE906320644E0E7042B08D10AF146
:1039F000040015B1DAF800102160043482468DE726
:103A00000AF1070323F0070303F1080A1DB1D3E904
:103A10000001C4E90001083408237FE7848902001B
:103A200078F7020040E70200E4AD0200ACAC02000F
:103A300033AE020012AE0200631BB3F5806F0CD3ED
:103A400039493A4A3A4840F2D22320F0F7FF394840
:103A500020F0F4FF40F2D2218DE71DB9A6F1080451
:103A6000E018D5E6029A28609B082B709DF810306C
:103A7000BAB1EB7085F80280B8F1000F05D008A844
:103A80000022C5F1010791450DD1C5F1010308AF31
:103A90004FF0000A01930DF1300BD14512D1601B9C
:103AA000B6E66B70E6E710F8013B190608D507EBA0
:103AB000040CB44503F07F033FF6A8AE04F8013BC5
:103AC0000132E0E7B8F1000F03D097F90020002A97
:103AD00016DB029BC3B11AF80B2004F8012B00225D
:103AE000019B18191044B0423FF690AE387804F8A4
:103AF000010B00990392204624F009FE039A144416
:103B00000AF1010A0137C8E73A7855F822300093E4
:103B1000029B45F822300098FCF7EAFF421CDFE7E1
:103B20006FF00D0074E600BF40E70200E4AD020054
:103B3000ACAC02004DAE0200014B1860704700BFF4
:103B4000000200202DE9F84F05460846AB8B190707
:103B5000904616D501280CBF43F0100343F0200314
:103B6000AB83143528461DF053FC002840F0B1818A
:103B7000AE49AF4AAF484FF4997320F05FFF294632
:103B80009DE0022803F0070140F07D81284620F0E7
:103B90007DFF052800F2FA8001A353F820F000BF52
:103BA000633B0000873E00008D3D0000313C00007B
:103BB000CB3C00002B3D000002F00702531F012BFD
:103BC0001AD80023062A2E68A4B2C5E9003309D109
:103BD000334603E0EA8B0132EA831B68002BF9D1FC
:103BE00044F00204AC83284620F050FF002800F087
:103BF0005A8144F0200455E1042A0DD1A4B2AC83CB
:103C0000284620F043FF0646002800F04C8144F08F
:103C10002004AC83002646E18749884A854840F263
:103C20001B1320F00BFF40F21B11844820F0FDFE17
:103C300049B18349814A7F484FF4AB7320F0FEFEBF
:103C40004FF4AB71F1E72B684BB97E497B4A794859
:103C500040F2571320F0F2FE40F25711E5E72B69CE
:103C60001F684FB97849754A72484FF4AD7320F018
:103C7000E5FE4FF4AD71D8E7AC8B24F0070444F0B7
:103C80000604A4B2AC830E468A464FF00609AB6820
:103C9000002B00F00F814FF0010B44F00804AC83BF
:103CA00005F1140420461DF0B3FB002878D15F49CC
:103CB0005F4A60484FF4997320F0C0FE2146634884
:103CC00020F0BCFE4FF499718EE0022909D06049C2
:103CD0005A4A584840F25D1320F0B0FE40F25D11A0
:103CE000A3E7EE8B4EB15B49544A52484FF4AF7391
:103CF00020F0A4FE4FF4AF7197E72B695F684FB9CE
:103D000051494E4A4B4840F2611320F097FE40F271
:103D100061118AE7AC8B24F0070444F00404A4B2D8
:103D2000AC83B2464FF00409B1E7012909D04A49F2
:103D3000424A40484FF4B27320F080FE4FF4B27113
:103D400073E72B684BB93F493C4A3A4840F2651348
:103D500020F074FE40F2651167E72B699F684FB948
:103D60003949364A33484FF4B47320F067FE4FF4B4
:103D7000B4715AE7AC8B24F0070444F00504A4B2F4
:103D80000026AC83B2464FF0050980E72A492B4A4A
:103D9000284840F26B1320F051FE40F26B1144E7CB
:103DA00088F31188BFF36F8FBBF1000F1ED1002E77
:103DB00033D117B129492846B847EFF3118820239A
:103DC00083F31288BFF36F8F20461DF013FB00288A
:103DD0004AD1174A22491748842320F02FFE214652
:103DE000204820F02BFE842111481FE7A9680029F4
:103DF000DDD0D1F800800029D9D0D1F804B05346E5
:103E00004A462846D847B8F1000F04D0D8F8003009
:103E100041469846EFE74346FAE7314653464A465D
:103E20002846366820F05EFEC1E700BF53AF0200AF
:103E300026AF0200ACAC020040E7020080AE0200F8
:103E4000A5AE0200B1AE0200D4AE02006AAF02001D
:103E5000EBAE020001AF020010AF0200E13E000035
:103E60007FAF020094AF020020461DF0E7FAAC8B52
:103E700024F00804A4B2AC83E20621D524F0100398
:103E8000AB8304F00701D5F818A0AA8BBAF1000F94
:103E900022F00704BFF690AE00232E68C5E9003378
:103EA00044F00104AC8304F0070989454FF0000792
:103EB0007FF4EDAE0EB9002FDED04FF0000BECE634
:103EC000A3067FF54EAE24F02003AB8304F0070178
:103ED0005CE688F31188BFF36F8FBDE8F88F00BFF1
:103EE000F8B504460D4600F11406EFF311872023C0
:103EF00083F31288BFF36F8F30461DF07BFA68B9E9
:103F00000C4A0D490D48842320F098FD0C48314699
:103F100020F094FD0748842120F087FD30461DF0F5
:103F20008DFAA5613A4620460121BDE8F840FFF729
:103F300009BE00BF26AF02007FAF0200ACAC02009A
:103F400094AF02002DE9F04704460E4620F0BAFD7A
:103F5000051E66DB04F11409EFF3118A202383F3B5
:103F60001288BFF36F8F48461DF044FA804660B94F
:103F7000374A38493848842320F060FD494637489D
:103F800020F05CFD8421324843E048461DF056FA9B
:103F9000E38BA78B4FF6FF72934207F0070743D0DE
:103FA000062F2CD8DFE807F01F43092B1F041F0042
:103FB0006FF085054FF0000802E00133E38302252E
:103FC00048461DF025FA002834D1214A24492248C8
:103FD0004FF4997320F032FD4946224820F02EFD1F
:103FE0004FF49971CFE700233360636823B9C4E9C4
:103FF000006687B13D46DDE71E606660F9E71A4955
:1040000015481A4A4FF4E47320F018FD17484FF48E
:10401000E47120F00AFD524602212046FFF792FD8E
:104020003D462846BDE8F0876FF00A05C2E76FF00D
:104030000405BFE78AF31188BFF36F8FB8F1000F53
:10404000EFD000233A463146204620F04BFDE8E70A
:1040500026AF02007FAF0200ACAC020094AF0200BA
:1040600053AF02006AAF020010AF020080AE020040
:10407000F8B5054600F11406EFF31187202383F30A
:104080001288BFF36F8F30461DF0B4F960B9264A2D
:1040900026492748842320F0D1FC3146254820F0CA
:1040A000CDFC842120482BE030461DF0C7F9AC8BB5
:1040B00004F00704022C17D0012C0CBF6FF004048D
:1040C0006FF0850430461DF0A3F938BB164A1A4933
:1040D00017484FF4997320F0B1FC3146174820F08F
:1040E000ADFC4FF49971DDE7EB8B5BB914491048D7
:1040F000144A40F2EF1320F0A1FC124840F2EF11F5
:1041000020F093FC013B9BB2EB83002BDAD13A46C3
:1041100021462846FFF716FD2046F8BD87F3118893
:10412000BFF36F8FF8E700BF26AF02007FAF02003A
:10413000ACAC020094AF020053AF02006AAF0200C1
:10414000AAAF020080AE02002DE9F0410F460546FD
:10415000002850D000294ED000F11406EFF311884A
:10416000202383F31288BFF36F8F30461DF042F98E
:1041700060B9224A22492348842320F05FFC31465B
:10418000214820F05BFC84211C4817E030461DF0DC
:1041900055F939462846AC8B20F05DFC80B104F01F
:1041A0000704231F022B0DD918491648184A40F25C
:1041B0002D2320F043FC164840F22D2120F035FC41
:1041C0006FF0770430461DF023F968B90B4A1149A6
:1041D0000C484FF4997320F031FC31460E4820F022
:1041E0002DFC4FF49971CFE788F31188BFF36F8FDF
:1041F0002046BDE8F0816FF01504F9E726AF020014
:104200007FAF0200ACAC020094AF0200B8AF020076
:1042100080AE020053AF02006AAF020008B54268E8
:10422000816002F00302032A03460AD06AB90849F2
:104230000848094A452320F001FC0748452120F0A1
:10424000F4FB006800225A6008BD0020FAE700BFB6
:1042500040E70200ACAC02002FB0020008B558B92C
:1042600007490848084A40F2351320F0E7FB0648A2
:1042700040F2351120F0D9FB4368587908BD00BFE2
:104280008DB00200ACAC020055B0020010B548B9C8
:1042900008490948094AA02320F0D0FB0748A0217B
:1042A00020F0C3FB03681B6913B1BDE81040184739
:1042B000184610BD8DB00200ACAC020055B0020033
:1042C0002DE9F84FDFF8ECA0DFF8EC80AAEB08034B
:1042D0008F2B81460F460BD93849394A394840F26D
:1042E000531320F0ABFB40F25311354820F09DFBF7
:1042F000354820F036FC064650B3BDE8F88F237BE6
:104300008BB12368DB680BB1204698476368204671
:1043100083F806B0FFF7BAFFB0B9636804221968E2
:10432000204620F043FC01361034544515D9274966
:10433000234A244840F25F1320F080FB244820F0F9
:104340007DFB40F25F11D0E70BFA06F31D43EAE76D
:10435000444605464FF0010BE7E7D0D3B9F1000F13
:10436000CBD04FF00109002DC7D02E4695FAA5F409
:10437000B4FA84F409FA04F308EB04146FEA030AAC
:1043800025EA0305237B5BB12046FFF77FFF38B9A1
:10439000636804221968204606EA0A0620F006FC33
:1043A000002DE3D127B14FF4A47000211CF0C2FD11
:1043B0003546D8E70C8E0200FC8D0200D1B0020019
:1043C000A4B00200ACAC02000413002001B1020052
:1043D00022B10200014B53F820007047C88F020041
:1043E00008B5034608462BB1044A136000F0EAFA08
:1043F000002008BD6FF01500FBE700BF0802002099
:10440000144A1548002310B51370144A1360144A57
:104410004FF400411360FFF7E3FF124B12491846B7
:104420008B4215D91149124A124840F22B1320F041
:1044300005FB114820F002FB0D4840F22B1120F043
:10444000F4FA1A1A5C681211013222711033E7E78C
:10445000F7D310BDD53200205F4B0200FC120020C4
:1044600000130020FC8D02000C8E020001B102003E
:10447000A4B00200ACAC020022B1020070B5134D32
:10448000297811BB0120FFF71BFF114C114EB442DC
:1044900018D91149114A124840F2CF1320F0CEFA30
:1044A000104820F0CBFA0D4840F2CF1120F0BDFAB1
:1044B0002046FFF7D3FE18B1236820469B68984733
:1044C0001034E4E7F4D301232B7070BDD532002003
:1044D000FC8D02000C8E020001B10200A4B00200AB
:1044E000ACAC020022B1020010B50446084820F02E
:1044F00038FB5CB1BFF35B8F064B53E8001F0139FB
:1045000043E80012002AF8D1BFF35B8F10BD00BF53
:10451000FC1200200013002070B5154B1B680546E7
:104520009847A860134BBFF35B8F1B68BFF35B8F8B
:10453000114C124EB44219D91149124A124840F294
:104540000A2320F07BFA114820F078FA0D4840F257
:104550000A2120F06AFA2046FFF780FE20B1236886
:1045600029461B68204698471034E3E7F3D370BD13
:104570000802002004020020FC8D02000C8E0200C4
:1045800001B10200A4B00200ACAC020022B10200F2
:10459000044A054B9B1AB1EBD30F34BF52F83100DC
:1045A00000207047F48C0200FC8D02002DE9F04FD2
:1045B00087B004AFD7E90EBA3E6B0546884614466D
:1045C0009946BBF1000F2CD0C7F804A0CDF800A08D
:1045D0007A6B5B4610210020FFF7C6F800280BDA43
:1045E00029492A4A2A484FF4B47320F027FA4FF495
:1045F000B471264820F019FAB0F5006F014612D3C5
:1046000040F2FF730393234B02930023CDE9003361
:1046100021490222184620F0EBFA0C37BD46BDE8CE
:10462000F08F5946584604F0070205F00704E400ED
:1046300044EA821444EA402444EA065417360E44FD
:1046400026F00706ADEB060D04ADBBF1000F13D04D
:10465000CDF800A07A6B5B4605F11000FFF784F8F7
:10466000002809DA0849094A094840F28D1320F068
:10467000E5F940F28D11BCE74B46224641462846FB
:1046800020F09DFAC9E700BF7AB102004EB10200E6
:10469000ACAC020084B102009C8D0200406820B1E5
:1046A000034BC01A40F3CF0070474FF0FF30704704
:1046B000F48C02000EB403B503AB014653F8042B8F
:1046C0000448019301F0B8F902B05DF804EB03B0BF
:1046D000704700BF2D4C0200CA0605D48B064CBFA4
:1046E00002490349FFF7E6BF704700BF79E90200BE
:1046F000BCB102002DE9F04F89B004469DF850701E
:10470000DDF858A0DDF8608005920D469946002F2F
:1047100000F0AC80914B042FDB5D06930BD99049E0
:10472000904A91484FF4187320F088F94FF41871AB
:104730008C4820F07AF908F48073079320F034FA5B
:1047400008F0020B024600285DD088492046FFF79A
:10475000B1FF0646BBF1000F08D018F0440F54D14A
:1047600083492A462046FFF7A5FF064408F00103C7
:1047700053B1804B804953F82720804B2046002AB4
:1047800008BF1A46FFF796FF08F48073002B08F065
:10479000080318BF4FF00009002B62D0784B79490D
:1047A00053F827202046FFF785FF0546059B2BB1D0
:1047B00075491A462046FFF77DFF0544B9F1000F01
:1047C0000CD0069B002B4FD07049714B042F18BFA3
:1047D00019464A462046FFF76DFF05446D483544AB
:1047E000159B002B48D06C49224620F0DCF80028AD
:1047F00042DA6A495B4A5C4840F2BD2320F01EF968
:1048000040F2BD2194E70646A4E7654B18680028EE
:10481000ABD0644B4FF47A7B1B68B5FBF3F54FF4D8
:104820006163B5FBF0F100FB11550BFB05F54FF093
:104830003C0CB1FBF3F203FB1211B5FBF0FEB1FB34
:10484000FCF300FB1E550CFB13110BFB05F500914F
:10485000B5FBF0F55449CDE901E52046FFF72AFF05
:1048600083E708F00805A1E74949B2E7012B0CBF2F
:1048700048484E483D46B3E7179B002B54D0DDF81F
:104880005C904146B9F1100F204628BF4FF0100947
:10489000FFF722FF0026B54218DC002633461AF83F
:1048A000032043492046FFF705FF0136102E13D0A1
:1048B000720703D13F492046FFF7FCFEB14533465E
:1048C000EDD83D492046FFF7F5FEEEE73949204691
:1048D000FFF7F0FE0136DEE7384920460026FFF7F5
:1048E000E9FE33461AF803203549A2F120035F2B75
:1048F00028BF2E222046FFF7DDFE0136102E0DD0F8
:10490000730703D12B492046FFF7D4FEB145334648
:10491000E8D828492046FFF7CDFEEEE7179BB3EB1A
:104920000903CA441793AAD15FB118F0010F04D04C
:10493000124A11492046FFF7BDFE41462046FFF7C7
:10494000CBFE6268A1682068D2E9002320F060F9FC
:10495000636800221A6009B0BDE8F08F31F40200EC
:10496000FCB10200CDB10200ACAC020007B2020003
:104970000BB20200D88F02004EC40200BFB1020089
:10498000EC8F020030B2020036B20200C4B1020065
:10499000C8B102002D4C0200395A00003AB20200A0
:1049A0000C1300200813002014B20200494C02002E
:1049B00043B202004BB2020049B202004DB2020003
:1049C0004FB20200074A00210123904206D8064A4E
:1049D00001B901231360054B1860704740085B0064
:1049E0000121F2E740420F00081300200C130020C1
:1049F000F8B5074F0D4604464618B44201D1284683
:104A0000F8BD14F8011BBB6801485B689847F4E7E0
:104A10008C8A020010B543681C68094822F031FBFB
:104A200048B908490848094A992320F007F8074877
:104A300099211FF0FAFF23685B685C6010BD00BF1E
:104A40008C8A0200B0B20200ACAC020072B202006A
:104A5000014B0360002070473490020010B5DFF86E
:104A600024C086B04FF42814CDE904C4082402946D
:104A700004AC0194BDF82040009421F06EFC06B017
:104A800010BD00BF1800280080B505460E46174629
:104A900098461CF04BFB034600F0A8FDDFF83C9065
:104AA000044649F80030424639463046A8470C4B88
:104AB0001B7873B90B490C4A0C4840F246331FF07F
:104AC000BDFF0B481FF0BAFF074840F246311FF008
:104AD000ACFF54F8090000F025FD00BF08000000FD
:104AE000163400200FB30200E4B20200ACAC0200A6
:104AF00022B3020008B50348034A0021121A20F02D
:104B000049F908BD18070020183400200748084A52
:104B1000084908B5121A20F03FF90748074A084922
:104B2000BDE80840121A20F037B900BF000000208D
:104B30001807002078F70200000000200000002085
:104B400078F7020070B5064686B00D46002938D0C9
:104B50008B6805934B6804930B6803930024244BE4
:104B600024490293012223462046CDE9004420F047
:104B700015F96B6905932B690493EB6803931E4B3E
:104B80001C490094CDE9014301222346204620F030
:104B900005F9EB690393194B16490094CDE90143DC
:104BA00001222346204620F0F9F8AB690393144B09
:104BB00010490094CDE9014301222346204620F00C
:104BC000EDF8012E0DD1EFF30583103B03930D4B50
:104BD00002930023CDE9003306493246184620F0FF
:104BE000DDF82946304606B0BDE8704019F04CBAF1
:104BF00044B30200CC8D020073B30200A2B30200E2
:104C0000B1B30200DFB3020030BFFFF7FDBF00BF4A
:104C10002DE9F0410B4EDFF8308006EB0807CC1B86
:104C2000054632460949204623F071FDA019424647
:104C30000021083C23F092FD2C6707F10800BDE835
:104C4000F08100BF00000000080000000C8E020090
:104C50002DE9F04385B00024564B0293CDE9004482
:104C6000234680468946204653491646012220F0B5
:104C7000B0F8524B9B6AD80640D5514B0094CDE911
:104C80000143204623464C49012220F0A2F811247A
:104C90004A4B9B6A19070AD54A4B02930023CDE978
:104CA000003345490122184620F093F81224434D61
:104CB000AB6A9A0724D50024434B0293CDE9004404
:104CC00023463D490122204620F083F86F6BAB6AF2
:104CD0001B0659D53D4B38490397CDE90143009454
:104CE00023460122204620F074F8B9F1000F03D0CA
:104CF000AB6A23F08003AB62132403E01024C7E700
:104D00006FF015072D4B9B6AD8070AD5304B0293DD
:104D10000023CDE9003328490122184620F059F834
:104D20001424264B9B6A99060AD52A4B029300232A
:104D3000CDE9003320490122184620F04AF8152415
:104D40001E4DAB6ADA0602D4AB6A9B070AD56B68C4
:104D5000180507D54146384600F09AFBB8B180F3F4
:104D600009880224154B9A6A920642BF5A6A22F4B5
:104D700000525A629A6A42F0FF029A622046002369
:104D8000337005B0BDE8F0836FF01507B4E7AB6A88
:104D9000D906E7D51049114A114840F227131FF0F0
:104DA0004DFE10481FF04AFE0C4840F227111FF03C
:104DB0003CFE00BFF2B30200CC8D020000ED00E02B
:104DC00008B402003BB402004EB4020066B4020014
:104DD0007CB402009BB40200FCB40200CAB402001E
:104DE000ACAC020046B502001FB50024374B02935D
:104DF00001222346CDE90044354920461FF0E9FF52
:104E0000344B9B6A9A015ED5334B31490094CDE90E
:104E100001432046234601221FF0DBFF1E202D4BBD
:104E20009B6ADB010AD52D4B029300231846CDE97E
:104E30000033274901221FF0CCFF1F20254B9B6A1E
:104E40001C030AD5264B029300231846CDE90033F4
:104E50001F4901221FF0BDFF21201E4B9B6A5903F1
:104E60000AD5204B029300231846CDE90033184998
:104E700001221FF0AEFF2220164B9B6A9A030AD52F
:104E8000194B029300231846CDE900331049012243
:104E90001FF09FFF23200F4B9B6ADB030AD5134BA8
:104EA000029300231846CDE90033094901221FF07F
:104EB00090FF2420074A936A6FEA03436FEA134383
:104EC000936204B010BD1D20A9E700BF69B50200C0
:104ED000CC8D020000ED00E081B5020094B5020027
:104EE000AEB50200CCB50200F1B502000BB602006F
:104EF000F0B585B00024434B0293CDE9004423462E
:104F000007460E460122404920461FF062FF3F4BF4
:104F10009B6ADB0465D53E4B3B490094CDE90143D8
:104F20002046234601221FF054FF1720374B9B6A6F
:104F30001D050AD5374B029300231846CDE90033EF
:104F4000314901221FF045FF1820304DAB6A9C0506
:104F50001FD50024304B0293012223462046CDE981
:104F6000004429491FF035FFAB6BAA6A10040FD526
:104F700003932A4B24490094CDE90143012223469F
:104F800020461FF026FF1FB1AB6A23F40043AB623B
:104F900019201E4B9B6A59050AD5214B0293002309
:104FA0001846CDE90033184901221FF012FF1A20DC
:104FB000164A936A13F4807315D01A4B0293002398
:104FC0001846CDE90033104901221FF002FF1B20D3
:104FD0000E4A936A43F47F4393620023337005B013
:104FE000F0BD1620A2E7926A9204F1D50E4A064956
:104FF0000093CDE90132184601221FF0EAFE1C2081
:10500000E6E700BF36B60200CC8D020000ED00E0FE
:105010004CB602003BB402005DB6020076B6020058
:105020008BB60200A6B602009BB402002DE9F04147
:105030008D4B0446586890B0C0F30806002383F3F4
:105040001188BFF36F8F02F07F45B5F17F4F0CD110
:1050500002F00C05082D17D1844A85490093CDE94B
:105060000132184601221FF0B4FE8249824A834869
:1050700040F21B431FF0E2FC81481FF0DFFC40F2CE
:105080001B417D481FF0D1FC120746BF0C461D4650
:105090000125002CE9D00027F31E8DF81F70092B85
:1050A00000F2CA80DFE803F005BEC2A1C8C8C8C8C4
:1050B000C8C6744B6E49DFF8B0810097CDE9017323
:1050C0000023012218461FF084FE8DF81F70D8F8C7
:1050D0002C6016F0020604D06B4B0097CDE90173EB
:1050E00007E0D8F82C30002B0BDA684B0096CDE99E
:1050F000016300235E49012218461FF06AFE002268
:1051000039E0D8F82C305B007FD5614B58490096C8
:10511000CDE901630122334630461FF05AFED8F82C
:105120001430A26943F48073C8F81430BFF34F8F72
:10513000BFF36F8F32F8023CD8F8142022F480724B
:10514000C8F81420BFF34F8FBFF36F8F03F47F4273
:10515000B2F55F4F2FD1DBB2022B2CD12368039322
:105160004C4B43490096CDE901630122334630465A
:105170001FF02FFE22689DF81F30CBB908AE04F156
:10518000200720686168334603C30834BC421E46CA
:10519000F7D10F9B002D63D0C3F3080121B96FEA4B
:1051A00053236FEA43230F9308A91046FFF7CAFC65
:1051B00010B0BDE8F0812C4B9A6AD2B23AB10DF131
:1051C0001F0201212046FFF743FD0246D3E79A6AFA
:1051D00012F47F4F05D00DF11F010120FFF788FE6B
:1051E000F3E79B6AB3F5803F02D3FFF7FDFDECE7E1
:1051F0002949214A214840F2ED231FF01FFC27488E
:105200001FF01CFC40F2ED213BE723491A4A1B48E2
:105210004FF43C731FF012FC21481FF00FFC4FF4B9
:105220003C712EE70DF11F020021CBE70DF11F01AC
:105230000020D3E71B4B50E71B4A1C4B0C4910F4D2
:10524000F87F08BF1346103ECDE90336184B029392
:105250000023CDE90033012218461FF0BAFD4EE7C6
:105260006FF308039FE700BF00ED00E0ECB602001B
:10527000CC8D020017B70200CAB40200ACAC020029
:105280002AB7020068B702007FB70200A0B7020089
:10529000AEB70200CDB7020040E70200E9B7020056
:1052A0000DB802003DB80200BEB60200D3B602003F
:1052B00061B80200044B5A6942F010025A615A69FF
:1052C00022F008025A61704700ED00E0EFF3088019
:1052D000EFF3098101B57246FFF7A8FE01BD00BFDB
:1052E0000B4880F3088817F073FE202080F31188A4
:1052F00008484FF40461401880F30988EFF31480E4
:105300000221084380F31488BFF36F8F00F088F800
:10531000C05A0020004900201EF0040F0CBFEFF31C
:105320000880EFF30980816911F8021C0229FFD07F
:1053300001B572461FF042FD01BD00BF40B200281A
:1053400007DB044A4109012300F01F00834042F8B3
:105350002130704700E100E040B200280CDB430937
:10536000064900F01F0020330122824041F823202B
:10537000BFF34F8FBFF36F8F704700BF00E100E0B6
:10538000054B420900F01F0053F82220012303FAC5
:1053900000F01040704700BF00E100E038B54B1C42
:1053A000072B04460D460FD9114A124912486B23A8
:1053B0001FF044FB11482946072322461FF03EFBFD
:1053C0000B486B211FF031FB40B20028ACBF00F14D
:1053D00060400B4A4FEA4313B8BF00F00F00DBB246
:1053E000AABF00F56140135480F8003338BD00BFF8
:1053F00074B80200ABB80200ACAC0200C6B8020040
:1054000014ED00E0044B054A23F07F039360BFF3E3
:105410004F8FBFF36F8F70470000000000ED00E07A
:1054200008B5FFF7EFFF0B4AD2F8883023F470037A
:10543000C2F88830EFF3148323F0040383F3148855
:10544000BFF36F8FFFF756FBFFF760FB00F0B0F87C
:1054500018F068FF00ED00E042F8203C009B42F8A5
:105460001C3C0A49019B42F8183C029B42F8143C40
:1054700021F001014FF0807342F8043C42F8081C0F
:105480000023203A02654367704700BF894A000045
:10549000094A0346906870B113F1160F006E05D0EB
:1054A000A0F14002934205D3834203D2814228BF38
:1054B0000020704700207047AC2B002008B515462F
:1054C0000B4A0C4B9060026F1A600E4600F0A0F879
:1054D0002C4686F309880020034B9847204600217C
:1054E00000220023014C2047014E0200894A00009F
:1054F000AC2B002034130020014B10221A6170479E
:1055000000ED00E0054B5A699B689A421FBF044AB0
:10551000536843F080535360704700BFAC2B0020AA
:1055200000ED00E0084B9B6883420BD1EFF305834D
:1055300043B1064B5A6842F080525A605A6A22F4CC
:1055400000425A621AF064BEAC2B002000ED00E06D
:1055500014498A684FF030001044EFF3098C80E85A
:10556000F01F202080F31288BFF36F8F0E4F4FF093
:1055700000664A698A603E60106F0C4C2060506F74
:105580000023536780F3118804B5104600F040F8FB
:10559000BDE8044002F1300090E8F01F8CF3098868
:1055A00070470000AC2B002004ED00E03413002015
:1055B000044800232021C2180133302B82F8001345
:1055C000F9D1704700E100E008B5EFF30583064A22
:1055D000103B02EBC30152F8330049688847BDE82D
:1055E0000840FFF78FBF00BFC48A0200014800686F
:1055F0007047000034130020024B034A0348012186
:1056000000F096B80000042000000020C0900200C6
:10561000036E054A403B1360044B4021C2E901136D
:105620001046012100F0AAB83813002000000B1525
:105630001FB5144AD2F89030C3F30723013B9842B8
:105640000FD9114B029300230390CDE90033184684
:105650000E4901221FF007FC6FF0150005B05DF840
:1056600004FBC2F898000B6823F01F03034343F0C8
:105670001003C2F89C308B6843F00103C2F8A030DD
:10568000ECE700BF00ED00E00AB90200B48D0200B3
:10569000F0B50E4689B01F4604460025B54212DA21
:1056A000606838B3BFB1431E18420FD0134B02934A
:1056B0000023CDE9003312490395012218461FF05B
:1056C000D2FB6FF01502104609B0F0BD1F28EDD9CE
:1056D00021680B42EAD1236805931FF0B4FBA3684D
:1056E00005A90343D0B20793FFF7A2FF10F1160FED
:1056F000E7D0421C01350C34D0E700BF30B90200BE
:10570000B48D0200044B0522C3F89420BFF34F8FE1
:10571000BFF36F8F704700BF00ED00E0BFF35F8FF6
:10572000024B0022C3F89420704700BF00ED00E058
:1057300038B50D4D01232A780C46FFF7A9FF2870D4
:1057400016300FD1094A0A490A4840F289131FF05E
:1057500075F9094821461FF071F9044840F2891192
:105760001FF063F938BD00BFD732002056B90200E0
:1057700040E70200ACAC020085B9020010B5144A43
:10578000002312780C46FFF783FF10F1160F08D0A4
:10579000104A0021D2F89030C3F30723984210DB5F
:1057A00010BD0D4A0D490E484FF4D4731FF046F951
:1057B0000C4821461FF042F907484FF4D4711FF0FE
:1057C00034F9C2F89800C2F8A0100130E2E700BF37
:1057D000D732002000ED00E056B9020040E7020099
:1057E000ACAC0200B1B902002DE9F04F834C844902
:1057F000D4F890300D68C3F307239D4285B013D9C8
:10580000804A8149814840F202231FF017F9D4F8F9
:1058100090207F482946C2F307221FF00FF940F27B
:10582000022178481FF001F9FFF778FF496800224C
:10583000954201F10C012DD1764F774C3D706846B1
:10584000FFF706F9754D764E81464FF00008C145C9
:1058500033D13B7869490020D1F89020C2F3072268
:105860009342C0F2C180FFF74DFFD1F8903003F4AE
:105870007F43B3F5006F00F0BD806A49614A634819
:1058800040F27D231FF0DAF867481FF0D7F840F2A6
:105890007D21C6E7C4F8982051F80C3C23F01F0383
:1058A000134343F01003C4F89C3051F8043C43F018
:1058B0000103C4F8A0300132BAE7009A02EB0813E2
:1058C0004FEA0811D3F80CA00AEA0400B0F5000F63
:1058D00066D00BD8B0F5001F3CD0B0F5800F52D089
:1058E000B0F5801F16D008F10108B0E7B0F1007FD5
:1058F00061D0B0F1805F69D0B0F1807FF3D198685A
:10590000D3F804A052581FF09EFACDE901A240F04E
:1059100088700BE09868D3F804A052581FF093FAEF
:10592000CDE901A240F0885040F43020039038784F
:1059300001A9FFF77DFE002852DA3349314A334886
:1059400040F235231FF07AF838481FF077F840F21C
:10595000352166E79868D3F804B052581FF073FAFF
:105960001AF0010F40EA0600CDE901B20390DED043
:105970002F49244A254884231FF060F82D481FF042
:105980005DF884214DE79868D3F804A052581FF0C1
:105990005AFA40F0C060CDE901A240F40030C5E7FA
:1059A0009868D3F804A052581FF04DFACDE901A22F
:1059B00040F08270BAE79868D3F804A052581FF0FC
:1059C00042FACDE901A240F48020AFE79868D3F80D
:1059D00004A052581FF037FACDE901A22843A5E7E9
:1059E0003B7801333B707EE7C1F89830C1F8A000E6
:1059F000013331E7002005B0BDE8F08F00ED00E095
:105A0000CC90020056B9020040E70200ACAC0200A4
:105A1000DEB90200D73200200000F0FF00000211C2
:105A20000000081191BA0200E1BA020067BA020050
:105A300012BA020038BA0200F0B587B007460E4627
:105A400014460021102268461D4622F087FE0223DC
:105A50008DF802302A46054B019321466846CDE970
:105A600004761DF0CBFC07B0F0BD00BF874E0200EE
:105A700008B5024B1B689847002008BD441300205E
:105A8000034B044A1860937843F002039370704705
:105A9000441300202C02002008B50649064821F0D6
:105AA0000701C1F1005202F58022FDF7C3FD00207D
:105AB00008BD00BF1F6F00204813002008B509482B
:105AC0004FF0FF324FF0FF3318F072FE48B1064935
:105AD0000648074A7F231EF0B1FF05487F211EF0CC
:105AE000A4FF08BD3C0200204BBB0200ACAC02008E
:105AF00011BB0200014818F023BF00BF3C02002088
:105B000038B50546FFF7DAFF08482A460821FDF7B1
:105B100007FD044628B925B1FFF768FD044B0C22A8
:105B20001A50FFF7E7FF204638BD00BF481300209A
:105B30000C00000010B50446FFF7C0FF21460348E3
:105B4000FDF74CFCBDE81040FFF7D4BF4813002020
:105B500070B5A0FB015434B92846FFF7D1FF0646C3
:105B600040B9304670BDFFF741FD054B0C221A507D
:105B70000026F6E72A46214622F0F0FDF1E700BFB5
:105B80000C00000070B54169867A0B4D044659B18E
:105B9000437ADB0706D42C2303FB06535B6A1B689E
:105BA0009B689847002363612C20214600FB065028
:105BB000BDE8704021F0DCBAE4050020024B2C2245
:105BC00002FB0030704700BFE4050020827A064BDC
:105BD0002C2101FB02339A6A1B7F1B33801A23F0AE
:105BE0000303B0FBF3F07047E405002038B5074B22
:105BF000827A2C2404FB02335B6AD3E901240C6013
:105C00001568FFF7E3FF04FB005038BDE4050020F2
:105C100008B543684BB107490748084A63231EF09B
:105C20000DFF064863211EF000FF03824369C36035
:105C300008BD00BF7EBB0200ACAC020059BB020035
:105C40002DE9FF4705466846039117461C4621F09B
:105C50007EFBDDE9008955B95C495D4A5D484FF43A
:105C600085731EF0EBFE4FF48571594818E005F17D
:105C70001406EFF3118A202383F31288BFF36F8F8A
:105C800030461BF0B7FB68B9534A54495148842346
:105C90001EF0D4FE314652481EF0D0FE84214E48FC
:105CA0001EF0C3FE30461BF0C9FB6B8B002B5AD095
:105CB0002A8B9A4239D900220023284619F068F825
:105CC0000446002831D030461BF0A2FB68B9424A96
:105CD000444940484FF499731EF0B0FE31464248A3
:105CE0001EF0ACFE4FF49971D9E78AF31188BFF327
:105CF0006F8F039D002D59D042464B46684621F0D8
:105D00004BFBA27A394B2C2101FB023320465B6A04
:105D10001B6803A91E68DDE90023B0476061002805
:105D200037D12046FFF72EFF2EE06C8B631E6B836E
:105D300030461BF06DFB0028C9D08AF31188BFF3F1
:105D40006F8F2B7F2A8B1B33121BAC6A23F003034C
:105D500002FB0344254B264AEB1A9B105343A372C4
:105D60002B7FE372C5E730461BF052FB0028AED014
:105D70008AF31188BFF36F8F23463A46284619F0FD
:105D800007F804460028B4D10024204604B0BDE83A
:105D9000F087039B9D420BD916490D4A0D4840F2EE
:105DA0005F131EF04BFE40F25F115EE765612B460C
:105DB0000021012222816160E27A638204F11800ED
:105DC00022F0CCFC2046FFF723FFDEE708D80200D4
:105DD00059BB0200ACAC020026AF02007FAF02004C
:105DE00094AF020053AF02006AAF0200E405002046
:105DF000A38B2EBA98BB020070B50C46054658B965
:105E00002849294A29484FF4D3731EF017FE4FF44E
:105E1000D37125481EF009FE49B92549224A234875
:105E200040F2A7131EF00AFE40F2A711F1E7EFF3CC
:105E30001186202383F31288BFF36F8F1D481BF058
:105E4000D9FA60B91C4A1D49184884231EF0F6FD92
:105E500018491B481EF0F2FD84211748DAE715485F
:105E60001BF0ECFA002323606B689BB9C5E9004482
:105E700010481BF0CDFA80B90F4A12490B484FF475
:105E800099731EF0DBFD0B490F481EF0D7FD4FF450
:105E90009971E2E71C606C60EAE786F31188BFF352
:105EA0006F8F70BDA2CA020059BB0200ACAC0200E9
:105EB00081C202005413002026AF02007FAF02000F
:105EC00094AF020053AF02006AAF020070B50446FF
:105ED00058B923492348244A40F2B3131EF0AEFDBB
:105EE000214840F2B3111EF0A0FDEFF311862023EC
:105EF00083F31288BFF36F8F1C481BF07BFA60B9E5
:105F00001B4A1C49174884231EF098FD17491A485C
:105F10001EF094FD84211648E5E714481BF08EFA24
:105F200025682DB162682B682360954208BF6360C5
:105F30000E481BF06DFA68B90D4A104909484FF434
:105F400099731EF07BFD09490D481EF077FD4FF453
:105F50009971E0E786F31188BFF36F8F284670BD13
:105F6000A2CA0200ACAC020059BB020054130020CC
:105F700026AF02007FAF020094AF020053AF0200D1
:105F80006AAF02002DE9F041044618B3204F002605
:105F90004FF02C08254605F108026468BFF35B8FBB
:105FA00052E8003F591E42E800100028F8D1BFF324
:105FB0005B8F13F0FF0319D1164A1749174840F2B7
:105FC000D7131EF03BFD294615481EF037FD40F261
:105FD000D71108E013490F4A10484FF4E2731EF03E
:105FE0002DFD4FF4E2710B481EF01FFD012B0AD16D
:105FF000AB7AEE6008FB03736E601B6A284623B120
:106000009847002CC6D1BDE8F081FFF7BBFDF8E74B
:10601000E405002059BB0200A9BB0200ACAC0200A1
:10602000B6BB020081C2020038B5044658B9154912
:10603000154A16484FF4FE731EF000FD4FF4FE7132
:1060400011481EF0F2FC00F10802BFF35B8F52E82A
:10605000003F591C42E80015002DF8D1BFF35B8FBB
:10606000DBB2FF2B0DD1084A094908484FF40073F1
:106070001EF0E4FC214607481EF0E0FC4FF40071DE
:10608000DEE738BD81C2020059BB0200ACAC0200A1
:10609000CBBB0200DBBB020008B5034658B9084978
:1060A0000848094A40F249231EF0C8FC064840F25D
:1060B00049211EF0BAFC18465B68002BFBD108BDD5
:1060C00081C20200ACAC020059BB020070B50D46A3
:1060D000044658B90F49104A10484FF415731EF082
:1060E000ADFC4FF415710C481EF09FFC49B90C49EA
:1060F000094A0A4840F255231EF0A0FC40F25521FF
:10610000F1E746681EB10846FFF7C6FF46606560C6
:1061100070BD00BF67BF020059BB0200ACAC0200FB
:1061200016BC020038B505460C4659B90C490D4855
:106130000D4A4FF418731EF081FC0B484FF4187190
:106140001EF073FC20B9BDE838400846FFF76CBF6D
:10615000FFF7A2FF2146FFF7B9FF284638BD00BF71
:1061600016BC0200ACAC020059BB0200034610B5DD
:10617000084659B91649174A174840F275231EF0C8
:106180005DFC40F2752113481EF04FFCCBB15A68FC
:106190004AB912490F4A10484FF41E731EF04EFCC4
:1061A0004FF41E71EFE78A4209D00D49094A0A48A7
:1061B00040F279231EF042FC40F27921E3E74A687D
:1061C0005A60446800234360FFF7DCFE204610BDA0
:1061D00016BC020059BB0200ACAC0200F7BB0200C7
:1061E00005BC020008B548B90B490C4A0C482B23E2
:1061F0001EF024FC2B2109481EF017FC83883BB1BC
:106200000849064A06482C231EF018FC2C21F2E708
:1062100083680B44036008BD81C2020023BC0200F6
:10622000ACAC02004FBC020070B503460568828822
:10623000DC889E68A818A41AAD1B641BA14209D96A
:1062400006490748074A3E231EF0F8FB05483E2151
:106250001EF0EBFB0A449A8070BD00BF5EBC0200DA
:10626000ACAC020023BC020008B5034600689A6883
:10627000821A91420BD9094909480A4A40F255133A
:106280001EF0DCFB074840F255111EF0CEFB9A8849
:10629000401A11441860998008BD00BF92BC0200EA
:1062A000ACAC020023BC020008B582888A420346D7
:1062B0000BD2094909480A4A40F2C3131EF0BEFB3B
:1062C000074840F2C3111EF0B0FB521A82800068EA
:1062D0000844186008BD00BF82BC0200ACAC0200DC
:1062E00023BC020008B5034600689A888A420BD294
:1062F00008490948094A40F2CF131EF09FFB07489E
:1063000040F2CF111EF091FB521A01449A8019609D
:1063100008BD00BF82BC0200ACAC020023BC02007E
:106320000C4B0122C3F840254FF080434FF08051C1
:10633000C3F87825D1F83001082805D1D1F83411F7
:10634000022908BFC3F838260122C3F8802500209F
:10635000704700BF00E0014048B1054B054A1B688B
:10636000B3FBF2F35843044B43F001031847704763
:106370003005002040420F00C08E020008B5054ADB
:10638000054B136010463C23536016F0F7FE0020C7
:1063900008BD00BF581300203FC00F00F7B50646E8
:1063A0000D461446194F384620F06BFE50B3AAB282
:1063B000BB681B6863B91649164A17487E231EF04E
:1063C0003DFB16481EF03AFB12487E211EF02DFBC5
:1063D000314638469847002802DB002003B0F0BD64
:1063E000002CFBD1AC42F8D22F1B042F28BF04276E
:1063F00020F092FC3A46019001A9301922F087F969
:106400003C44EFE76FF01200E8E700BF708A02003B
:10641000FDBC0200C9BC0200ACAC02001DBD020004
:1064200070B50B7892B006460C4607AD032B31D8F9
:10643000DFE803F0022A2C2E19492846FAF750FB10
:10644000059563780493A3780393E3780293237903
:10645000019363790093A379124A1E210AA81CF0C4
:10646000A3FF10AD0AAB32461C4603CCAC42106011
:106470005160234602F10802F6D120681060A3881B
:106480009380304612B070BD0749D6E70749D4E77C
:106490000749D2E7074A0A2128461CF085FFCFE7C3
:1064A00043BD020065BD02004ABD020051BD0200AD
:1064B0005BBD0200FBE002000E4B402970B528BF17
:1064C00040210D4C46181D46B04203F1020304D191
:1064D000002305F81130074870BD02781209A25C4C
:1064E00003F8022C10F8012B02F00F02A25C03F853
:1064F000012CE9E7D832002050F4020010B586B034
:10650000094B0A4803930024CDE9044419F0FCF92F
:1065100003AB0093064905480A234FF4B06219F013
:106520000DFA204606B010BD8FBD020048070020BE
:10653000403400200146014819F09CBA4807002069
:106540000146014820F083BE48070020884208B574
:1065500001F1100310D9984213D20E490E4A0F4888
:1065600040F2B3231EF06AFA0D481EF067FA0A489B
:1065700040F2B3211EF059FAEFD000F1100291421F
:10658000EAE7013813F8012D00F8012F8B42F9D109
:1065900008BD00BFCABD020098BD0200ACAC02003D
:1065A00021BE020038B5044608462378012B11D0DD
:1065B000022B21D02BBB1A4B0A4603F1100153F8D2
:1065C000045B42F8045B8B42F9D163881A0A82703B
:1065D000C37038BD124B0A4603F1100153F8045B37
:1065E00042F8045B8B42F9D163681A0C190E4270B1
:1065F0000170C3F30722EAE7611CBDE83840FFF7EA
:10660000A5BF084A0849094837231EF017FA217820
:1066100007481EF013FA034837211EF006FA00BFA0
:1066200061F4020053BE020040E70200ACAC02007D
:1066300083BE020010B51EF01BFD20F018FE0446BC
:1066400008B91AF0AFFCBFF35B8F064B1B68BFF3B2
:106650005B8F0BB10A2098471CB9BDE810401AF0B7
:106660000FBD10BD60130020811EC9B21E2938B5B0
:10667000044604D81A4820FA01F1C9070CD4194974
:10668000194A1A487A231EF0D9F919481EF0D6F98A
:1066900015487A211EF0C9F916481EF000FC05467F
:1066A000D0B1082C1AD00CD8022C10D0042C15D044
:1066B00011490E48114A52231EF0C0F90F485221C9
:1066C000E8E7102C01D0202CF2D1052100E00421B4
:1066D00005F10C001EF0FAFB284638BD0221F7E751
:1066E00041000040CABE02009BBE0200ACAC0200EA
:1066F0000FBF0200C006002040E702002FBF0200CB
:106700000F2810B50CD80D280CD90A481EF0C7FB6D
:10671000044618B104210C301EF0D8FB204610BDF1
:106720001328F2D009B10448F0E7BDE81040022078
:10673000FFF79ABFEC0600203C06002038B50B6836
:1067400005460C464BB90E490E480F4AFA231EF077
:1067500075F90D48FA211EF068F94A68DA600B688D
:106760004A895A820868FFF70DFC20461022002152
:1067700021F0F4FF2846BDE838401EF079BC00BF88
:1067800061BF0200ACAC02009BBE02002DE9F843E1
:1067900005460C461F4616464AB92649264A27484A
:1067A000D6231EF04BF9D62123481EF03EF938B906
:1067B0002349214A2148D7231EF040F9D721F3E786
:1067C0004A69CB689A4207D11E491B4A1B48DB2302
:1067D0001EF034F9DB21E7E708461EF061FC804635
:1067E00038B11949144A1548DD231EF027F9DD2177
:1067F000DAE701F10C09484605F10C011EF053FBE4
:10680000E36862692E829B1A13FA86F36B82012376
:106810006B7231464846FFF747FDE3687B60638A49
:10682000C4F80C807B81A4F812803C602846BDE847
:10683000F88300BFB2BC02009BBE0200ACAC0200F9
:106840006EBF020073BF020090BF020038B5C5687A
:106850002B7893B9B5F801400F21204603F0F6F9E3
:10686000EB78054650B90A4A118831B96FEA0450ED
:106870006FEA10501080074A137038BD037301216E
:1068800003F000F92846BDE8384003F069B800BFBE
:106890008C3200205933002010B586B003AB0024A1
:1068A00000930749074805944FF0FF334FF4806287
:1068B000CDE9034419F042F8204606B010BD00BFF0
:1068C000003A0020E807002010B5084C01460622D7
:1068D00094F86E0003F07AFE38B994F86E0004491B
:1068E000BDE81040052203F071BE10BD000000207D
:1068F00036F402001FB501460B48FFF77DFA0B493D
:106900000B4820F0A4FC00280ADA0A4B029300236B
:106910000390CDE900330849012218461EF002FC1D
:1069200005B05DF804FB00BF34010020F002002038
:1069300088080020B8BF02005C8D02001FB501214D
:106940000C30FFF7CFFC03780393064B0293002330
:10695000CDE900330449012218461EF0E3FB05B0DF
:106960005DF804FBD5BF02005C8D02001FB5C36853
:106970001C880121204603F069F9034650B9084AF2
:1069800008490394CDE90102009001221EF0CAFBE0
:1069900004B010BD04B0BDE8104002F0E1BF00BF7C
:1069A000F7BF02005C8D02001FB5C368B3F8014059
:1069B0000121204603F04AF9034650B9074A084925
:1069C0000394CDE90102009001221EF0ABFB04B05C
:1069D00010BD04B0BDE8104002F0C2BFF7BF020016
:1069E0005C8D02007FB5C3681D788DB9B3F8016076
:1069F0000F21304603F02AF9044658B90A4B0B49D7
:106A00000396CDE901030090034601221EF08AFBA4
:106A100004B070BD294603F035F8204604B0BDE847
:106A2000704002F09DBF00BF1BC002005C8D0200E1
:106A300030B502EBC303044687B008469A4202D140
:106A40006FF05E0016E0114611F8085BA54217D101
:106A5000038A517899420FD9CDE90334094B029347
:106A600000231846CDE90033074901221EF05AFBE6
:106A70006FF0150007B030BD536898470020F9E764
:106A80000A46DBE741C002005C8D020070B586B0AB
:106A900005460C46FFF7CCFF5F3011D1268AE0682F
:106AA0003146FFF709FD074B02930023CDE904604F
:106AB000CDE9003304490395022218461EF032FB4B
:106AC00006B070BD63C002005C8D020010B50121EC
:106AD00004460C30FFF706FC2146034A0078BDE867
:106AE00010400223FFF7D2BFA091020070B54948C1
:106AF00086B0FFF7EBF90446002867D000F10C05DB
:106B000028461EF0F1F9022804D0042860D0424B38
:106B1000039004E0238A032B09D803933F4B02938D
:106B20000023CDE900333E49012218462BE0042121
:106B30002846FFF7D7FBFF23428806882376238A5F
:106B4000C6F30B009A4260830FD0CDE90332354B78
:106B500002930023CDE900333149012218461EF08B
:106B6000E1FA2046FFF70EFA1BE00F2103F06EF862
:106B7000054658B9638B03932B4B29490090CDE907
:106B80000103012203461EF0CDFAEAE703F08AF87A
:106B9000320B20762146284602F01AFE284602F0E3
:106BA000DFFE224BD3F8343183B12149214820F054
:106BB0004EFB00280ADA204B029300230390CDE914
:106BC00000331749012218461EF0ACFA06B070BD1A
:106BD00028460221FFF786FB054600783E2812D0A2
:106BE0001EF07FFA10F002060DD1144A1449154820
:106BF00040F698431DF022FF86F31188BFF36F8F94
:106C00000323184602DF104A287806232146FFF79F
:106C10003DFFA6E7340100204EC1020085C00200FE
:106C20005C8D0200A6C00200CAC002000000002065
:106C3000F002002088080020B8BF0200ECC002006B
:106C400020C10200ACAC0200B091020010B50121DD
:106C500004460C30FFF746FB2146034A0078BDE8A6
:106C600010400823FFF712BFE091020070B5012128
:106C700086B004460C30FFF735FB05780D4A00233B
:106C800021462846FFF7D4FE5F3011D1268AE068FE
:106C90003146FFF711FC084B02930023CDE9046055
:106CA000CDE9003305490395022218461EF03AFA51
:106CB00006B070BD2092020062C102005C8D02002D
:106CC0001FB5C36807491B780393074B0293002342
:106CD000CDE90033022218461EF024FA05B05DF813
:106CE00004FB00BF5C8D020094C102007FB5C56843
:106CF000B5F801600121304602F0A8FF044658B9FA
:106D0000104B11490396CDE901030090034601227F
:106D10001EF008FA04B070BD2B783BB9D5F80330EB
:106D2000C0F89930D5F80730C0F89D304FF4803165
:106D3000201D1EF0E8F9204604B0BDE8704002F0C6
:106D40000FBE00BFF7BF02005C8D02002DE9FF47B8
:106D50000C461AF027F9E5682B78022B00F08480A6
:106D6000042B10D00393444B029300231846CDE923
:106D70000033424901221EF0D5F92046FFF702F9FF
:106D80006FF0150414E0B4F81080B8F1020F15D8B4
:106D90003B4BCDF80C80029300231846CDE900331D
:106DA000364901221EF0BEF92046FFF7EBF8002419
:106DB0001AF066F9204604B0BDE8F08768783E28EE
:106DC0000DD1B8F1030F03D12E4BCDF80C80E2E7C3
:106DD000EB78012B01D00A2B46D1032704E01EF0EB
:106DE00080F90746F8073FD504F10C06012130462B
:106DF000D4F814A0FFF758FA02213046FFF772FAD0
:106E0000814600783E2807D1E3681B78012B01D02A
:106E10000A2B06D1032614E01EF063F9C1070646CB
:106E20000FD4194A19491A4841F266131DF006FE9B
:106E3000002383F31188BFF36F8F0323184602DF0B
:106E40000226144A99F8000006232146FFF71EFE89
:106E5000B2070DD56369A4F81080A5EB0A0513FAF3
:106E600085F5E560BB07A2D52046FFF743FD9EE709
:106E70002046FFF787F8F5E711C202005C8D02009B
:106E8000BCC10200D8C10200ECC00200F8C102007F
:106E9000ACAC0200709102002DE9F04F884687B03B
:106EA00017460646C8B1BFF35B8FDFF834914FF049
:106EB000000A59E8004F49E800A3002BF9D1BFF3BD
:106EC0005B8F6CB9474B48490396CDE90143009469
:106ED0002346012220461EF025F907B0BDE8F08FB9
:106EE0002046FEF773FE414D4FF00C0B0BFB00509C
:106EF0004388B3422AD02046FEF768FE0BFB0050C1
:106F000039494388CDF800A0CDE90363384B01220D
:106F1000CDE901A3504653461EF004F9BFF35B8F41
:106F200059E8003F49E80042002AF9D1BFF35B8FDE
:106F3000002BD2D02F493048304A40F6EC131DF0D8
:106F40007DFD2E4840F6EC111DF06FFDA74208D0E4
:106F50002046FEF75DFE3A8AF96804F10C001DF048
:106F6000A9FF2046FEF732FE0C2606FB00504368C0
:106F7000ABB1B8F1000F12D12046FEF727FE06FB99
:106F8000005001214268536803F01F0081401068DF
:106F90005B0900EB8300137AEBB11EF0B4F82046D6
:106FA000FEF714FE0C2606FB005083686BB12046EA
:106FB000FEF70CFE704305F800802046FEF706FE43
:106FC00006FB0055A86817F06DFF204607B0BDE826
:106FD000F04FFEF7D7BFC9431EF0B3F8DFE700BF9D
:106FE0003001002025C202005C8D020064130020E5
:106FF0004DC2020080C20200ACAC0200ECC0020034
:1070000070B5C568B5F8016086B00121304602F060
:107010001DFE044658B9494B49490396CDE9010381
:107020000090034601221EF07DF806B070BD2B785B
:107030001A2B00F1040619D1C378012B62D14FF449
:10704000804130461EF05FF842040FD4D4F88C30F3
:10705000049304A9D4F894300593204603F0E4FE89
:10706000204606B0BDE8704002F07ABC2B78002BB9
:1070700048D1B5F80320334840F2E2414A43C4F80E
:107080008820B5F80510A4F89010B5F80710A4F8FA
:107090009210A2F5EA510C39814209D903922A4A89
:1070A00027490093CDE90132184602221EF03AF832
:1070B000B4F89030B3F5FA7F0AD30393234B0293CD
:1070C0000023CDE900331E49022218461EF02AF89B
:1070D000B4F89220A2F10A039BB240F676418B42AB
:1070E0000AD91B4B029300230392CDE900331449C4
:1070F000022218461EF016F86FF4805130461EF03A
:1071000020F817E0BFF35B8F6368BFF35B8FDB048E
:10711000F2D52B78202BEFD194F89830002BEBD0C0
:10712000013B84F898304FF42032002304F14000F2
:1071300018F024FD204603F08FF891E7F7BF020016
:107140005C8D020095F03C0085C20200ACC20200DA
:10715000D3C2020030B53C2887B0054620D101F0EB
:1071600085FC6FF4807110301DF0EBFF0020FFF7FD
:10717000ABFB044650B9114B11490090CDE9010316
:10718000012203461DF0CEFF07B030BD057300217C
:1071900002F078FC204607B0BDE8304002F0E0BBCA
:1071A000084B0749CDE90303074B02930023CDE9C0
:1071B0000033022218461DF0B5FFE5E7FFC20200CA
:1071C0005C8D02007AE9020020C302002DE9F04F35
:1071D000D0F80C80018A98F80020930001338B428C
:1071E00087B040F28180CDE90431424B0293002305
:1071F0000392CDE900334049012218461DF092FF69
:1072000007B0BDE8F08FCDE902B5CDE900003A49FD
:10721000034601221DF086FF013698F800309E4299
:10722000EEDA08EB86030F21B3F80150B3F80370D0
:10723000284602F00BFD04460028E4D000F1C00906
:107240001FB9204602F08CFBE6E76569ADB92B4B10
:1072500029490095CDE9015301222B4628461DF00E
:1072600061FF2749274A284840F287231DF0E6FBA3
:1072700040F2872123481DF0D8FBA2692B68636187
:10728000954208BFA361204602F02AFA17F00AFED1
:10729000C5F800A0236AA3B9C4E90755BFF35B8F03
:1072A000D9F80030BFF35B8F013FBFB263B9174914
:1072B000144A15484FF424731DF0C0FB4FF4247199
:1072C000D8E71D602562E9E7BFF35B8F59E8003F0F
:1072D000013B49E80032002AF8D1BFF35B8F00215F
:1072E000204602F009FAABE70026DFF824B0B246E8
:1072F00093E700BF3CC302005C8D020083C3020021
:1073000040E70200ECC00200ACAC02009AC30200ED
:1073100067C30200094BBFF35B8F1A68BFF35B8F33
:1073200002F00B02BFF35B8F53E8001F43E800201D
:107330000028F9D1BFF35B8F704700BFD400002055
:1073400010B5C1E900239DF808300B720C46FEF71A
:107350003DFC034B0C2202FB00335C6010BD00BF00
:1073600064130020F8B502460B4610481DF097FD47
:107370000446C0B104210C30FEF734FF2046FEF76E
:1073800025FC0B4D0C2707FB0050002646802046AD
:10739000FEF71CFC07FB005086602046FEF716FC3B
:1073A00007FB00556E602046F8BD00BF9406002024
:1073B0006413002029289ABF014B185C09207047EC
:1073C0007BF402007FB5C368B3F801601D780F211C
:1073D000304602F03BFC044658B91F4B1F49039648
:1073E000CDE901030090034601221DF09BFE04B08D
:1073F00070BD6DB12846FFF7DDFF294602462046E5
:1074000003F030F8204604B0BDE8704002F0A8BA9E
:107410008378012B07D107F071FB20461DF049FE50
:10742000002808BF05252846FFF7C4FF2946024665
:10743000204603F017F8002DE4D0094B02930023F7
:107440001846CDE90033054901221DF06BFE0521E8
:10745000204602F0B7FCD5E71BC002005C8D02009D
:10746000B3C30200F0B5C668B6F80170357885B0D0
:107470000F21384602F0EAFB044658B9284B294947
:107480000397CDE901030090034601221DF04AFE57
:1074900005B0F0BD6DB12846FFF78CFF29460246C6
:1074A000204602F0DFFF204605B0BDE8F04002F0C4
:1074B00057BAF378C27A9A420BD11B4B0392CDE9AB
:1074C0000153184900952B46022228461DF02AFE3A
:1074D000E9E78278C372012A08D10BB107F00EFBED
:1074E00020461DF0E6FD002808BF05252846FFF7C9
:1074F00061FF29460246204602F0B4FF002DD2D09B
:107500000A4B029300231846CDE9003305490122B6
:107510001DF008FE0521204602F054FCC3E700BF21
:107520001BC002005C8D0200D9C30200B3C302007D
:1075300010B592B004460749442201A821F0E7F8AB
:10754000102C9BBF12AB03EB8404034854F8440C8B
:1075500012B010BD248E020008C40200034B014685
:10756000D3F8500182689268104700BF00000020E5
:107570002DE9F041042198B039483A4C3A4EDFF8F1
:10758000EC801DF0C0FD3A4B03930025394B3A497E
:10759000029303222B462846CDE900551DF0C2FD7B
:1075A000E179364B10AF012998BF1E463846214677
:1075B000FEF736FF324B0095CDE90367CDE9015365
:1075C00028462B462C4903221DF0ACFD26460125FA
:1075D00008AFE3799D4206F107062EDB94F86F5061
:1075E0002846FFF7A5FFB4F876300693B4F872305A
:1075F00021490390CDE904530025224B0293032235
:107600002B462846CDE900551DF08CFD94F870609E
:107610003046FFF78DFFB4F8743017490390CDE979
:107620000463194B0095CDE9015303222B462846EC
:107630001DF078FD18B0BDE8F08131463846FEF700
:10764000EFFE0023CDE90357CDE900330A49CDF819
:107650000880032218461DF065FD0135B9E700BF1B
:10766000D40000200000002010C4020040C402002A
:1076700014C402001FC402005C8D02007AE90200FB
:1076800031C4020051C402008FC402000048704798
:10769000B6C4020010B50B490B481FF0D8FD041EFC
:1076A0000FDA0A4A0A490B4841F25D431DF0C6F958
:1076B000094821461DF0C2F9044841F25D411DF020
:1076C000B4F910BDE0020020E8070020ECC0020081
:1076D0003AB20200ACAC0200D0C402007FB505464D
:1076E0000C4639B1CB684A699B1A032B0FD86FF04F
:1076F000150509E04FF0FF304FF0FF31FFF732FE84
:10770000044620B96FF06805284604B070BD2046D5
:10771000FEF75CFA194B0C2202FB0033A61803217A
:1077200030465D80FEF7A0FD0580238A033B837011
:10773000012130461DF0D1FB40F635439D4214D166
:107740002046FFF70BFF05460028DDD00C4B0293C7
:1077500000230390CDE9003318460A4901221DF0A9
:10776000E1FC2046FEF70EFCCEE7074821461FF05D
:10777000F4FC0025FFF78EFFC6E700BF641300206E
:10778000D5C402005C8D02003C0100202DE9F043CD
:1077900007468BB090460C4669B94FF0FF304FF06A
:1077A000FF31FFF7DFFD0446B8B96FF068052846E2
:1077B0000BB0BDE8F083887AFEF700FA374B8342BE
:1077C0000BD037493748384A4FF4D7731DF036F994
:1077D00035484FF4D7711DF028F906AE012200217B
:1077E00030461FF0D3FC2046FEF7F0F9DFF8BC90DE
:1077F0000C2303FB009086602046FEF715FC014633
:107800003846FFF76BFF054618B12046FEF7BAFB76
:10781000CDE74FF4A0223046002317F0BFFB064609
:1078200090B14FF4F173204A21491E481DF006F92A
:107830002048324639461DF001F985F31188BFF31F
:107840006F8F0323184602DF2046FEF7BFF90C2393
:10785000584319F80060BEB1174B18490397CDE99A
:107860000463174B029300231846CDE9003302222C
:10787000093E1DF057FCF6B22046FEF783FB092EA9
:1078800008D8104B9D5792E7B8F1000FBDD0C8F84B
:1078900000408CE76FF0040589E700BF94060020E4
:1078A00040E70200ACAC0200ECC002006413002010
:1078B000B8DF0200F7C402007AE902005C8D020022
:1078C0003CC5020071F4020070B586B006460D4654
:1078D00005AA002142F22F00FFF758FF044660B1CD
:1078E0001D4B02930023CDE900331C4901221846A9
:1078F0001DF018FC204606B070BD0598C368B3F8AB
:1079000001203280B3F803302B80FEF73BFB338835
:10791000A3F11B02E02A0AD90393114B0F490094EB
:10792000CDE901430222234620461DF0FBFB2A88B5
:10793000A2F5A4739BB244F248118B42DAD9094BE9
:10794000029300230392CDE9003304490222184632
:107950001DF0E8FBCEE700BF5BC502005C8D0200B6
:107960007BC50200A0C502002DE9F047047890B065
:1079700005465CB15E495F485F4A40F27F531DF0A7
:107980005DF85D4840F27F511DF04FF85B4BB0F859
:107990000190198849F47042914205BF1C80584BF0
:1079A000A04693F8008000F059FCEB78012B08BF4B
:1079B000544B05F10407384608BF93F86E401DF09C
:1079C00053FB06AE394630B330461DF042FBD5F8C6
:1079D0001130CDF81130B5F81530ADF815304FF045
:1079E000010AEB78012B2BD008AC39462046FEF774
:1079F00017FD454B02930023444903941846CDE9F3
:107A0000003301221DF08EFB132148461DF0FFFBC1
:107A100010B0BDE8F08720461DF01FFD034600684A
:107A200006909A889B796868B280B371BA88BB79EE
:107A300095F804A00490ADF814208DF81630D0E726
:107A40003046FEF741FF04460028CDD00346B5F886
:107A5000012023F8702B0698B279B18820679A71BB
:107A60009980B5F8173040F2E2425343C4F88830A9
:107A7000B5F81930A4F89030B5F81B30A4F892305E
:107A8000EB78E3700022012B22731CD18DF810A03B
:107A9000BDF814209DF816300498A4F87B2084F8D3
:107AA0007D30C4F8770000F0E1FF237A1549C3EB7D
:107AB000C3035A18CB58C4F87E309388A4F8823098
:107AC000937984F884300721204601F0DBFFB8F178
:107AD000000F05D084F80C800121204601F0D2FF70
:107AE000204602F05FF9204601F03AFF90E700BF20
:107AF000C3C50200ACAC0200ECC002008C32002016
:107B00005933002000000020D7C502005C8D020020
:107B100000B5C368187889B020B109B05DF804EBEE
:107B2000FFF718BBB3F80120ADF80120DA788DF823
:107B300000008DF80320B3F80B20ADF81720B3F840
:107B40000D20ADF81920B3F80F20ADF81B205A7C9A
:107B50008DF81D20586801901A899B7A8DF80A309B
:107B6000094BADF8082068461A689B88CDF80B20B1
:107B7000ADF80F30CDF81120ADF81530FFF7F4FE59
:107B800009B05DF804FB00BF4AF4020010B5F9F734
:107B900017F9034B1B6813B1BDE81040184710BD1F
:107BA00088130020F0B52F4E074685B0D6F8500157
:107BB0001FF067FA034660B92B4A2C490090CDE9C3
:107BC000010201221DF0AEFA6FF01204204605B04A
:107BD000F0BD6FF0020106F1D4001DF0B2FA0121F0
:107BE0001DF091FA10EA010539D1214B1F600A46B8
:107BF00006F590701FF0CAFA06F59E701FF0A4FA01
:107C00001C4817F081FE1C491A4800956FF00703C5
:107C10004FF4966217F092FE184916481FF02DFB9C
:107C2000D6F85001164983681B689847044658B136
:107C3000144B0390CDE901530C4900952B460122CA
:107C400028461DF06FFAC1E727B905B0BDE8F0403E
:107C5000F9F7B6B806F1C40017F0C2FDB6E76FF049
:107C60007704B3E70000002054C702005C8D0200D7
:107C70008813002088080020403E00206CC70200C6
:107C80004D6D000075C70200F0B5C4682688B7B214
:107C900089B00121384601F0D9FF054658B92B4B70
:107CA0002B490397CDE901030090034601221DF003
:107CB00039FA09B0F0BD04AFD4F80220D4F8063088
:107CC0000197618900911EF0C9FD60B34FF0FF304C
:107CD0004FF0FF31FFF746FB044660B91D4B1C49CE
:107CE0000094CDE90143012223461DF01BFA2846EA
:107CF00001F036FEDDE712210C30FEF795FA024660
:107D00003B4622F8026B1E4603CE516008A98E4204
:107D10001060334602F10802F5D1214642F21A0002
:107D2000FFF7DCFCE3E74FF0FF304FF0FF31FFF7E8
:107D300019FB04460028D1D002210C30FEF774FA5A
:107D40002146068042F21B00EAE700BFF7BF0200AF
:107D50005C8D020091C702007FB506460D464FF0CC
:107D6000FF304FF0FF31FFF7FDFA044650B90C4BDE
:107D70000C490090CDE90103012203461DF0D2F920
:107D800004B070BD03210C30FEF74EFA2146068088
:107D9000857042F2210004B0BDE87040FFF79EBC40
:107DA000A8C702005C8D020070B5C368D9789A78C4
:107DB0001E8886B042EA0122ADF8102059791A795E
:107DC00042EA0122ADF81220D9799A7942EA0122D9
:107DD000ADF814201A7A5B7AB5B242EA0323012186
:107DE0002846ADF8163001F031FF044678B91F4B34
:107DF0001F490090CDE901030395034601221DF0C0
:107E000091F902212846FFF7A7FF06B070BD04A92B
:107E100002F08CFA38B91E212846FFF79DFF204654
:107E200001F09EFDF1E74FF0FF304FF0FF31FFF71B
:107E300099FA05460028F2D00E210C30FEF7F4F92D
:107E400000230680C0F80A30BDF810304380BDF82A
:107E500012308380BDF81430C380BDF81630038122
:107E6000294642F22000FFF739FCD8E7F7BF0200AD
:107E70005C8D020038B5042104460C30FEF732FA5E
:107E80004578017840882246FFF706F835B1044866
:107E900017F008F8BDE83840FFF7FCBB38BD00BF5D
:107EA0002001002030B50321044687B00C30FEF7D6
:107EB00019FAE2680346B0F80100117840F635423D
:107EC00090420ED10E4BCDE903130E4B02930023CB
:107ED000CDE900330C49022218461DF023F907B002
:107EE00030BD1D782246FEF7D7FF002DF7D007489A
:107EF00016F0D8FF07B0BDE83040FFF7CBBB00BF9E
:107F00007AE90200C2C702005C8D02002001002055
:107F10007FB519F047F8344DD5F83C31002B60D0CF
:107F20000022002305F5907017F038F8002858D18A
:107F30000022002305F59E7016F02AFF044668B95A
:107F40002A4A2B492B4840F6A8431CF077FD84F3BE
:107F50001188BFF36F8F0323184602DFD5F8303145
:107F600083B10026244B2549029301223346304633
:107F7000CDE900661DF0D6F8D5F83001FEF702F81D
:107F8000C5F830612046FEF74FF8C5F830012046AD
:107F9000FFF7E4FAF0B11A4B029300230390CDE906
:107FA00000331649012218461DF0BCF8154816F09A
:107FB00079FF2046FDF70AFE134B0C2202FB00302E
:107FC0001F2140882246FEF767FF2046FDF7DAFFB3
:107FD000FFF760FBFFF75EFB04B0BDE8704019F0EF
:107FE0004FB801F02BFFF7E700000020ECC00200C3
:107FF00081C20200ACAC0200FAC702005C8D020034
:10800000D5C40200200100206413002070B54FF099
:10801000FF320D464FF0FF3300210646FEF770FB9E
:10802000044660B90A4A0B490B481A231CF006FDA6
:1080300084F31188BFF36F8F0323184602DF0221F8
:1080400004F10C00FEF7F0F806704570204670BD94
:1080500036C9020081C20200ACAC0200F8B50A4D7C
:10806000EF7906460024E3B29F4202D86FF0010088
:1080700007E0294630461DF04CF90735631C08B16E
:108080002046F8BD1C46EEE70000002037B5044648
:108090000D4671B1124928461DF03BF948B9114807
:1080A000C4EBC404294620441DF03BF9002003B072
:1080B00030BD68461CF0BFFF0028F8D16846FFF7C6
:1080C000CDFF0028F5DA074BC4EBC400184469461D
:1080D0001DF027F9002DE9D001462846E4E700BF4E
:1080E0003DF40200000000207FB51A4E0622314602
:1080F000054620F03BFB40B34FF0FF304FF0FF311F
:10810000FFF730F9044610B3062229460C301CF064
:10811000D1FE2146002242F20500FFF737FB04465C
:1081200078B110F10D0F09D10B4B02930023CDE96B
:1081300000330A49022218461DF037F9204604B0E0
:1081400070BD28683060AB88B3800024F6E76FF01C
:108150006804F3E7680000206CC90200648D020027
:108160002DE9F041044686B00E4659B92B492C4AF8
:108170002C4840F2C5331CF061FC40F2C531284860
:108180001CF053FC0D684DB92749254A254840F29B
:10819000C6331CF053FC40F2C631F0E748B923491E
:1081A0001F4A204840F2C7331CF048FC40F2C73158
:1081B000E5E72B7A5A0709D51D49194A194840F2B3
:1081C000C9331CF03BFC40F2C931D8E7D1F8048038
:1081D000B8F1000F1CD1037A5B0719D5411C681C4C
:1081E0001DF097F82E35162241460746684620F0C6
:1081F000B5FA10226946284620F0B8FA58B137B9C6
:10820000102204F12E01284620F0B0FA00B9746063
:1082100006B0BDE8F081002FF9D1F9E7A9C9020045
:108220007BC90200ACAC0200C1C90200E4C9020073
:10823000FCC90200084BBFF35B8F53E800CF4CF43E
:10824000806C43E800C2002AF7D1BFF35B8F037A4A
:1082500019430172704700BFD40000200A4BBFF3DE
:108260005B8F53E8002F22F4806143E80010002860
:10827000F7D1BFF35B8F530504D5044900220220D8
:1082800006F02ABD704700BFD4000020B954020098
:1082900007B50023CDE9000304496A46022006F031
:1082A0001BFD019803B05DF804FB00BF6181000075
:1082B000F0B5044687B070B1584D95F8122195F885
:1082C00013310AB19A4208D2013385F81331237A67
:1082D00043F00403237207B0F0BD002102220846D8
:1082E00002F074F9064648B120460121FFF7A2FFCB
:1082F000304607B0BDE8F04001F032BB01464848C7
:1083000000F0AEFB95F81331A3B130461DF05CF8D8
:1083100080B1444B0096CDE90163022233464249C5
:1083200018461DF042F84148002107B0BDE8F04072
:1083300000F096BB95F8132195F812319A4222D19C
:1083400000263B4B3849029302223046CDE90066B5
:1083500033461DF02AF83246314642F22900FFF733
:1083600015FA30B1334B0096CDE901630122334653
:10837000D5E795F81331013385F81331237A43F0AB
:1083800004032372CFE72246671C12F82E0B3946EE
:108390001CF0CEFF064640B1274B02930023CDE9E7
:1083A000003321490122184613E095F813310133B7
:1083B00085F81331237A43F00403237295F8A7302C
:1083C00013F004030BD11D4A17490093CDE9013284
:1083D00002221CF0EAFF01201CF0F6FFA3E7394659
:1083E00004A81CF09EFF01234FF0FF304FF0FF3137
:1083F0008DF81730FEF7B6FF044660B1082204A9D5
:108400000C301CF057FD3246214642F24E00FFF779
:10841000BDF90028DFD00A4BBFE700BF00000020F5
:108420002954020031CA0200648D0200FB5302008D
:1084300056CA020087CA0200A7CA0200C7CA0200C1
:10844000F1CA02002DE9FF41044668B3484D95F892
:10845000122195F813319AB1013293421DDC0021AB
:108460000222084602F0B2F8064600B32046022176
:10847000FFF7E0FE304604B0BDE8F04101F070BA0D
:108480005BB93C493C483D4A40F29E431CF0D6FA59
:108490003A4840F29E411CF0C8FA013B85F813317E
:1084A000237A23F00403237204B0BDE8F08101466F
:1084B000334800F0D5FA30461CF086FF0746B8B1C5
:1084C000304B0390CDE901632F49009633460122DA
:1084D00030461CF06AFF95F8133113B101201CF0EF
:1084E00073FF2A48002104B0BDE8F04100F0B8BA9B
:1084F00095F8133195F812219A420CD2013B85F878
:108500001331237A224923F0040302462372022006
:1085100006F0E2FBDFE74FF0FF304FF0FF31FEF7F0
:1085200021FF04F10108064668B107210C30FDF770
:108530007BFE41461CF0F5FE3A46314642F22800E9
:10854000FFF724F950B1134B02930023CDE9003318
:108550000D49012218461CF028FFBCE795F813319D
:10856000013B85F81331237A23F004032372B2E729
:10857000000000200CCB0200ACAC02007BC9020062
:108580002954020025CB0200648D0200FB53020037
:108590009553020052CB02007FB5044641BB50B355
:1085A00029491CF0B6FE30BB2046FFF757FD0028D6
:1085B00043DA23785BB92548C279002A3DD12146A8
:1085C0001CF0AFFE0123C371104604B070BD012B37
:1085D00004D1A37903F0C003C02B0CD01C4B029331
:1085E0000023CDE900331B49012218461CF0DDFEB3
:1085F0006FF01500E9E7154DEB79012B20D0BFF3A3
:108600005B8FD5F8D430BFF35B8FDB0707D4002C2A
:10861000EED00D4920461CF07CFE0028E8D1EE7912
:108620002146731C3046EB71FFF730FD08B9304628
:10863000CBE7EB79013BEB71C7E76FF07700C4E75D
:108640006FF00B00C1E700BF3DF402000000002006
:1086500077CB0200648D02002DE9F041044686B01C
:1086600060B9204B20490090CDE901030222034666
:108670001CF09BFE002006B0BDE8F08105AA002199
:1086800041F20900FFF782F8054640B1174B02930B
:108690000023CDE90033144902221846E8E7059E7D
:1086A0001349D6F80C8008F101070622384620F05D
:1086B0005DF828B10F490622384620F057F818B95E
:1086C0003046FDF75FFCD5E7D8F80130C4F801303B
:1086D000BB88A4F8053030462570FDF753FC012017
:1086E000C9E700BFA5CB0200648D0200BECB02002B
:1086F0004AF4020044F4020007B56846FFF7ACFFF5
:10870000044BD87118B169460020FFF7BFFC03B0D5
:108710005DF804FB00000020F0B5344EF5798DB013
:10872000002D5CD196F8C24014F0010416D1304BF4
:108730000094CDE9014323462E49022218461CF03D
:1087400034FE0024F471162500240127F379E0B2E9
:1087500083422FD8002B42D000203EE004AA2946B5
:108760004FF60940FFF712F828B1234B0095CDE9E9
:1087700001532B46E0E7DDF810E0DEF80C707D7861
:108780008DB1BA1C06AB1237106851689C46ACE834
:1087900003000832BA426346F6D11068CCF80000F4
:1087A0009288ACF804207046FDF7ECFB002DC9D18F
:1087B000124BDBE70CAB05FB003304A953F8182C74
:1087C00033F8143CCDF81120ADF815308DF8107049
:1087D000FFF75CFC01340028B8D00DB0F0BD0021DB
:1087E00008460DB0BDE8F040FFF7D6BE00000020FF
:1087F000DCCB0200648D020008CC020028CC020011
:108800002DE9FF411D460E461746034670B16DB176
:108810000A0317D54C070ED52B4B02930023CDE945
:1088200000332A49012218461CF0BFFD6FF01500E5
:1088300004B0BDE8F0811CF024FE0028F8D101232B
:108840002B70F5E7B107047824D021492FB1B20687
:1088500003D591F8D820500632D5C4EBC40411F8E2
:108860000480B8F1010F09D10134214418461CF0ED
:1088700000FE0028DCD185F8008002E0B8F1000F8E
:10888000F9D02FB1B30642BF2B7843F002032B700F
:108890000020CDE7720710D50D49C4EBC4040F5D6D
:1088A000012F07D1013421441CF0E3FD0028BFD182
:1088B0002F70E7E7002FE5D1FAE71CF0E2FDBEE7F5
:1088C0006FF08500B4E700BF51CC0200648D020058
:1088D000000000207FB5134EF5791DB1002420461D
:1088E00004B070BDFFF708FF044650B10E4B0F49AE
:1088F0000095CDE9015301222B4628461CF055FD79
:10890000EDE7F579002DE9D1FFF706FF04460028D1
:10891000ECD1701CFFF7E8FB04460028DFD0044BC5
:10892000E5E700BF0000002070CC0200648D02006B
:108930008FCC02002DE9F04F87B0884605904FF0AC
:10894000FF314FF0FF30FEF70DFD0446002853D0F5
:1089500020210C30FDF768FC00212022064600276C
:108960001FF0FCFED8F8005006F1010B3946D8F88C
:1089700004309F4208D3059831700022214607B089
:10898000BDE8F04FFEF702BF6A7895F800C0881C7A
:1089900013181F2B5FFA80F91AD9BCF1090FC9F11E
:1089A0001F0201D1002A11DC154B02930023184647
:1089B000CDE90033134901221CF08EFD2046FDF75E
:1089C000E1FA6FF0150007B0BDE8F08F4FF0080C2A
:1089D0005FFA82FA0AF1010E0BF801E00131C9B227
:1089E00058440BF801C0D14469681FF090FE01376C
:1089F0005FFA89F10835BAE76FF06800E3E700BF76
:108A0000B2CC0200F48C0200F7B5CDE90001694652
:108A100042F208009DF8207016461D46FFF78AFFB7
:108A2000044668B97FB9BFF35B8F0C4B53E8001F56
:108A300041F0040143E80012002AF7D1BFF35B8F35
:108A4000204603B0F0BD694642F20900CDE9006559
:108A5000FFF770FF0028E6D00446F1E72800002069
:108A600003460148184700BF18000020004870471F
:108A70001800002037B50B4CBFF35B8F2568BFF3A0
:108A80005B8FED050BD5BFF35B8F2468BFF35B8F66
:108A9000C4F380240094FFF7B7FF03B030BD6FF03C
:108AA0000A00FAE7280000202DE9F04FD0F81090D6
:108AB000DFF8A4A28BB0B9F10004054604919346F7
:108AC000059318BF0124BFF35B8FDAF80030BFF3C2
:108AD0005B8F5A0740F19F81466873050CD56FF094
:108AE0001504049B002240F20110934540F09C8144
:108AF00020460BB0BDE8F08FD0F81080B8F1000F21
:108B000001D0B707EBD0954F2878FB798342E6D99F
:108B1000C0EBC0009249072238441FF027FE00280E
:108B2000DDD0B00706D197F86F30082B02D8AB68BC
:108B30009F2BD4D916F0300F7ED0B8F1000FCED0D5
:108B4000F1067CD406F46036B6F5603FC7D02846FF
:108B50001CF0AEFC80460028C1D0824EBFF35B8F74
:108B60003368BFF35B8FDA0500F15881BFF35B8F89
:108B7000D6F8AC30BFF35B8F5B0501D5FFF76EFB1A
:108B80006A680023CDE90733CDF82330AB68ADF830
:108B9000183012F4004FEB68ADF81A3014BF0623FA
:108BA0000723D00348BF03F00503910348BF03F038
:108BB000FB038DF82530BFF35B8F5AE8003F23F4A9
:108BC00080734AE80032002AF7D1BFF35B8F2B781D
:108BD0003B7687F86E302246696863480DF11D03C5
:108BE000FFF70EFE044600287FF47BAF5F4BB9F120
:108BF000000F31D02A6911684AF8B31C9188998016
:108C000092799A716B689A0728D0B9F1000F2CD02D
:108C100013F0100F0CBF012304238DF81C302B69B7
:108C20001A68CDF81E209A88ADF822209B798DF81D
:108C300024304FF000081BE0B8F1000F82D1D5E9D5
:108C400002239A423FF64BAF1F2A7FF648AFB3F597
:108C5000804F7FF677AF42E7414ACCE79B0502D4CD
:108C6000059B002B42D0022300E04B468DF81C30C0
:108C70004FF0FF304FF0FF31FEF774FB0446002841
:108C800000F0CF800F2206A90C301CF013F921460A
:108C9000002242F20600FEF779FD044600287FF428
:108CA00020AFB9F1000F25D06B6813F003032DD16D
:108CB0001F462D4801211CF01EFC044600285DD0F3
:108CC00000252B4B0293CDE900552A492B46012262
:108CD00028461CF001FC002F3FF403AF384629461C
:108CE00000F0D0FE384600F03BFEFAE603238DF894
:108CF0001C309EE7149B059A0498CDF800805946D5
:108D0000FFF782FE04460028CED0EAE63C7E1449F6
:108D1000164887F86E4007221FF028FD60B91649F3
:108D2000204601F0DFFB074610B96FF00B04D8E6D0
:108D3000052100F0A7FEBCE70C49204601F018FC15
:108D400000287FF4CCAE387E084901F0CBFB074603
:108D50000028EAD00621ECE7D40000200000002023
:108D60003DF402002800002018000020210000200F
:108D7000CBCC0200F48C020036F4020017B1384666
:108D800000F0EEFD6B68BFF35B8F9F0728D056E8BD
:108D9000003F43F4007346E80032002AF7D1BFF3E6
:108DA0005B8FBFF35B8FB8F1000F22D056E8003F16
:108DB00043F4806346E80032002AF7D1BFF35B8FAB
:108DC0006B68BFF35B8F58071CD556E8003F43F430
:108DD000805346E80032002AF7D1BFF35B8F80E66C
:108DE00056E8003F23F4007346E80032002AD6D04C
:108DF000F6E756E8003F23F4806346E80032002A95
:108E0000DCD0F6E756E8003F23F4805346E8003212
:108E1000002AE2D0F6E76FF00A0462E66FF077040A
:108E20005FE66FF068045CE61988814204D15968F6
:108E300011B10978C90702D40132083355E6054952
:108E4000054816F0EBFD4FF470220023024816F09F
:108E50001DFF4DE6D98E00003000002010B51B4CE0
:108E600020461CF070FBBFF35B8F2369BFF35B8F61
:108E7000DA05C3F3002027D5BFF35B8F2369BFF367
:108E80005B8F9B0516D504F10900114907221FF0DD
:108E90006DFC034614F8180993B90E49052201F038
:108EA00095FB044630B10021017300F0EBFD204634
:108EB00000F056FDBDE81040044800211CF01BBB2B
:108EC000062204F12101EAE710BD00BF18000020CE
:108ED0003DF4020036F402001FB5FFF7BFFF50B1AA
:108EE000064B029300230390CDE90033044902228C
:108EF00018461CF0F1FA05B05DF804FBE6CC020060
:108F0000F48C0200884208B501F1200310D9984280
:108F100013D20E490E4A0F4840F2B3231BF08EFDC8
:108F20000D481BF08BFD0A4840F2B3211BF07DFD7C
:108F3000EFD000F120029142EAE7013813F8012D49
:108F400000F8012F8B42F9D108BD00BFCABD020055
:108F500098BD0200ACAC020021BE020070B59EB00C
:108F60001422002108A81FF0F9FB47F21213ADF8F4
:108F70001C304FF48073ADF81E30414B44F20102B7
:108F800005A907A8CDE9092319F024F8044630B152
:108F90003C4B039002930023CDE900330CE005988D
:108FA00006AB41220DA91EF036FC68B3364B039088
:108FB000CDE90143009423463449012218461CF0B0
:108FC000C5FA1F25324BBFF35B8F53E8001F21F01A
:108FD000010143E80012002AF7D1BFF35B8F2D4E49
:108FE00017F0E0FF346804B1043C002D2A4D18BF8F
:108FF0000025002C3CD023680BB1284698476468B4
:10900000002C35D0043CF6E7244A0DF135030DF170
:10901000750153F8040B42F8040B8B42F9D1204937
:10902000059806AB20221EF09EFB044610B11D4B96
:109030000390AFE705981EF04EFB054610B11A4BA2
:109040000390B5E715491448FFF75CFF1749184826
:10905000FFF758FFBFF35B8F164B53E8001F41F03B
:10906000100143E80012002AF7D1BFF35B8FA9E794
:109070000023C6E9003318F003F81EB070BD00BF2E
:10908000000002090CCD02002ACD02004C8D020026
:109090008C13002094130020BA3300207A33002070
:1090A0005A3300204DCD020071CD02009A330020CA
:1090B000DA330020D400002030B5A7B014220021FC
:1090C00008A81FF04BFB04233D22002116A815938E
:1090D0001FF044FB47F21213ADF81C304FF48073BD
:1090E000ADF81E30304B314944F20102CDE909237D
:1090F00007A805AB20221EF0B8FB30B32C4B039021
:1091000002930023CDE900332A49012218461CF0BE
:109110001DFA6FF0040517F045FF274B1C6884B15A
:1091200000201860254BBFF35B8F53E8001F21F030
:10913000020143E80012002AF7D1BFF35B8F6DB341
:10914000A04717F09DFF27B030BD1D4B0DF1550214
:1091500003F14000194653F8044B42F8044B834294
:10916000F9D106AB02932023CDE900130E480599EF
:10917000412315AA1EF0CDFC044610B1114B0390FB
:10918000BEE705981EF0A7FA05460028C3D00E4B8F
:109190000390CDE9014300942346B5E70DA80849A3
:1091A000FFF7B0FE0DA8CBE7000002095A330020FC
:1091B00091CD02004C8D0200901300208C130020F2
:1091C0007A330020C7CD0200E3CD020008B5044980
:1091D00040221FF0CBFAB0FA80F0400908BD00BF72
:1091E000A5F4020010B59CB004461422002106A884
:1091F0001FF0B4FA44F21213ADF814304FF4807338
:10920000ADF81630184B4FF48042CDE907232146C4
:1092100004230DF12D008DF82C30FFF773FE04F1BF
:1092200020010DF14D00FFF76DFE04AB41220BA9AB
:1092300005A81EF01AFB044605A81EF090FD2CB9E7
:1092400004981EF048FA01201CB010BD074B03948F
:10925000002402932046CDE900440549234601221B
:109260001CF074F92046EFE70000020900CE02006E
:109270004C8D02001FB5002845D0264A136823B143
:10928000043B834242D05B68F9E7234BBFF35B8F1B
:109290001968BFF35B8F89070DD5204B029300231C
:1092A0001846CDE900331E4902221CF04FF96FF039
:1092B0000F0004B010BD14684460011D50681160B7
:1092C00000B95160BFF35B8F53E8002F42F00101FA
:1092D00043E800100028F7D1BFF35B8FD30701D517
:1092E0000020E6E70F4BBFF35B8F53E8001F21F030
:1092F000100143E80012002AF7D1BFF35B8F0A4840
:10930000FDF71EF9ECE76FF01500D2E76FF077007C
:10931000CFE700BF941300208C13002024CE02005E
:109320004C8D0200D400002010030020054BBFF339
:109330005B8F1B68BFF35B8F13F0100F024808BFF1
:1093400000207047D4000020BA33002070B50546D5
:109350001E4803688B4232D0BFF35B8F1C4B1B68E7
:10936000BFF35B8FDA062DD5036813B16FF00F00E2
:1093700070BD184ABFF35B8F1368BFF35B8FDB07C9
:10938000F4D4BFF35B8F52E8003F43F0020442E89D
:109390000046002EF7D1BFF35B8F13F00204E5D136
:1093A00001600D482946FFF7ADFD0C4805F120018D
:1093B000FFF7A8FD0A48FDF7C3F82046D8E76FF08D
:1093C0007700D5E76FF07C00D2E700BF9013002054
:1093D000D40000208C1300207A3300209A33002020
:1093E0000003002010B50446FCF7F0FB044901EB34
:1093F00000112046FDF7A2F9BDE81040FEF74AB97A
:109400009C13002070B5144B1C68054644B154F8F9
:109410001C3C1C3C13B1297B28469847E469F5E7BE
:109420000E4C0F4EB44215D90E490F4A0F4840F268
:10943000A5731BF003FB0E481BF000FB0A4840F22B
:10944000A5711BF0F2FA236813B1297B28469847CF
:109450002034E7E7F7D370BDD0130020BC8C0200A6
:10946000DC8C020082CE020052CE0200ACAC0200C4
:1094700022B1020008B50B4B1B7873B90A490B4A9D
:109480000B4840F246331BF0D9FA0A481BF0D6FAD3
:10949000064840F246311BF0C8FAFCF7A7F8064B25
:1094A000185808BD163400200FB30200E4B20200C1
:1094B000ACAC020022B302000800000010B50C465C
:1094C000817801290BD00C490C480D4A40F2DD335C
:1094D0001BF0B4FA0A4840F2DD311BF0A6FAA1698C
:1094E0001160E2691A60E27A04F118000021BDE817
:1094F00010401FF033B900BF9DCE0200ACAC02009B
:1095000052CE020030B5437B072B87B0044653D1BF
:109510004FF4806104301CF038F841054CD4BFF39F
:109520005B8F6368BFF35B8FDA03C3F3004531D50C
:10953000E3784BB9214A22490393CDE901320093E4
:10954000022218461CF030F8637B072B34D11D4BE8
:1095500093F8D8309B062FD51BF02BFE60B30DF18E
:10956000160105A8FEF7B0F9054628BBBDF8162080
:10957000BDF8141020461BF089FEE8B1124B039091
:10958000CDE901530E4900952B46012228461CF0D7
:109590000BF811E020461BF05EFE50B10B4B039020
:1095A000CDE90153064900952B46012228461BF0C0
:1095B000FBFF637B072BBBD007B030BDD0CE0200D2
:1095C0000C8D020000000020E9CE0200AFCE0200A8
:1095D00070B5054617480022002315F0DFFC38BBA4
:1095E000154B1C6834B154F8143C1C3C03B198472B
:1095F000E469F7E7114C124EB44213D91149124AEB
:10960000124840F26B631BF019FA11481BF016FA6E
:109610000D4840F26B611BF008FAA36803B198474C
:109620002034E9E7F9D32846BDE8704016F0D8B8F1
:1096300070BD00BFC0050020D0130020BC8C02000C
:10964000DC8C020082CE020052CE0200ACAC0200E2
:1096500022B102002DE9F0410446FFF70BFF1B4B3E
:10966000D3F88030834223D120270025EFF31182E5
:1096700087F31288BFF36F8FE16929B1206A0B6805
:10968000E361814208BF236282F31188BFF36F8FC9
:10969000D1B1D1E901680E48C1E901551DF05DFD68
:1096A0001EB1002241462046B047FDF7F3FFDDE73B
:1096B00008490948094A4FF493731BF0BFF907485A
:1096C0004FF493711BF0B1F9BDE8F08198110020BF
:1096D000D005002005CF0200ACAC020052CE020043
:1096E0000448B0F8FC30002B00F5807008BF002063
:1096F000704700BF0000002070B588B004460E46D9
:10970000FFF7B8FE144BD3F88020824205D12046E3
:1097100008B0BDE87040FFF79DBF243421461846CD
:109720001DF095FD051E0FDA0C4A0D490D484FF44A
:10973000AF731BF083F90C4829461BF07FF90748EB
:109740004FF4AF711BF071F91EB16946204616F057
:109750004DF808B070BD00BF9811002052CE020035
:109760003AB20200ACAC02004BCF020038B5002286
:1097700004468A4202D10024204638BD04F1C803C1
:109780000120BFF35B8F53E8005F002D04D143E855
:10979000000CBCF1000FF6D1BFF35B8F02D0D034C8
:1097A0000244E6E7002CE6D0C822002120461EF045
:1097B000D5FF04F14000044916F030F9034904F1E3
:1097C000240015F0E5FED7E731A70000C7550200D9
:1097D000F0B5164687B00D4601210446FFF78CFF11
:1097E000012E2ED0022E67D1236963B13E4B029326
:1097F00000231846CDE900333C4901221BF0D4FE7A
:1098000020461BF0FEFE256121690A8A012A68D9DB
:10981000CB681B8804339BB29A4262D358D9CDE9F6
:109820000323334B029300231846CDE900332F491D
:1098300001221BF0B9FE204607B0BDE8F0401BF046
:10984000E0BE236963B92B4A28490093CDE9013270
:10985000184632461BF0A8FE20461BF0D2FE01E05F
:109860002A8A2AB9284607B0BDE8F040FCF78ABB2F
:10987000188A598A5F69091AD868C01B091A8A426E
:1098800011D900271C4B1949029332463B463846F2
:10989000CDE900771BF088FE21693A46204601F0A9
:1098A0008BFA2761DEE7E96803F10C001BF002FB8D
:1098B0002846FCF767FBA7E7104B02930023CDE98E
:1098C00000330A490396012218461BF06DFEC3E7D8
:1098D000002301222046236107B0BDE8F04001F0DB
:1098E0006BBA07B0F0BD00BF66CF02000C8D02005E
:1098F000E6CF020083CF0200A1CF0200C8CF020052
:1099000010B558B913491448144A40F2A4531BF037
:1099100095F8124840F2A4511BF087F800F1C802F4
:10992000BFF35B8FD0F8C830BFF35B8F7BB1BFF361
:109930005B8F591C52E8004F9C4204D142E8001C46
:10994000BCF1000FF6D1BFF35B8FE7D110BD184615
:10995000FCE700BF04D30200ACAC020052CE020010
:1099600038B5044670B92A492A4A2B4840F2CE53EA
:109970001BF064F829481BF061F840F2CE512548ED
:109980001BF053F8243015F079FEBFF35B8F04F120
:10999000C80353E8002F511E43E80015002DF8D1ED
:1099A000BFF35B8F002A0CDC1D491A4A1A4840F2AB
:1099B000DF531BF043F81B481BF040F840F2DF5127
:1099C000DDE7012A23D160B11749124A12484FF44A
:1099D000BD631BF033F815481BF030F84FF4BD6140
:1099E000CDE7134B9C4212D303F1D00294420ED226
:1099F000E41AD023B4FBF3F203FB12443CB90D4844
:109A000015F050FABDE838400B4815F0E9BE38BDF6
:109A100004D3020052CE0200ACAC020001D002001E
:109A200020D0020028D0020046D002005AD0020006
:109A300028090020C00500203003002010B504468E
:109A4000FFF75EFF17F0AEFA0C4BD3F8143104F1B8
:109A5000BC0143B90A481BF088FD17F011FBBDE8B3
:109A60001040FDF717BE994201D01B68F1E717F0CF
:109A700007FB2046FFF774FFF1E700BF000000205E
:109A8000140100202DE9FF41467B8E4204460D461D
:109A900013D1082E96BF544B544B53F826300393E2
:109AA000534B02930023CDE900335249022218465A
:109AB0001BF07AFD04B0BDE8F08141730EB9FFF7E9
:109AC0001FFF637B082B00F28B8001A252F823F06A
:109AD000219B0000779B0000B59A0000B59A00001A
:109AE000B59A0000B59A0000B59A0000F59A0000FA
:109AF000B59A00000023C4E90D33E378012BD9D1D6
:109B0000A378012B04BF032384F898304FF420324C
:109B1000002304F1400004B0BDE8F04116F02EB877
:109B2000082EC7D8DFE806F02405191E1E1E1924CA
:109B3000240004F14005284616F0AEF80121204625
:109B4000FFF7DAFD20461BF05CFD002200232846CB
:109B500004B0BDE8F04116F099B8237B13B120465C
:109B6000FFF750FC204604B0BDE8F041FFF7F8BE17
:109B7000214B039595E7237B3E2B0AD11F4B029384
:109B80000023CDE900331B490394022218461BF041
:109B90000BFD1B4D05F58077616921B904B0BDE867
:109BA000F041FDF777BDA2690B686361914208BF80
:109BB000A361D1E901680023C1E9013311481DF017
:109BC000CCFA26B16FF06D0241462046B047B5F899
:109BD000FC30002B14BF3846002015F063F9DBE79A
:109BE000094B03955DE700BF3492020091D002005B
:109BF0009BD002000C8D0200ACD00200C3D002004A
:109C000000000020D0050020EAD00200F8B5074689
:109C100009480D461646FFF773FE044650B1837897
:109C20001F4203D1BDE8F840FFF79ABE3146A8476E
:109C30002046F7E7F8BD00BF2809002002490022AE
:109C40000120FFF7E3BF00BF059500007FB5064682
:109C500011480D46FFF754FE0446C0B1437B012B6B
:109C600002D0073B012B10D82388B3420CD1A37834
:109C70002B400DD1094A0A490396CDE901320093E0
:109C8000022218461BF090FC2046FFF769FE0024D4
:109C9000204604B070BD00BF2809002006D1020094
:109CA0000C8D020008B5114B98420AD303F1D00283
:109CB000904206D2C01AD022B0FBF2F302FB13038B
:109CC00073B10B490B4A0C4840F20A631AF0B6FE16
:109CD0000A481AF0B3FE074840F20A611AF0A5FEDE
:109CE000074B00115843C0B208BD00BF280900202F
:109CF0001DD1020052CE0200ACAC020094D2020090
:109D0000C54EECC42DE9FF4706460F4690461D465A
:109D100091469A461DF0ABFA044658B11A491B48C1
:109D20001B4A40F226631AF089FE194840F2266168
:109D30001AF07BFE55EA080510D0FFF79BFB154B88
:109D4000D3F8803083420CD1134B14490094CDE9F1
:109D500001430222234620461BF026FC4FF0000957
:109D6000CA460F494A465346002E14BF304608469D
:109D70001BF095F8044618B1791D0C30FCF732FA47
:109D8000204604B0BDE8F087AED20200ACAC0200C1
:109D900052CE020098110020BDD202000C8D0200AC
:109DA000E405002010B50446054815F019FD2046CD
:109DB00000F0FEFE2046BDE81040FFF723BB00BFC9
:109DC0002003002010B5437B023B0446062B29D814
:109DD000DFE803F00B042828281E09000173002186
:109DE0002046FFF74FFE002010BD8378012BFAD0EC
:109DF0000E4A0F490F4840F28F731AF01FFEA178E8
:109E00000D481AF01BFE094840F28F711AF00DFE42
:109E100000881BF0FCF90028E6D1637B072BE2D118
:109E20000821DDE76FF07F00DEE700BF52CE0200C1
:109E300040E70200ACAC0200E6D202002DE9F04F90
:109E40008DB0002309930B939A4B5A8B32B19A4DE4
:109E5000D5F8144134B90DB0BDE8F08F1B68002B64
:109E6000F5D1F8E754F8BC3903B1BC3B934900265F
:109E700013E01346B5F8FC20002A00F0D881D5F88D
:109E80000821C2B904F1BC06002BE4D0D3F8BC20F1
:109E90001C46002AEDD0A2F1BC03A342EAD18849B6
:109EA000884A89484FF46A731AF0C8FD4FF46A7102
:109EB00084481AF0BAFD0A68002AE3D0D4F8A82032
:109EC000002ADFD0D4F8AC20002ADBD0D4F8B020B0
:109ED000002AD7D0637B072B3DD12046904700282E
:109EE00039D0BFF35B8FD4F8C030BFF35B8F022B48
:109EF00031DC2046FFF704FD04460028ABD0637B2D
:109F0000072B40F09181D4F8A830B5F8FC100AAACC
:109F1000204698470746002800F07481B5F8FC20D9
:109F20000A9B9A4206D30146D4F8AC600BAB09AA4F
:109F30002046B0473B8ADDF82C80DDE9099A002BEA
:109F40003BD162495F4A60484FF424731AF076FDB2
:109F50004FF42471ACE704F1BC03B34209D15C496E
:109F6000584A594840F2C5331AF068FD40F2C531ED
:109F70009EE7D4F8BC20C6B9D5F81811C5F814214D
:109F80008B4201D1C5F818210023C4F8BC3020460B
:109F9000D4F8B03098470028B1D0637B072B40F04D
:109FA00043812046FFF74AFDA9E73260D5F8182122
:109FB000934208BFC5F81861E6E738461BF070F811
:109FC00048B142493F4A404840F297231AF036FDD3
:109FD00040F297216CE7B5F8FC303E48002B08BFF3
:109FE00000200022002314F0D9FF60B13749354A20
:109FF000354840F2A7231AF021FD37481AF01EFD1C
:10A0000040F2A72154E72D480022002314F0C0FE9F
:10A01000064660B92D492B4A2B4840F2B2231AF06C
:10A020000DFD2E481AF00AFD40F2B22140E7C0E9CA
:10A030000198B5F8FCB03B7ADA4503F1FF3398BFDD
:10A040001FFA8AFB012B09D925491E4A1E4840F2F6
:10A05000C2231AF0F3FC40F2C22129E738461BF074
:10A060001FF8814638B11F49164A1748AC231AF029
:10A07000E5FCAC211CE7014600220E480023FBF75B
:10A08000DFFD804658B1FBF7A1FD174B394603EBC6
:10A0900000135A464046FCF779FB074640BB13497C
:10A0A000084A094840F2CA231AF0C8FC40F2CA2103
:10A0B000FEE600BF6806002000000020D00500205A
:10A0C000FDD2020052CE0200ACAC020040E702001A
:10A0D00009D302000001002024D3020039D302007A
:10A0E00049D302006CD302009C13002086D30200E7
:10A0F000B5F8FC3094F8C4809A458CBF4FF0010944
:10A1000008F1020884F8C49098BF5FFA88F804F157
:10A11000C009BFF35B8F59E8003F013349E80032C3
:10A12000002AF8D1BFF35B8F04F1140B3146584677
:10A130001BF01BFA94F802A0BAF1010F66D107F1E7
:10A140000C03042118460793FCF78EF82288079B1E
:10A1500008F0FD0842EA083202803A8A043A428056
:10A16000022118461AF0B9FE3846FDF7F7F9804685
:10A17000002859D0BFF35B8F59E8003F013B49E805
:10A180000032002AF8D1BFF35B8F314658461BF0EE
:10A190001DFA284BCDF80C804FF000082649029399
:10A1A000524643464046CDE900881BF0FDF938464B
:10A1B000FBF7E8FED6E901792048C6E90188314677
:10A1C0001CF0CBFF27B16FF06D0249462046B8471F
:10A1D000B5F8FC301A48002B08BF002014F062FECE
:10A1E0006FF004030393174B029300231249049466
:10A1F0001846CDE9003301221BF0D6F91321204681
:10A20000FFF7E0FD2046FFF7ABFB24E60E4A0F49BF
:10A210000F4840F2EE231AF011FCA1780D481AF015
:10A220000DFC40F2EE2143E6FDF734FAEAE79368CD
:10A23000FFDE00BFD5C402000C8D0200D005002057
:10A2400000010020B7D3020052CE020040E7020016
:10A25000ACAC02009AD302002DE9F04140F2E24397
:10A26000D0F88860B6FBF3F60446B6B2031DBFF320
:10A270005B8F4268BFF35B8F920417D5B0F88C20D8
:10A28000B24213D8B0F88E20B2420FD3D0E92412D4
:10A2900091420BD1BFF35B8F53E8001F21F40051B3
:10A2A00043E80012002AF7D1BFF35B8F184B1D68FB
:10A2B00065B155F80C7C1C3D37B1B4F89230B4F858
:10A2C000902031462046B847ED69F1E7114DDFF89F
:10A2D0004880454519D91149114A124840F2EB739B
:10A2E0001AF0ACFB10481AF0A9FB0D4840F2EB71D4
:10A2F0001AF09BFB2F6937B1B4F89230B4F8902074
:10A3000031462046B8472035E3E7F3D3BDE8F08176
:10A31000D0130020BC8C0200DC8C020082CE020034
:10A3200052CE0200ACAC020022B102002DE9F04195
:10A33000074608460D461AF03EFF064618B90026A5
:10A340003046BDE8F0811C4B1C6884B154F8103CC9
:10A350001C3C0BB9E469F8E72946384698470028C1
:10A36000EDD028461AF027FF0028F3D1E7E7134C79
:10A37000DFF84C80444518D91249134A134840F677
:10A380002C031AF05BFB12481AF058FB0E4840F6FB
:10A390002C011AF04AFB2946384698470028CED0AF
:10A3A00028461AF008FF20B9C9E7C9D2E368002B94
:10A3B000F1D12034DEE700BFD0130020BC8C0200B6
:10A3C000DC8C020082CE020052CE0200ACAC020055
:10A3D00022B102002DE9F041C37804468BB900F1A7
:10A3E0007E06194B1D687DB11C3D04F170076B6939
:10A3F0001BB13A46314620469847ED6925B11C3DD0
:10A40000F5E700F17706ECE7104D114F04F1700805
:10A41000BD4216D90F49104A104840F6B4131AF03D
:10A420000DFB0F481AF00AFB0B4840F6B4111AF066
:10A43000FCFA6B691BB142463146204698472035ED
:10A44000E6E7F6D3BDE8F081D0130020BC8C020013
:10A45000DC8C020082CE020052CE0200ACAC0200C4
:10A4600022B10200F8B5437A8372054616461BF006
:10A47000F9F9154B1C684CB154F8043C1C3C1BB159
:10A48000697A324628469847E469F4E70F4C104F42
:10A49000BC4216D90F49104A104840F60D231AF055
:10A4A000CDFA0F481AF0CAFA0B4840F60D211AF0FF
:10A4B000BCFAA3691BB1697A324628469847203412
:10A4C000E6E7F6D3F8BD00BFD0130020BC8C020035
:10A4D000DC8C020082CE020052CE0200ACAC020044
:10A4E00022B1020038B505460C460F480121FFF79E
:10A4F0003DF9C0B1057223680367A388A0F87430E2
:10A50000A37980F876300123437283728370074BFE
:10A51000C0F8A830064BC0F8AC30064BC0F8B030DD
:10A52000054BC0F88C3038BD2809002079AA0000FE
:10A53000BD9400007F5502001800280070B5054644
:10A540000A480E46FFF7DCF9044620B18378012B58
:10A5500004D0FFF705FA0024204670BD3246294694
:10A560001BF0AAF80028F7D12046F2E728090020BE
:10A5700070B58EB00D46FFF7E1FF0446E0B106AEC0
:10A5800029463046FBF74CFF637B0C490394082BAC
:10A5900096BF0B4A0B4B52F82330CDE904630A4BAC
:10A5A000029300231846CDE9003302221AF0FCFF83
:10A5B0002046FFF7D5F901200EB070BD0C8D0200CA
:10A5C0003492020091D00200DAD30200F8B50546B9
:10A5D0000E480E461746FFF793F9044620B18378DC
:10A5E000012B03D0FFF7BCF900240DE036B1324651
:10A5F00029461BF061F808B92046F3E7637BBB42AC
:10A60000FAD1237AAB42F7D12046F8BD28090020C1
:10A6100070B58B78012B92B006460C4642D191F86A
:10A62000703007AD032B37D8DFE803F00230323447
:10A630001E492846F6F754FA059594F871300493AC
:10A6400094F87230039394F87330029394F8743052
:10A65000019394F87530009394F87630144A1E21D3
:10A660000AA818F0A1FE0AAB324610AD1C4603CC76
:10A67000AC4210605160234602F10802F6D1206816
:10A680001060A3889380304612B070BD0949D0E7AE
:10A690000949CEE70949CCE7094A0A21284618F0BA
:10A6A00083FEC9E700238DF82830DCE743BD0200B4
:10A6B00065BD02004ABD020051BD02005BBD020043
:10A6C000FBE0020038B5044608460D461AF073FD5B
:10A6D00048B3164B93F8D830990707D4E37883B181
:10A6E00029462046BDE8384000F09EBB94F89930DA
:10A6F0009A07F3D5BFF35B8F6368BFF35B8F5B048F
:10A70000ECD4294620461AF0F7FF58B92B88A4F854
:10A710008C306B88A4F88E30AB88A4F89430EB882A
:10A72000A4F8963038BD6FF01500FBE7000000205C
:10A73000F0B510F8333C87B00446A0F140078BBB5E
:10A7400038461BF032F8434B1D684DB155F8183CA4
:10A750001C3D1BB114F8341C38469847ED69F4E7EA
:10A760003D4D3E4EB54216D93D493E4A3E4840F227
:10A77000B4731AF063F93D481AF060F9394840F2B1
:10A78000B4711AF052F96B681BB114F8341C3846D6
:10A7900098472035E6E7F6D3384607B0BDE8F040E5
:10A7A000FFF7DEB810F83E3C012B50D1BFF35B8FB2
:10A7B000A0F13C0555E8006F26F4005345E800324F
:10A7C000002AF7D1BFF35B8F16F4005628D0E36C54
:10A7D000049304A9636D05933846FFF773FF98B996
:10A7E000BFF35B8F55E8003F23F4805345E8003208
:10A7F000002AF7D1BFF35B8F4FF40061284607B002
:10A80000BDE8F0401AF0C1BE194B02930023CDE918
:10A81000003303901749022218461AF0C5FEEBE7F1
:10A82000154A1068516804AB03C304A93846FFF702
:10A8300049FF28B94FF4805128461AF0A6FEDBE7FD
:10A840000E4B0390CDE9016300963346E2E707B073
:10A85000F0BD00BFD0130020BC8C0200DC8C0200D5
:10A8600082CE020052CE0200ACAC020022B1020045
:10A8700013D402000C8D0200788E020038D402003E
:10A8800010B50E481CF060FC0D490C481CF065FC2E
:10A890000C490A481CF061FC0B4908481CF05DFC9F
:10A8A0001BF0A5FB02F0AEFE044628B904F0C8F97F
:10A8B000044608B91BF020F8204610BDD005002042
:10A8C000AC130020B8130020C413002010B5026898
:10A8D000D2F8B4305BB90D490D480E4A4FF43C73C1
:10A8E0001AF0ACF80B484FF43C711AF09EF8D2F80D
:10A8F000B8401968C2F8B410A34200F1440008BF80
:10A90000C2F8B8108342E6D110BD00BF1CD50200CA
:10A91000ACAC0200EBD402001FB50B4C2268002344
:10A920002AB90A4B636010460C6004B010BD084A97
:10A930000390CDE9013218460649009301221AF02E
:10A9400005FF6FF00B00F0E7E41300208092020097
:10A9500036D50200748D020070B5044652EA030039
:10A9600007D10022134620460431BDE87040FFF7AE
:10A97000C9B90E48007870B90D490E4A0E4840F228
:10A9800046331AF05BF80D481AF058F8094840F2BF
:10A9900046311AF04AF8FAF729FE094D094ED5F862
:10A9A000805030588542DED1DBE700BF16340020EE
:10A9B0000FB30200E4B20200ACAC020022B302000A
:10A9C0009811002008000000F0B50F46002185B066
:10A9D0000546164600234FF480320846FFF7BCFFB9
:10A9E000044660B90A4B0B490395CDE90103009079
:10A9F000034601221AF0AAFE204605B0F0BD04214C
:10AA00000C30FBF711FC057047704680F4E700BF7F
:10AA10005DD50200748D020030B50546006885B032
:10AA200010B3407B07281FD1087A01280ED0104BA5
:10AA3000029300230390CDE900330E49012218460A
:10AA40001AF084FE6FF0150005B030BDC87A0728F3
:10AA5000F8D98A61CB6105F130001CF07EFB2846F5
:10AA60001AF083FE0020EFE76FF07F00ECE700BFF5
:10AA700085D50200748D02002DE9FF47D0F8B4405F
:10AA800006460F4690463CB1443C236B5BB92046DA
:10AA9000FFF71CFF646CF6E7FCF7FCFD0026304670
:10AAA00004B0BDE8F08704F1300948461CF06AFBA9
:10AAB00005460028F0D0737B072B0BD03549364A6A
:10AAC00036484FF4747319F0B9FF4FF4747132487B
:10AAD00019F0ABFF1AF0E4FA58B1314B029300239E
:10AAE000CDE900332F490395012218461AF02EFEB6
:10AAF000D4E72846FBF798FAA56C06469DB9A38CC7
:10AB0000058A403B9BB23F2B03D8238D9D4228BF33
:10AB10001D46042106F10C00FBF7A6FB0580A38C63
:10AB200043800435A564BD422BD8B6F810A0554526
:10AB300012D100220023484614F02AF9864209D097
:10AB40001949154A154840F2024319F077FF40F2BF
:10AB50000241BCE7FBF716FAA38CA3F140023F2A9F
:10AB600007D8554514BF0022104AB26118BF1346DA
:10AB7000F3612046FFF7AAFE236B13B120461AF0BB
:10AB8000F4FDA36CC8F800309F4234BFDF1B0027E0
:10AB9000A76484E79DD50200EBD40200ACAC0200B0
:10ABA000BED50200748D0200D6D50200A95802005D
:10ABB0002DE9F341424D434F04464FF00008BD429A
:10ABC00079D94149414A42484FF4D37319F036FFCD
:10ABD000404819F033FF4FF4D37110E029884B1E21
:10ABE0003E2B0FD9394A3C49394840F2A91319F094
:10ABF00025FF2988394819F021FF40F2A91133486F
:10AC000019F013FF20461AF045FE0646019068B180
:10AC10002E4A33492E4840F2AD1319F00FFF298810
:10AC2000304819F00BFF40F2AD11E8E76B6801A95D
:10AC300020469847002839DB019B2A889A829A840B
:10AC400003F11002BFF35B8F52E8001F42E800607F
:10AC50000028F9D1BFF35B8F5E649E649E60A16B98
:10AC600003F1080221BBC4E90D221C60C3F80C806B
:10AC700003F130001CF068FA019843681B6803B1C7
:10AC80009847019BBFF35B8F103353E8001F41F0DF
:10AC9000010143E80012002AF7D1BFF35B8F01984E
:10ACA0004368DB6913B100F110019847083586E766
:10ACB0000A60A263D9E791D302B0BDE8F08100BF7A
:10ACC000A48C0200BC8C02007FD60200EBD40200F0
:10ACD000ACAC020022B10200E6D5020015D602009B
:10ACE00040D6020054D6020070B50B8A032B86B002
:10ACF00006460C460CD82A4B02930023CDE90033BC
:10AD00002849012218461AF021FD002006B070BD26
:10AD1000042104F10C00FBF7E5FA238A42889A42E9
:10AD200005460CD0CDE903321F4B02930023CDE939
:10AD300000331C49012218461AF008FDE5E7437864
:10AD400013B91A4A0292D9E70378012BDDD0132BED
:10AD500006D1022AD9D00223CDE90323144BE4E71C
:10AD600000240393134B0F490293022223462046EB
:10AD7000CDE900441AF0EAFC697836680222012025
:10AD8000FFF722FE05460028BFD002210C30FBF75A
:10AD90004BFA29460470447030461AF092FDB4E72D
:10ADA000A6D60200748D0200C4D60200E5D60200C9
:10ADB00006D7020031D7020030B50B8A032B85B0CD
:10ADC00005460C460FD8154B02930023CDE90033FE
:10ADD0001349012218461AF0B9FC204605B0BDE817
:10ADE0003040FBF7CFB8042104F10C00FBF77AFAEE
:10ADF000418828461AF076FD034648B9094A03916E
:10AE0000CDE901020649009002221AF09FFCE4E716
:10AE1000436821465B699847DFE700BF59D70200C6
:10AE2000748D020076D7020070B5144A137801338E
:10AE30000C4613F0FF010CBF01230B4613700646AE
:10AE400008BF194608221220FFF7BEFD054688B14B
:10AE500008210C30FBF7E8F92288028062884280E2
:10AE6000A2888280E288C28029463046BDE87040D0
:10AE70001AF027BD6FF00B0070BD00BFFA33002041
:10AE800023281FD81A2804D8431E182B0ED90620B1
:10AE90007047A0F11B03082B1ED8DFE803F0051D47
:10AEA0001B231D19251D0500032070470F4A012390
:10AEB00083401A40C2B90E4A1A40002A0CBF06202D
:10AEC0000120704700F07F03522B05D1002070470E
:10AED000012070470520704710F0400F14BF00207C
:10AEE000062070470420704702207047AAAA8A02F1
:10AEF00054554501011F014813F07ABB800500201D
:10AF000008B50B4B1B7873B90A490B4A0B4840F242
:10AF1000463319F093FD0A4819F090FD064840F2B7
:10AF2000463119F082FDFAF761FB064B185808BD4F
:10AF3000163400200FB30200E4B20200ACAC0200F1
:10AF400022B302000800000010B50446807AFAF728
:10AF500035FE0B4B83420BD00A490B480B4A40F29B
:10AF6000691319F06BFD094840F2691119F05DFD94
:10AF70002046FAF72BFE064B182202FB003010BDCC
:10AF800010060020E1D70200ACAC0200B2D70200EC
:10AF90003C140020F0B54FF4702285B00746002322
:10AFA00011480D4619F07BFF044660B90F4B10495C
:10AFB0000395CDE901030090034601221AF098FDA4
:10AFC000204605B0F0BD00F10C0609213046FBF724
:10AFD00009F92046FFF7B8FF012187603046FBF7EB
:10AFE00023F90570ECE700BF100600205DD50200D4
:10AFF000FC8C020030B5044685B0EFF311852023A8
:10B0000083F31288BFF36F8F274816F0F3F968B9FE
:10B01000264A27492748842319F010FD224926484B
:10B0200019F00CFD8421214819F0FFFC1E4816F090
:10B0300005FA00232360214B5A689AB9C3E90044FA
:10B04000194816F0E5F980B9184A1D4919484FF416
:10B05000997319F0F3FC14491A4819F0EFFC4FF4F6
:10B060009971E0E714605C60EAE785F31188BFF34B
:10B070006F8F154814F0B4FB002812DA0024134B2C
:10B0800003900293CDE90044114923460122204652
:10B090001AF02EFD84F31188BFF36F8F0323184637
:10B0A00002DF05B030BD00BF3814002026AF02001B
:10B0B0007FAF0200ACAC020094AF0200301400205D
:10B0C00053AF02006AAF0200680300200DD80200EF
:10B0D000FC8C020070B50E46438B418D8B4202F111
:10B0E000010228BF0B469A4286B005460FD90024BC
:10B0F000CDE903321C4B0293CDE900441B492346A2
:10B10000022220461AF0F4FC204606B070BD3046FC
:10B11000FFF7B6FE6FF01403034113F001030ED0E6
:10B12000FFF7EEFE124BD3F8803098421AD0114B45
:10B130001B681A1A18BF4FF0FF32134601E04FF494
:10B1400070220D480021FFF707FC04460028DBD0E1
:10B15000FFF7FAFE0121856004F10C00FBF764F8AB
:10B160000670D1E70022E8E736D80200FC8C020026
:10B170009811002084140020100600202DE9F04FC3
:10B18000074685B008460C46FFF7DEFEE268D0F8B9
:10B1900008900646BFF35B8F3B6DBFF35B8F13F0E8
:10B1A00001030ED1324A33490093CDE901321846EA
:10B1B00001221AF09DFC6FF01505284605B0BDE888
:10B1C000F08F238A5BB92C492C482D4A4FF4D67353
:10B1D00019F034FC2A484FF4D67119F026FCE368C4
:10B1E0004FF000081B780371C0F800801378D22B51
:10B1F00015D13B68214618681BF09DFB054670B1D0
:10B20000204B1C49CDF80080CDE9018340464346E0
:10B2100001221AF06DFC2046FAF7B4FECDE70023B8
:10B22000D4F80C80D4F814B0B4F810A0B7601A4663
:10B230002146381DFFF7F0FB05460028BDD010F170
:10B24000690F09D1104B02930023CDE9003309495E
:10B25000012218461AF04CFC6369A4F810A0A8EB70
:10B260000B0813FA88F3E360C6F808903560A4E78A
:10B270005BD80200FC8C020075D80200ACAC020066
:10B28000B2D702009BD80200AED802002DE9FF41E0
:10B29000064690461F460D4671B104220121FFF774
:10B2A00019FF044658B90D4B0D490090CDE9010333
:10B2B000012203461AF01CFC04B0BDE8F081042111
:10B2C0000C30FAF7B1FF21460570A0F80180C77075
:10B2D000304604B0BDE8F0411AF048BCD1D80200B5
:10B2E000FC8C02002DE9F0410B8A86B004460D4625
:10B2F00063B9314A31490093CDE901321846012240
:10B300001AF0F6FB002006B0BDE8F08107680121C5
:10B3100005F10C00FAF7E6FF7B7B072B0646F1D11F
:10B3200054F8043C002BEDD00278254F043C002358
:10B3300017F8330090424FEAC30807EBC30119D155
:10B340002B8A4878984231D9CDE903321D4B0293BC
:10B350000023CDE900331846184901221AF0C8FB32
:10B3600004234744BA78012ACCD1002BCAD03178C3
:10B37000002217E001330C2BDAD1134B0293002388
:10B380001846CDE900330D49039202221AF0B0FBB2
:10B3900031780846FFF774FD2122C24012F0010205
:10B3A000B0D106232046FFF771FFABE74B6820467C
:10B3B000294698470346D4E7EED80200FC8C0200E9
:10B3C000A892020023D9020009D902007FB5CB68F8
:10B3D0001D8804468DB15E8876B1AE420DD3102231
:10B3E000002168461DF0BAF905212046FFF7D2FD7D
:10B3F000019058B9112007E0354601232A4604215F
:10B400002046FFF743FF002004B070BD6B46314675
:10B41000084A009428461AF0DFFBDDE9011323B93E
:10B420000846FAF7AFFD0A23E8E720461AF09EFB2C
:10B43000E9E700BFB159020010B500F14C03044622
:10B44000BFF35B8F53E8001F41F0010143E8001296
:10B45000002AF7D1BFF35B8F201F1AF005FB04F120
:10B460006C00044914F0DAFA2068BDE8104002F0DC
:10B4700045B800BF95C20000F0B51D4603680E46F2
:10B4800000398BB0044618BF0121186817461BF01D
:10B4900044F840B904F150001AF0C2FB00284AD029
:10B4A00000200BB0F0BD002D47D01822002104A8C9
:10B4B0001DF054F98FB1002213212046FFF70AFE38
:10B4C0000346059048B91E4A0090CDE901021D4986
:10B4D00001221AF00DFB1120E3E723681A4A1B68CA
:10B4E00004930023ADF82230109B0793BDF844303D
:10B4F000ADF8203001238DF82430294604AB2846CE
:10B500008DF818601AF068FB9DF8243063B1002FA5
:10B51000C6D00598FAF736FD9DF824302A46314604
:10B520002046FFF7B3FEBBE705990029B8D02046B7
:10B530001AF01CFBB4E71220B3E70120B1E700BF0B
:10B5400042D90200FC8C02003F590200F0B51D46B2
:10B55000036885B004460E461868012117461AF0A4
:10B56000DCFF38B904F150001AF05AFB50BB12202E
:10B5700005B0F0BD65B31022002168461DF0EEF85D
:10B5800039462046FFF706FD029018B3BDF8283073
:10B59000ADF8043001238DF80C3029466B460E4A75
:10B5A000009428461AF018FB9DF80C3002995BB104
:10B5B0000846FAF7E7FC9DF80C302A46314620464B
:10B5C000FFF764FE0020D3E720461AF0CFFAF9E730
:10B5D0000120CDE71120CBE7835E02002DE9FF417A
:10B5E000036804460D46186801211AF096FF40B919
:10B5F00004F150001AF014FBA0BB122004B0BDE807
:10B60000F0811022002168461DF0A8F80F21204685
:10B61000FFF7C0FC029038B3009405F10C074FF01F
:10B6200001082B8A012B04D8029920461AF09EFAB1
:10B6300018E0384619F060FC6B460C4A8DF80C8017
:10B64000014606461AF0C8FA9DF80C30002BE8D0E7
:10B650000298FAF797FC9DF80C3032460E212046EE
:10B66000FFF714FE0020C9E71120C7E7835E020040
:10B670002DE9FF41036804460D46186801211AF0C0
:10B680004CFF40B904F150001AF0CAFAA0BB1220D6
:10B6900004B0BDE8F0811022002168461DF05EF87C
:10B6A00021212046FFF776FC029038B3009405F183
:10B6B0000C074FF001082B8A012B04D80299204671
:10B6C0001AF054FA18E0384619F016FC6B460C4A8A
:10B6D0008DF80C80014606461AF07EFA9DF80C3073
:10B6E000002BE8D00298FAF74DFC9DF80C3032465A
:10B6F00020212046FFF7CAFD0020C9E71120C7E737
:10B70000FF5D02002DE9F0430F4687B00446062195
:10B7100007F10C00FAF7E6FD0588EDB1B0F80280FC
:10B72000B8F1000F17D0A84516D3002382888DF8F2
:10B7300000308DF8043001A94FF420536846D7F843
:10B740000C90ADF80220ADF8063019F027FC064643
:10B7500060B10A2301E0454601232A46062120461E
:10B76000FFF794FD002007B0BDE8F08301461422E6
:10B7700001A83F7C1CF0F2FF07212046FFF70AFCDE
:10B780000290D8B10A238DF81530414601AB0C4A1E
:10B7900001942846CDE903698DF814701AF01CFA5B
:10B7A0009DF8153002992BB10846FAF7EBFB9DF88E
:10B7B0001530D2E720461AF0D9F9D3E71120D2E7A5
:10B7C000C9B900002DE9F0410E8A043EF6B2022EFE
:10B7D00004468CB0084601D0102E76D104210C30DE
:10B7E000FAF780FD0DF1040805884788011D3246EF
:10B7F000404619F000FC002869D085B377B3BD42FC
:10B800002DD8606801211AF088FE064678BB8DF8B5
:10B81000000042F6020369464046ADF8023019F0D6
:10B82000BDFB20B342F6030306A940468DF818601D
:10B83000ADF81A3019F0B2FBC8B1012D03D14FF6A3
:10B84000FF739F4213D004F150001AF0E9F9002869
:10B8500014BF002012200CB0BDE8F0813D4601234A
:10B860002A4608212046FFF711FD0020F3E71822A1
:10B8700000210DEB02001CF071FF09212046FFF7AB
:10B8800089FB0890F8B101210C30CDE90648FAF7A0
:10B89000CBFC0023099003700A238DF82C30394625
:10B8A00006AB0C4A28461AF097F99DF82C300899F7
:10B8B0002BB10846FAF766FB9DF82C30D0E72046FE
:10B8C0001AF054F9D1E71120C5E70420C3E70E2090
:10B8D000C1E700BFE9BB00002DE9F0410E8A043E3C
:10B8E000F6B2022E04468CB0084601D0102E64D168
:10B8F00004210C30FAF7F6FC0DF10808058847889A
:10B90000011D3246404619F076FB002857D0A5B3FA
:10B9100000268FB3BD4230D84FF4205301A94046D2
:10B920008DF80460ADF8063019F038FB48BB1422DE
:10B93000002107A81CF012FF11212046FFF72AFB67
:10B940000990002837D001210C30CDE90748FAF7DB
:10B950006BFC00230A90394603701A4A0B93284661
:10B9600007AB1AF039F9DDE909131B78FBB9084672
:10B97000FAF708FB0A2301E03D4601232A4610217D
:10B980000EE042F6010307A940468DF81C60ADF8B1
:10B990001E3019F003FB0028C9D010232A4619468F
:10B9A0002046FFF773FC00200CB0BDE8F081204674
:10B9B0001AF0DCF8F7E71120F6E70420F4E70E2090
:10B9C000F2E700BF31BB00002DE9F04393B0D2F89D
:10B9D000008007460E46002542F601030068D8F8AD
:10B9E00004908DF834500DA91446ADF8363019F096
:10B9F000D5FA002873D04FF4205338688DF83450AE
:10BA00000DA9ADF8363019F0C9FA38B1A3681BB1E9
:10BA10005A88B24200D25E80012010E06168084678
:10BA200019F075FFB8F82A20B8F81A309A4294BF76
:10BA3000C0EB0200C0EB0300032803D8002013B0C2
:10BA4000BDE8F0830846FAF727FB6168054608461B
:10BA500019F05DFF6B8A2A8AA3EB020C6B69EA6816
:10BA6000D21AACEB0203B8F81AC0B8F82A209445F1
:10BA700094BFC0EB0C00C0EB0200834228BF03461A
:10BA80006BB9887AFAF79AF80022002319F007FABE
:10BA900005460028D2D001466068FAF743FB002330
:10BAA00000931023D7F8048039460DEB0302484673
:10BAB000C047071E13DB227CE068BA422DD0014646
:10BAC0000DA819F098FA034660B9227C0392154A32
:10BAD00015490093CDE9013202221AF009F800233A
:10BAE000A36099E7FAB204A908A819F084FA0346FA
:10BAF00010B90E4A0397EBE708A90DA819F04EFA02
:10BB00000028ECD100236374042105F10C00FAF73E
:10BB10008BFBA0600680A3687DE704A91CF026FECD
:10BB2000EEE700BF5BD90200FC8C02007AD902006C
:10BB30002DE9FF4105460E464FF000084FF4205313
:10BB4000006817688DF8088002A91446ADF80A301D
:10BB500019F024FAA0B142F6010328688DF80C8090
:10BB600003A9ADF80E3019F019FA48B123691BB1D9
:10BB70005A88B24200D25E80012004B0BDE8F08154
:10BB80006168286819F00AFA10B100232361F3E70D
:10BB9000E368A0681A786AB1B7F82AC0798B038A7B
:10BBA0008C4594BFC3EB0C03C3EB0103934201DA52
:10BBB0000020E2E704210C30FAF736FB2061068012
:10BBC00023695E80074B00930194A26800232946F5
:10BBD00038461AF08BF80028EADB2069003818BFD5
:10BBE0000120CAE7D15A02002DE9F347176805463C
:10BBF000894600685168D7F804A0144619F0CEF9B8
:10BC0000804600284BD19522294650461AF013FC55
:10BC10000646207540B1E3681B780BB184F81480A8
:10BC2000002002B0BDE8F087294650461AF0BBFC60
:10BC300010B908232375F3E7A0682675FAF72CFAE4
:10BC400002210C30FAF7F0FA164B2061A0F80090B0
:10BC500000930194A2683346294638461AF046F804
:10BC6000002807DA10F1FF0F26BF4042C0B20E20B5
:10BC70002075D5E72369002BD2D0A06819F047FEC4
:10BC80007B8B7A8D9A4294BFC0EB0200C0EB03001D
:10BC9000E3681B78984294BF00200120C1E701208F
:10BCA000BFE700BF1F590200F0B587B004460F463A
:10BCB00034480022002304A912F00EFC054678B196
:10BCC000314B02930023CDE90033039401222F4925
:10BCD000184619F00DFF6FF00B06304607B0F0BDA7
:10BCE000FFF70EF92A4B28221860294604981CF009
:10BCF00035FD049B27481C60049C0595C4E901554B
:10BD0000C4E908550022002305A912F0E5FB064608
:10BD100040B123680393204B0095CDE901530222E3
:10BD20002B46D4E70146A82205981CF017FD05987C
:10BD30001A4B836058301BF007FA059BBFF35B8FEB
:10BD4000503353E8002F43E800610029F9D1BFF3D5
:10BD50005B8F059B1C60236A059D1BB904F10C00D9
:10BD60001BF0F2F9226AC5F8A020626A05F1A0036F
:10BD7000236202B96362059B17225A855A830433F2
:10BD80003B60AAE76005002099D90200FC8C020004
:10BD90008414002080050020BED90200400300204A
:10BDA0001FB5437B072B08D0154B02930023CDE929
:10BDB00000330222134918460AE0042119F092FDCB
:10BDC000034658B9104A0F490090CDE901020122FB
:10BDD00019F08EFE002005B05DF804FBBFF35B8F09
:10BDE000C26CBFF35B8F12F0010206D1074B0092C9
:10BDF000CDE9012313460122DCE750F8040CEAE701
:10BE0000E3D90200FC8C0200F1D902005BD80200E9
:10BE10002DE9F04F064689B0EFF31187202383F315
:10BE20001288BFF36F8F714815F0E4FA68B9704A51
:10BE300070497148842318F001FE6C496F4818F06E
:10BE4000FDFD84216A4818F0F0FD6D4D674815F03E
:10BE5000F5FA284619F051FD2B680693044663480D
:10BE600015F0D6FA68B9624A664963484FF4997387
:10BE700018F0E4FD5D49644818F0E0FD4FF4997155
:10BE8000E0E787F31188BFF36F8F002C59D020466D
:10BE9000FFF75AF80021036907931822D0E90257E7
:10BEA000D0F8009090F80480B0F806B01CF056FC72
:10BEB000A07AF9F783FE6169824651B1627AD007B0
:10BEC00005D4DAF8242012682046926890470022B0
:10BED0006261214650461BF04BF9B8F1000F13D0B8
:10BEE00095B12B6883B11B6873B1B9F1000F2BD0EA
:10BEF000464B02930023CDE900334549CDF80C9021
:10BF00000122184619F0F4FD069BD3B131460020FA
:10BF10001BF09DF9002814DA3E4B039300243E4B9E
:10BF200004900293CDE9004439492346012220467A
:10BF300019F0DEFD84F31188BFF36F8F03231846D9
:10BF400002DF09B0BDE8F08F281D19F0CAFF404696
:10BF5000FEF796FF012303FA00F010F01404D3D18A
:10BF600010F0090F1FD110F0220F30D0BFF35B8FFC
:10BF70002B6DBFF35B8FDA070AD4284B02930023A3
:10BF8000CDE9003322490122184619F0B1FDBBE783
:10BF90006B6D002BB8D04FF47022002305F17000B8
:10BFA00013F074FEB0E72B68D3F80080BFF35B8F0B
:10BFB0002B6DBFF35B8FDB07DFD5002FA4D0A3B2BF
:10BFC0005B45A1D207994046B8470134F7E7144AC8
:10BFD0001449094840F2063318F030FD1248062192
:10BFE00018F02CFD0E4840F206312CE738140020E2
:10BFF00026AF02007FAF0200ACAC020094AF02009B
:10C000003014002053AF02006AAF02000CDA0200C5
:10C01000FC8C0200E5F4020044DA02005BD8020066
:10C02000B2D7020040E702002BDA0200F0B585B07B
:10C030000F461646FFF7B4FEE0B1036A18461BB17F
:10C0400050F8A03903B1A03B741C214638B1428D91
:10C05000458BAA4228BF2A46A2420ED2A3B90E4B54
:10C0600002930023CDE900330C49039402221846C1
:10C0700019F03EFD002005B0F0BD3246394605B04E
:10C08000BDE8F040FFF726B8D3F8A05005B1A03DB9
:10C0900018460C462B46DAE75FDA0200FC8C0200F9
:10C0A00037B50023019305460C46FEF729FF0E4BDA
:10C0B0001B68834204D00D4BD3F88030834201D1FA
:10C0C00000252C4601A90A482A46234612F004FA04
:10C0D000014630B901981C221CF040FB019803B0C6
:10C0E00030BD0020FBE700BF841400209811002021
:10C0F000A005002010B50446806818B1F9F742FF8A
:10C100000023A36021460248BDE8104012F070BA37
:10C11000A00500202DE9F043044685B070301E468E
:10C120000F46904613F0B8FD636D73B9164A174970
:10C130000093CDE901321846022219F0D9FC2046BD
:10C1400005B0BDE8F04300F089B8114A93424FF0C2
:10C15000000217D05D685A60606DD0F81890FFF744
:10C16000C9FF00232068636519F0F0FE3DB1206827
:10C17000CDF80090006843463A463146A84705B0DE
:10C18000BDE8F0831546ECE77ADA0200FC8C020089
:10C1900088140020F7B550F8044C0546002C59D0FF
:10C1A00000F19C0104F1200019F021FD2E1F05F182
:10C1B000540700220023384612F0EAFD024678BBFD
:10C1C0002B6D2BB101466FF067033046FFF7A2FFDE
:10C1D000002345F8043C05F14C03BFF35B8F53E8A3
:10C1E000001F21F0010143E80012002AF7D1BFF33C
:10C1F0005B8F236A73BB04F10C06002200233046D8
:10C2000012F0C6FD78B9666886B9134826602146E3
:10C2100012F0EEF9286803B0BDE8F04001F0CEB9A5
:10C22000F9F7B0FEC5E7F9F7ADFEE6E7A2683368B7
:10C230006360964208BFA36077683FB1B36900931B
:10C24000002320681A466FF06701B8473046FFF7B1
:10C2500051FFD8E703B0F0BD600500201FB50446CC
:10C260000430FFF797FF60681321FDF7ABFD50B175
:10C27000064B029300230390CDE9003304490122C9
:10C28000184619F035FC04B010BD00BF91DA020069
:10C29000FC8C020030B504468DB054F8703D04ADFE
:10C2A00019682846FEF7B4F9074B02930023184695
:10C2B000CDE9003305490395012219F019FC204608
:10C2C000FFF7CCFF0DB030BDAFDA0200FC8C0200EE
:10C2D0007FB550F8043C0446061F002B42D039B10C
:10C2E000036D002B3ED01B7CDA073BD5052322E0F3
:10C2F0000568284601F04EF96B7A012B32D0256D86
:10C30000002D2FD02B7CDB072CD5EB68002BEDD03C
:10C310006A69697C3046FEF7DDFE044698B96B7C9D
:10C320000393114B11490090CDE90103012203460B
:10C3300019F0DEFB0E2300221146304604B0BDE8A2
:10C340007040FFF7E7BED5E90512EB68984718B1D2
:10C350002046F9F717FEEDE721463046FEF70EFFBF
:10C360000028F5D104B070BDDBDA0200FC8C0200BD
:10C3700070B50D4658B92249224A234840F6BA738F
:10C3800018F05CFB40F6BA711E4818F04EFB49B934
:10C390001E491C4A1C4840F6BB7318F04FFB40F680
:10C3A000BB71F1E7FFF7FCFC044628B92846F9F712
:10C3B000E9FD6FF07F0070BD00F10C0629463046A4
:10C3C0001AF0CBFE246AC4B154F8A05905B1A03DBF
:10C3D0000022104607E022467DB1D5F8A03003B117
:10C3E000A03B2C461D46831C01D1002AF4D13146C6
:10C3F000204619F062FC0028EDD10020DBE700BFE9
:10C4000004D30200B2D70200ACAC020081C2020029
:10C4100038B50C46054658B91849194A194840F626
:10C42000CF7318F00BFB40F6CF71154818F0FDFAEA
:10C4300049B91549124A13484FF47D6318F0FEFAC2
:10C440004FF47D61F1E714F0ADFD2846FFF7A8FC3D
:10C4500020B914F015FE6FF07F0038BD0023236073
:10C4600083683BB9C0E9014419F070FD14F008FE7F
:10C470000020F2E71C608460F6E700BF04D30200EE
:10C48000B2D70200ACAC0200FBDA020038B50546B8
:10C4900048B1154B13F8011C1A465C1E19F00CF933
:10C4A00058B1204606E011490F4819F002FE78B154
:10C4B0000D4B581E38BD0020FCE7217C04F1110211
:10C4C000284619F0F9F80028F5D004F11000F1E73A
:10C4D000054B064903F1100019F0EBFD0028EAD0E6
:10C4E000014B03F10F00E5E7BD1400203DF402000D
:10C4F00070B50E4C2378834205460E4603D1601C6E
:10C5000019F0D7FD68B9237BAB420CD108483146FE
:10C5100019F0CFFD20B10120404200F00C00204472
:10C5200070BD0020F8E70020FAE700BF923200203B
:10C530009F32002070B54A1C0C46054688B90E494A
:10C54000104619F0B6FDA8B904F10A0604F10B0271
:10C550005DB1A17A284619F0AFF800B9002630463F
:10C5600070BD097819F0A8F8EDE70349104619F0F5
:10C57000A0FDF2E72646F2E73DF402002DE9F04384
:10C5800085B01E46BDF83030D1F80C8081460F468C
:10C59000002B4AD1731E012B4AD8012E41460CBFF5
:10C5A00015781588FFF7C6FF0446E8B91DB930466F
:10C5B00005B0BDE8F0834146FFF7BCFF044658B91B
:10C5C0001D4B0090CDE901031C490346022219F0DE
:10C5D00016FE6FF01000EBE709F17001013019F061
:10C5E0007FFD99F808302370D8F81C308BB925816D
:10C5F000B8F81430AB4203D04146384619F077FD05
:10C60000002DD4D10E49601C19F06AFD25702581DA
:10C61000CDE72A463946484698470028C8DB013806
:10C620000128E4D96FF00D00C2E76FF00600BFE704
:10C630006FF00C00BCE700BF06DB0200548D020067
:10C640003DF402001FB51BF002FA60B1074B0293E4
:10C6500000230390CDE9003318460549012219F063
:10C66000CEFD6FF0040005B05DF804FB20DB020096
:10C67000548D0200024608B50849013019F030FD1A
:10C68000002313720C32BFF35B8F52E8001F42E8A5
:10C6900000300028F9D1BFF35B8F08BD3DF40200E4
:10C6A0002DE9FF4180460F4616461D46FFF720FF45
:10C6B0000446A8B91D49FFF71BFF044658B91C4B97
:10C6C0001C490090CDE901030122034619F097FDB2
:10C6D00004B0BDE8F08100F8018B394619F000FD87
:10C6E000238923B96389EBB926816581F0E7AE42DE
:10C6F0000ED91149114A124840F2111318F09EF94F
:10C70000104818F09BF90D4840F2111118F08DF9FE
:10C71000B342628903D86389AB42D9D2E5E7268167
:10C72000AA42FAE7AE42F6D9E3E700BF3DF40200C1
:10C7300036DB0200548D020085DB020055DB02006F
:10C74000ACAC02009ADB02002DE9F047284B1646FC
:10C7500082689A4207462BD1C568AB8A43B36C1CEA
:10C7600005F115094FF00008B4F807309BB114F833
:10C77000011C2246304618F09FFFE0B914F8010C66
:10C780002146FDF7DBFE30B1437B072B08BF48F0A5
:10C790000108FDF7E5F80A344C45E5D1B8F1000F82
:10C7A00006D1AB69A5F8148013B1414638469847C5
:10C7B0000120BDE8F08706F1700A307A514618F082
:10C7C0001DFD78B90B4B9D4202D1304619F083FD17
:10C7D0000949204619F084FC002304F8013CA4F820
:10C7E0000730D8E75146204619F07AFCD3E700BF5E
:10C7F0007DC50000900300203DF402002DE9FF41BB
:10C800009846BDF82830012B064617463AD84344CF
:10C81000012B454639DCFFF739FE044690B9FFF796
:10C8200035FE044670B91C4B1C490090CDE901034C
:10C830000222034619F0E3FC6FF01005284604B00D
:10C84000BDE8F081B8F1000F11D0217A002321FA60
:10C8500003F2D00703D53A78DA40D20718D501336E
:10C86000032BF4D13B7803F0070319432172601CBA
:10C8700006F1700119F034FC337A2370204619F068
:10C8800050FDDBE76FF00605D8E76FF00C05D5E744
:10C890006FF01205D2E700BFBEDB0200548D02002C
:10C8A00010B51449BFF35B8F044651E8003F23F0F5
:10C8B000020341E80032002AF7D1BFF35B8F08463C
:10C8C00019F0F1FBC20705D500220023A1F13000C9
:10C8D00013F0DCF9204619F094FB50B12046FFF725
:10C8E000D5FD30B1037ADB0703D5BDE8104019F060
:10C8F00018BD10BDA80A002010B51E48012119F06E
:10C90000E0FBC30735D402211A4819F0DAFB0840CE
:10C910001FD11949194A0B88194CA24216D900B1E6
:10C920000B801849184A194840F2955318F086F8B8
:10C93000174818F083F8144840F2955118F075F82C
:10C94000506803449BB208320120E6E7F8D300B1F7
:10C950000B801049104813F061F80F484FF4A4728F
:10C960000023F9F7E7FDBDE810400C490C4813F02F
:10C9700055B810BDDC140020AA320020DC8C020067
:10C98000F48C0200F1DB020055DB0200ACAC0200CB
:10C9900022B102009DCC0000080A0020E9D000006E
:10C9A000780A00202DE9F041034698B3008A88BB3D
:10C9B0001A49DFF86CE001244FF0140C714528D9B6
:10C9C0001849194A194840F2117318F037F81848F5
:10C9D00018F034F8144840F2117118F026F8D1E933
:10C9E0000076BB4204D30CFB0672143A93420ED974
:10C9F0003444A2B208311446E0E70CFB0578434505
:10CA00000AD001356219B54292B2F6D1F2E700259B
:10CA1000F8E7E4D3BDE8F0811046FBE7DC8C0200C8
:10CA2000F48C0200EADB020055DB0200ACAC020031
:10CA300022B102002DE9F74FBDF830500091994620
:10CA40004FF6FF73002D08BF1D462B4B1B888342FA
:10CA50000746904632D203B0BDE8F08F8958019363
:10CA6000404618F09BFA019B90B101340AF1010A8B
:10CA7000A4B2736853452CD9009B9C42EBD8BC42AE
:10CA8000F3D331680BFB0AF28B18B8F1000FE5D134
:10CA9000B9F1000F0BD1013DADB218460E9A0D9BB6
:10CAA00021469847002DD6D00028DED1D3E7DA689A
:10CAB0009145DAD1EFE74FF0000ADAE70F4E012493
:10CAC0004FF0140B06E0C6D273682344BB42F2D287
:10CAD0009CB208360A4B9E42F5D90A490A4A0B48CD
:10CAE00040F2D97317F0AAFF094817F0A7FF0648CC
:10CAF00040F2D97117F099FFAA320020DC8C0200B5
:10CB0000F48C0200EADB020055DB0200ACAC020050
:10CB100022B1020030B51022A3B000210DEB0200BB
:10CB20001BF01CFE1422002109A81BF017FE4FF475
:10CB30001053ADF82030354D8023ADF8223010224F
:10CB40004FF48063CDE90A350DEB020120AB08A854
:10CB50001AF08BFE044660B12D4B02930023CDE901
:10CB6000003303902B490122184619F048FB23B0EB
:10CB700030BD014648220EA81BF0F0FD2A46209940
:10CB80000EA81AF061FF0546B0B1234B0390CDE922
:10CB9000014320461F4900942346012219F02FFB30
:10CBA00020981AF098FD0028E1D01C4B0390CDE9A5
:10CBB000014300942346D5E7194A0EAB4FF6FF71A7
:10CBC000012019F02DFC174908AB10220EA81AF00D
:10CBD00059FF044620981AF07EFD34B1124B03949D
:10CBE000CDE9015300952B46BCE70E4B082203F11B
:10CBF0001001187811F8014D03F8014B013A087043
:10CC0000F7D10821094819F05CFAB0E70002C00327
:10CC100019DC0200548D020042DC020060DC0200DC
:10CC20001D620200F809002076DC0200A80A00203C
:10CC30002DE9F0411649BDF818700446A1F1300005
:10CC400015461E4613F084F8124819F02CFA010715
:10CC500001D4FFF75FFF2046FFF718FC68B1037AA5
:10CC6000DA070AD500F10C04204619F01CFAC307B4
:10CC700003D40221204619F024FA102306933A46E1
:10CC800031462846044BBDE8F04119F054BA00BFC4
:10CC9000380A0020A80A0020F809002008B5054835
:10CCA00019F001FA030703D4BDE80840FFF732BFCB
:10CCB00008BD00BFA80A002007B500230193FFF7B5
:10CCC00071FE411C89B20846034A01AB19F0A8FB6A
:10CCD000019803B05DF804FB6B6002002DE9F041A0
:10CCE0000C468AB01646804670B97849784A794829
:10CCF00040F6385317F0A2FE774817F09FFE40F633
:10CD00003851734817F091FE61B97449704A7148FF
:10CD100040F6395317F092FE6F4817F08FFE40F639
:10CD20003951EEE7437B072B40F0CB8000238DF891
:10CD30002430206842F6030309A9ADF8263018F024
:10CD40002DF90546002845D167684FB9644B654900
:10CD50000097CDE9017301223B4619F050FAB0E08B
:10CD60000090012308AA2146B84700280CDA5E4B40
:10CD70005C490095CDE90340CDE9015301222B46E2
:10CD8000284619F03CFA9CE001280BD0574B039041
:10CD9000CDE90153534900952B460122284619F04D
:10CDA0002EFA8EE09DF8203013F0300F00F08980CD
:10CDB0002046FFF781FF044660B94849444A454888
:10CDC00040F6575317F03AFE494817F037FE40F641
:10CDD000575196E7002320688DF8243009A942F6C0
:10CDE0000213ADF8263018F0D9F888B12046FFF7C5
:10CDF00063FF044660B93949354A364840F65D5309
:10CE000017F01CFE3A4817F019FE40F65D5178E71E
:10CE1000002542F6021720688DF8185006A9ADF8D3
:10CE20001A7018F0BBF810BB002320688DF824306E
:10CE300009A942F60213ADF8263018F0AFF80546FE
:10CE400000283ED16768002F80D00090022309AAF5
:10CE500021464046B847002889DB022896D1BDF814
:10CE6000243006EA0300003818BF01202AE02068B9
:10CE70008DF81C5042F6030307A9ADF81E3018F0D8
:10CE80008DF80028D0D020688DF820504FF4205322
:10CE900008A9ADF8223018F081F80028C4D0206825
:10CEA0008DF8245042F6010309A9ADF8263018F098
:10CEB00075F80028B8D02046FFF7FEFE044600288B
:10CEC000A9D100200AB0BDE8F08100BF04D3020060
:10CED00055DB0200ACAC02008CDC0200A1DC0200DD
:10CEE000A6DC0200548D0200BADC0200E0DC020085
:10CEF000F9DC02002DE9F843154689469422696859
:10CF0000064619F098FA8046002842D16968022244
:10CF10003046FFF7E3FE00283ED04FF4702000219A
:10CF2000AF8AFFF7BDF80237044680B11C4B47615A
:10CF30001D214174C0F80C80436085613A4630463B
:10CF4000FFF774F8074638B92046FFF7D3F86FF0BB
:10CF50000B052846BDE8F88301234246414619F0F7
:10CF600078F8A98A07F10C000231F9F75DF920F889
:10CF7000029BAA8A29691BF0CAFBA760214630469A
:10CF8000FFF746FA05460028E3D02046FFF7B2F83F
:10CF9000DFE74FF0FF35DCE76FF01505D9E700BF9D
:10CFA0007160020030B505468BB00C4671B9464938
:10CFB000464A474840F6DD3317F040FD454817F034
:10CFC0003DFD40F6DD31414817F02FFD4B6873B948
:10CFD0000B6863B940493D4A3D4840F6DE3317F0DF
:10CFE0002DFD3C4817F02AFD40F6DE31EBE73B48CB
:10CFF00019F059F8420761D515B16B7B072B60D149
:10D0000060680590FFF7CEFC2268ADF818003AB3CF
:10D0100005A90291324901910121002300914FF6A7
:10D02000FF710593FFF706FD059B1BB96FF001002B
:10D030000BB030BD6360059B186800238DF810307D
:10D0400004A942F60303ADF8123017F0A7FF70B938
:10D050000598C3689B799B0605D46FF01500E7E738
:10D060000028E8D1E2E719F094F9ADF81800BDF80E
:10D0700018003DB101230146A37522462846FFF75B
:10D0800039FFD5E76FF07F0307930223ADF8203017
:10D0900042F60213ADF8123005ABA5750293114BA1
:10D0A00001930123009304AA2B464FF6FF710994C4
:10D0B0008DF81050FFF7BEFC0798B9E76FF00A0033
:10D0C000B6E76FF07F00B3E70FDD020055DB02002B
:10D0D000ACAC020016DD02002CDD0200D400002002
:10D0E0009F600200E5D3000037B500F1300403462D
:10D0F000A0F12001204618F0D6FFC0F340028007BF
:10D100000ED51C491C4A1D4840F2E44317F096FC1A
:10D110001B4817F093FC184840F2E44117F085FCD7
:10D1200053F8080C0190BFF35B8F54E8000F20F018
:10D13000010044E80005002DF7D1BFF35B8F1148D3
:10D1400043F81C0C104843F8180C01A843F8100CC5
:10D15000042023F80C0C23F8082C23F8062C104686
:10D16000FFF720FF18B90221204618F0AAFF03B0EC
:10D1700030BD00BF49DD020055DB0200ACAC02004F
:10D180007ADD020044930200A1C800002DE9FF47A8
:10D190003C4B174682689A4205466FD1D0F80C8006
:10D1A0003C6808F1010608F11509B6F80730D3B15B
:10D1B00016F8011C3246204618F07EFA98B14FF45A
:10D1C00095722946204619F036F908B303280ED186
:10D1D0002D4B02930023CDE900332C490395022205
:10D1E000184619F00CF80A364E4547D0DDE70528F9
:10D1F00020460CBF4FF0030A4FF0020A18F056FA0F
:10D20000824505D93B795345EDD287F804A0EAE77A
:10D210004146284618F06BFF1D4B98452ED1207AC9
:10D2200004F17001FFF764F9054638B303890BB9BF
:10D2300043891BB32046FCF735FD164B2A8923F89A
:10D24000202003EB80036A8913495A80182202FBCD
:10D250000011124A4A600B61114A8A600423204679
:10D260008B82FFF79FFE48B10E4B02930023CDE95E
:10D27000003306490122184618F0C1FF012004B00E
:10D28000BDE8F0877DC5000095DD0200548D0200E9
:10D29000900300208E320020A4140020449302004A
:10D2A0002B630200A9DD020030B505468BB00C46A9
:10D2B00071B94449444A454840F6FC2317F0BEFB87
:10D2C000434817F0BBFB40F6FC213F4817F0ADFB8D
:10D2D0004B6873B90B6863B93E493B4A3B4840F61B
:10D2E000FD2317F0ABFB3A4817F0A8FB40F6FD21F1
:10D2F000EBE7394818F0D7FE42075DD515B16B7BD7
:10D30000072B5CD160680590FFF74CFB2268ADF8F5
:10D3100018003AB305A90291304901910121002377
:10D3200000914FF6FF710593FFF784FB059B1BB936
:10D330006FF001000BB030BD6360059B18680023DF
:10D340008DF8103004A942F60303ADF8123017F03F
:10D3500025FE70B90598C3689B79DB0605D46FF08C
:10D360001500E7E70028E8D1E2E719F012F8ADF878
:10D370001800BDF818002DB101462246284619F0C4
:10D3800095F8D7E742F60212ADF8122005AA6FF021
:10D390007F030292124A07930123CDE90032ADF8D0
:10D3A000203004AA2B464FF6FF7109948DF81050D7
:10D3B000FFF740FB0798BDE76FF00A00BAE76FF090
:10D3C0007F00B7E70FDD020055DB0200ACAC0200C6
:10D3D00016DD02002CDD0200D40000209F60020058
:10D3E000E5D300002DE9F84F404B144682689A427D
:10D3F00080463AD1D0F80C903D4B99451DD13D4D1A
:10D4000000263D49284618F054FE78B915F8010C5D
:10D4100007222946FDF7DAF850BB236915F8010CFD
:10D420001A69294653881288FFF73AF9731C022BB0
:10D4300005F10C054FF00106E3D109F1010709F1EF
:10D44000150AB7F80720A3899A420BD117F8010CE7
:10D450003946FDF773F8064620B1437B072B0AD007
:10D46000FCF77EFA0A375745EBD14FF0010B2AE063
:10D47000FCF776FADAE7D9F8203023B1414698472D
:10D4800008B93046ECE794224146304618F0D3FF05
:10D4900083460028F5D1A389022B17D1B7F80730AE
:10D4A0009A0720D52269A1883046FFF723FD05465B
:10D4B00018B92269937D013393753046FCF750FA11
:10D4C000002DA560CEDA5846BDE8F88F012B0AD1B1
:10D4D000B7F80730DB0706D52269A188304618F077
:10D4E000E5FF0546E9E75D46E7E700BF7DC50000CB
:10D4F00090030020933200203DF4020010B586B066
:10D500004FF6FF71104A0490044604AB01208DF8D9
:10D51000140018F085FF204618F0C8F89DF8141084
:10D5200088420ED2204618F08CF850B1074B029377
:10D5300000230390CDE9003305490222184618F074
:10D540005EFE06B010BD00BF8DD10000C6DD02003A
:10D55000548D02002DE9F0410D4B1B6806460F4625
:10D56000904623B153F8044904B1043C0BB9BDE81B
:10D57000F0811B681BB142463946304698472CB1B2
:10D58000656805B1043D23462C46EFE72546FAE7DA
:10D59000E014002013B5084A009004466B460120B1
:10D5A0004FF6FF718DF8040018F03AFF0021204675
:10D5B00018F0B3FF02B010BD8DD1000070B5034666
:10D5C0000F4A04464FF6FF71012018F029FF20464C
:10D5D000FEF75CFF054688B104F17006207A3146FB
:10D5E00017F00CFE20B92846BDE87040FFF742B89E
:10D5F0003146681CBDE8704018F072BD70BD00BFB8
:10D6000049C700007FB54FF42052ADF8162004AA98
:10D6100002920B4A00230120CDE900324FF6FF7140
:10D6200005AA04938DF81430FFF704FA049B012B2C
:10D6300014BF6FF01500002007B05DF804FB00BFB9
:10D64000AF65020008B501460448044B18F0C6FF58
:10D65000043B002814BF1846002008BDB40A00206F
:10D6600010B50C4A11680C4ABFF35B8F00F5B47318
:10D6700053E8004F944204D143E8001CBCF1000F72
:10D68000F6D1BFF35B8FBFF35B8FD0F86801BFF3B8
:10D690005B8F10BDE0130020B00A002008B5FFF733
:10D6A000DFFFB8B1036843B1426832B1826812B992
:10D6B0000B4A12783AB904200BE0094A127812B1E9
:10D6C0000BB1826842B9426842B9002B14BF0020F6
:10D6D000032008BD0320FCE70120FAE70220F8E759
:10D6E000FB33002030B5002385B004461A46EC30E9
:10D6F0000D46FDF791F988B1693009D10C4B0293C1
:10D700000023CDE900330B490122184618F0B5FF7C
:10D71000284605B0BDE83040F8F734BC4FF470221D
:10D72000002304F59C7005B0BDE8304012F0AEBA9D
:10D73000AED80200848D02001FB5062118F0D2F881
:10D74000044658B9074B08490090CDE9010301226E
:10D75000034618F092FF204604B010BDA0F1EC047F
:10D76000F9E700BFFADD0200848D02001FB50D4B02
:10D770000246D3F8EC0038B90B4AC3F8F020EC337A
:10D780000B6005B05DF804FB084B02930023039285
:10D790001846CDE900330649012218F06EFF6FF0FC
:10D7A0000B00EEE7B00A0020BC93020015DE020079
:10D7B000848D020030B5051D85B004460821284639
:10D7C00018F06AFF0B4904F15700FBF7BFFD70B179
:10D7D0000821284618F040FF074B02930023184603
:10D7E000CDE900330549012218F047FF082005B0B4
:10D7F00030BD00BF3D6902003ADE0200848D0200A8
:10D8000038B5EC22054600211AF0A8FF102105F1D9
:10D8100027000BF025FE044648B90521284618F0DC
:10D820003BFFFBF783FD034B1860204638BD0824FF
:10D83000FBE700BFE8140020F0B50B468DB00646AC
:10D840000D21043018F0CAFE40B3DD68D6F8EC3084
:10D8500003F17007197A3A46022001F01BFB0446D7
:10D8600090B904AD39462846F8F7DAFD0E4B0F495A
:10D870000395CDE90143204600942346012218F088
:10D88000FCFE08200DB0F0BD2B462E3405F1100231
:10D8900053F8041B44F8041B9342F9D13046092184
:10D8A00018F0FAFE0020EDE753DE0200848D02003E
:10D8B00070B50E4688B00446FFF7D2FEF36804F157
:10D8C00037020546114603F1100053F8046B41F886
:10D8D000046B8342F9D1237A052B00F29A80DFE8AA
:10D8E00003F017232303986F04AB51490093096891
:10D8F00004F1270304F1570001F0A6FB80BB0A21C5
:10D90000201D18F0C9FEAB680499D4F8EC009847C4
:10D9100020460D2118F0C0FE201D102118F0BCFE7D
:10D92000204618F0ECFE1CE094F8DC10D4F8D83057
:10D9300004ADCB403E49009503F00103096843F074
:10D94000800304F1570019F081F860B1394B02935C
:10D950000023CDE9003338490122184618F08DFE26
:10D96000082008B070BD1022294604F117001AF0F3
:10D97000FDFE08B10420F4E70321204618F08CFED8
:10D9800018F0BDFE0028EBD194F8DC300133DBB297
:10D99000142B84F8DC3009D10D21204618F07CFED0
:10D9A0001021201D18F078FE0020DAE7102104F184
:10D9B00027000BF055FD003818BF0120C000D0E74C
:10D9C000102104F127000BF04BFD0028C8D165B3EE
:10D9D000EB6853B3194BE27A1B88ADF81030A37C87
:10D9E00012F0010F08BF0320DB0703D5002814BF86
:10D9F000012002200023C4E938338DF811000C21E6
:10DA0000201D18F049FEEB68D4F8EC0004A99847F3
:10DA1000CAE703930A4B02930023CDE9003306497A
:10DA20000122184618F029FE9AE7022099E700BF64
:10DA3000E81400206DDE0200848D0200808E02005A
:10DA400086DE02002DE9F04790B004460CAD1022AE
:10DA5000002128461AF082FE237A052B3AD8DFE807
:10DA600003F0060303063929D4F8D8300C93D4F810
:10DA7000EC3004F1470204F1C707CDE9017204F16B
:10DA8000370803F17E0204F12709009277334A46F2
:10DA9000414604F1970001F06FFA824648B34D4BBE
:10DAA00002930023CDE900334B490122184618F0B8
:10DAB000E4FD1AE0D4F8E430002BD8D02E4603F170
:10DAC000100718685968324603C20833BB4216462D
:10DAD000F7D1CCE70393414B02930023CDE9003308
:10DAE0003D490122184618F0C8FD082010B0BDE8D5
:10DAF000F087D4F8EC3003F177027E3308AE01935F
:10DB000004F111030292009303962B4642464946C4
:10DB1000384618F0C0FF30B1314BCDF800A0CDE948
:10DB200001A35346C0E7237A052B0ED1D4F8E010A9
:10DB300011B30B46AC4601F1100E186859686246E5
:10DB400003C2083373459446F7D1D4F8EC3003F19F
:10DB50007E0277330DF1100A019304F10A03029259
:10DB60000093CDF80CA02B464A464146384618F0A3
:10DB700092FF30B11B4B93E7102228461AF0EEFDBE
:10DB8000E3E71022514604F1B7001AF0EFFDF8B9AF
:10DB90000D21204618F094FD07460028A5D010213D
:10DBA0000C30F8F741FB32460346164603CEAE4230
:10DBB00018605960324603F10803F6D13946204611
:10DBC000FFF790FD201D012118F066FD00208DE774
:10DBD0000B208BE7A2DE0200848D020086DE0200AD
:10DBE000B7DE0200DADE02007FB5047A022C0546B9
:10DBF00023D844B190F8DC30D0F8D840DC4004F0B1
:10DC0000010444F080040321284618F059FD06461B
:10DC100008B310210C30F8F707FB00901548234695
:10DC2000006805F1270205F1570118F00FFF0446BF
:10DC3000B0B13046F8F7A6F90DE0032C4FF0000321
:10DC40000CD00D4A0D490394CDE901320093012215
:10DC5000184618F012FD082004B070BD1C46D2E72B
:10DC600031462846FFF73EFD281D214618F0F4FCFA
:10DC70002046F1E7E814002086DE0200848D0200D1
:10DC80007FB5061DCD6804460B21304618F0E4FC34
:10DC90002B4604F1170205F1100153F8040B42F86A
:10DCA000040B8B42F9D1237A012B0AD0022B15D118
:10DCB0000421204618F0F0FC04B0BDE87040FFF7E6
:10DCC00093BF0A21304618F089FC0028F0D0304676
:10DCD000002118F0E1FC002004B070BD0393064B56
:10DCE000029300231846CDE900330449012218F0BD
:10DCF000C4FC0820F0E700BF86DE0200848D02002D
:10DD0000F0B587B00446FFF7ABFC251D06460E2193
:10DD1000284618F063FC98B9524B2022196804F188
:10DD200057001AF023FD034650B94F4A4F4900905F
:10DD3000CDE90102022218F0A0FC082007B0F0BDD6
:10DD40000C21204618F0BCFC07460028F5D04021E5
:10DD50000C30F8F769FA434B1B680246014603F1A1
:10DD6000200053F804CB41F804CB8342F9D1203290
:10DD700003F1200153F8040B42F8040B8B42F9D154
:10DD800039462046FFF7AEFC237A052B5CD8DFE846
:10DD900003F003481A035B580421204618F07CFC6A
:10DDA000FFF722FF0028C8D12846072118F074FC8D
:10DDB0000820FFF747FC002852D1204607B0BDE8F5
:10DDC000F040FFF7F7BC2046D4F8EC70FFF748FCB2
:10DDD0004FF0FF330646042105A805930BF040FBE6
:10DDE0000028AAD1059B224AB3FBF2F102FB1133B2
:10DDF0000593C4F8D83084F8DC0056B1336843B1D9
:10DE00000B21284618F048FC3368D4F8D81038465F
:10DE100098470321204618F03FFC0E2118F03CFCE7
:10DE2000C2E72046032118F037FC0E2118F034FC1D
:10DE300028460A2118F030FC7368D4F8EC009847A3
:10DE4000B2E704212046E9E703930A4B029300233B
:10DE5000CDE9003305490122184618F00EFC6CE7A5
:10DE600000206BE7E8140020FEDE0200848D020033
:10DE700040420F0086DE02007FB50E460546FFF7E2
:10DE8000EFFBF36805F15704224603F1200153F834
:10DE9000040B42F8040B8B42F9D105F1770203F130
:10DEA000200153F8040B42F8040B8B42F9D12046B1
:10DEB000FBF78CF920B3224B029300231846CDE9DF
:10DEC00000332049032218F0D8FB281D0E2118F03A
:10DED000E3FBD5F8EC40D4F8A40038B9207A04F17B
:10DEE000700100F0BBFEC4F8A400C0B1438A03F087
:10DEF0002403A3B1437C9B0711D4032004B070BD5D
:10DF00002046FBF76FF9034648B90F4A0090CDE968
:10DF100001020C49022218F0B0FB0B20EEE70B4B7C
:10DF20001C682CB9281D062118F0B6FB2046E5E731
:10DF30002846FFF7E5FE003818BF0120C000DDE7E6
:10DF400019DF0200848D02003ADF0200E81400208D
:10DF500038B512490446A0F1EC054C3011F05EFDD5
:10DF6000284618F034FCBFF35B8F0D4A04F17C03A4
:10DF700053E8001F43E800200028F9D1BFF35B8F6E
:10DF8000BFF35B8F80344FF0FF3354E8002F44E839
:10DF900000310029F9D1BFF35B8F38BDA5EA00003D
:10DFA000B00A002038B5174B1B78054623B301F0A3
:10DFB0000F042846FFF772FB134A03280CBF04F036
:10DFC0000B0444F0040405F5B6731278BFF35B8FBD
:10DFD00053E8001F013103D143E800200028F7D1A6
:10DFE000BFF35B8FBFF35B8FD5F86C31BFF35B8FF3
:10DFF0002BB144F0010038BD01F00704D9E704F06B
:10E00000FE00F8E7FB3300204D050020F8B50D4673
:10E01000D0F8EC700446FFF723FBED68EB78102B8B
:10E0200001D00620F8BDD7F8A430002B73D0261DF0
:10E030000F21304618F0D2FA20B92046FFF7E0FB56
:10E04000002871D1012363722B68C4F80A30AB88B1
:10E05000E38102232374A9782046FFF7A3FFE0742D
:10E060002046FFF71BFB1023607423752B7903F008
:10E07000030363756B7903F00103A375E37C1A074F
:10E0800054D40521304618F0A9FA00285CD0574B2B
:10E090001B78A374E37C980606D5AB78990603D564
:10E0A0001421304618F0F8FAE37CDA074ED5AB7845
:10E0B000DB074BD50D21304618F0EEFAA37D84F82E
:10E0C000E830637D84F8E9300321304618F0E4FA43
:10E0D000237BE17C2D7803EA0102100704D5E27A64
:10E0E000A07C0243D20735D4042D35D80B4313F05E
:10E0F000040307D02046FFF7D1FA3D4B05EB850519
:10E100002B441B5C2372D7F8A410204618F06FFA3A
:10E1100020BB032086E7387A07F1700100F09EFDEE
:10E12000C7F8A400002882D108207BE7AB781B0742
:10E13000A7D50521304618F0AFFA637D03F002033E
:10E1400063750023A3759CE72A4BA1E70023637541
:10E15000A375B3E70523D5E70023D3E7D4F8EC3064
:10E160009B7A032B33D022D8013B012BDCD805212D
:10E17000304618F033FA0028CBD00C21204618F096
:10E180008BFA022118F09CFA05460028CCD0062113
:10E190000C30F8F749F8D4F811300360B4F81530B2
:10E1A000838029462046FFF79DFA00203AE7042B9A
:10E1B000BAD1237D627B934228BF1346102B7FF494
:10E1C00030AF0521304618F009FA0028A1D0237A93
:10E1D000002B9ED00521304618F000FA0028C6D149
:10E1E000237A013B012BC2D893E700BFFD33002007
:10E1F00021F50200FC3300202DE9F041C778012F02
:10E20000044604D06FF015042046BDE8F081FFF706
:10E2100093FA0546002800F0A980061D0421304627
:10E2200018F0DCF9002840F0A4800321304618F0F3
:10E23000D5F910B16FF00F04E6E73946304618F013
:10E24000CDF90028F6D12846FFF70AFAD5F8EC30C8
:10E250009B7A032B074640D030D8013B012B46D98F
:10E260000F21201D18F0BAF90028CBD1D4F8A40052
:10E2700090B904F17007217A3A46202000F050FD51
:10E28000C4F8A40040B9217A3A46042000F048FDC1
:10E29000C4F8A4000028B5D0438A13F0240FB1D0ED
:10E2A000A27A022A23D9417CC907ABD5032A1ED002
:10E2B0009B06A7D5037C102BA4D118E0042BCFD14B
:10E2C0002846FFF7EBF9032804D1002FC8D0FB68DC
:10E2D000002BC5D0284B1B7807E02846FFF7DEF956
:10E2E000032804D1002FBBD0FB68002BB8D0D4F892
:10E2F000A4303BB12846FFF783FA044670B16FF0B3
:10E30000680481E7207A04F1700100F0A7FCC4F8EA
:10E31000A4000028EED16FF00B0475E70B2128460E
:10E3200018F0CEF907460028E9D001210C30F7F7A4
:10E330007BFF092180462846FFF734FE234688F8F4
:10E3400000002246394605F1EC00FCF765FB044667
:10E3500018B13846F7F716FE56E730460F2118F089
:10E360009BF90121284618F097F94DE76FF07F04DB
:10E370004AE76FF0040447E7FB330020F0B5D0F81C
:10E38000EC40D4F8A43085B00546061D002B40D1E2
:10E390003E4A3F490093CDE901321846022218F067
:10E3A0006CF907213B4B5F5CD4F8A4304BB11B7C6C
:10E3B000002B60D1D4F8A40000F090FD0023C4F835
:10E3C000A4300221304618F009F940B9072F96BF52
:10E3D000314B1F21D95D3A462046FCF743F8032113
:10E3E000304618F0FBF810B32C4B1B68FBB153F808
:10E3F0000C6906B10C3ED3B15B6813B139462046B7
:10E400009847002E3ED0F26802B10C3A33461646C9
:10E41000F1E751BB214B0D21304618F0DFF81B68A6
:10E42000074623B153F80C6906B10C3E7BB9284668
:10E4300018F0CDF9637B072B26D1627AA37A9A4232
:10E4400022D0204605B0BDE8F040FFF7D5BE1B68DE
:10E4500013B13946204698472EB1F26802B10C3A02
:10E4600033461646E2E73246FAE70139C9B20E29C9
:10E4700098D9092798E70221304618F0AFF800280C
:10E4800098D19EE73246C1E705B0F0BDDFDF02005C
:10E49000848D020012F5020001F50200D81300205D
:10E4A000F0B5031D85B006460F461846022118F048
:10E4B00095F8044620B1B6F8E840B4FA84F464094B
:10E4C0000321184618F08AF8B0B139463046FFF7F4
:10E4D00055FFF4B11C4B029300231C491846CDE9AB
:10E4E0000033022218F0C9F8D6F8EC000521FBF73A
:10E4F00069FC002005B0F0BD0121184618F06EF847
:10E500000028E2D10F21184618F068F80028DCD165
:10E51000DFE70521304618F0D3F8054688B1012120
:10E520000C30F7F781FE234607702246294606F194
:10E53000EC00FCF771FA0028DBD02846F7F722FD43
:10E54000D7E76FF06800D5E709E00200848D02008C
:10E550001FB5234B0446186022484FF0FF324FF09E
:10E56000FF3310F025F958B11F49204A204841F2E5
:10E570002C3316F063FA41F22C311C4816F055FA90
:10E580001C4811F095FC174810F0DAF948B116490B
:10E59000164A174841F2313316F050FA41F2313140
:10E5A000EBE74CB1144CBFF35B8F2368BFF35B8F79
:10E5B0005B060BD404B010BD104B11490094CDE99B
:10E5C00001430222234618F058F8F3E7201FFFF713
:10E5D00097FB0028EED00821201FFFF761FFE9E735
:10E5E000E8140020B4030020B8DF020056DF020068
:10E5F000ACAC0200C8030020B40A002061E00200B5
:10E60000848D02002DE9F0430B8A87B005460F4642
:10E6100063B93E4A3E490093CDE9013218460122D2
:10E6200018F02BF8002007B0BDE8F083012107F1B6
:10E630000C00F7F757FEA5F1EC06E83D80460421F3
:10E64000284617F0CBFF98F80010044658B1314B1C
:10E6500002930023CDE9003303912D49022218468D
:10E6600018F00BF8DEE70E2908D92B4B0391CDE902
:10E6700001032749009003460222F1E7DFF89C904E
:10E6800059F831306BB9264A0391CDE9013220495E
:10E690000093022217F0F1FF07213046FFF700FF39
:10E6A000C0E7304618F07CF898F80020034680B99F
:10E6B00003921C4A16490090CDE90102022217F08C
:10E6C000DCFF0321284617F089FF0028AAD0082183
:10E6D000E3E709EBC2013B8A097999420DD0CDE904
:10E6E0000332114B0A490094CDE90143012223462C
:10E6F000204617F0C2FF0A21CFE7394659F83230D9
:10E7000030469847014600288CD0C6E77AE00200E0
:10E71000848D020095E00200C6E00200E49302004E
:10E72000E8E0020002E1020023D902002DE9F041F5
:10E7300090F8E930CF68D0F8EC6023F002039CB089
:10E7400080F8E9303B78054606F170084BB3BB7999
:10E7500003F0C003C02B24D004AC20463946F7F7A1
:10E760005FFE644B03940024012263490293204618
:10E7700023460CADCDE9004417F07FFF4146284603
:10E78000F7F74EFE5D4B5C490395CDE9014320460A
:10E7900000942346012217F070FF0A201CB0BDE848
:10E7A000F08107223946404619F0E0FF68B1307A1F
:10E7B000394600F031FB044638B10146284617F0CF
:10E7C00016FFF8B1204600F089FB0D21281D17F037
:10E7D00005FF00287DD0317A4246022000F05AFB26
:10E7E000044688B914AD41462846F7F719FE444B54
:10E7F00041490395CDE90143009423460122204677
:10E8000017F03BFF0820C9E7F378002B3DD106F154
:10E810007E031878012827D19A7902F0C002402A95
:10E8200022D1D3F80120C4F83E20B3F80530A4F873
:10E83000423096F87030BBB196F8763003F0C003E2
:10E84000C02B11D02F49169414AACDE91487FBF7D9
:10E85000DDF93B68C4F80130BB88A4F80530BB790A
:10E86000E3713046FBF7B6FD95F8E96016F0020655
:10E870000ED02549254A264841F2210316F0DEF83C
:10E8800041F22101214816F0D0F806F17703C0E7E4
:10E890002046F9F7FDFC58B11E4B17490096CDE90B
:10E8A000016330463346022217F0E7FE032075E786
:10E8B0002046F9F7EDFC48B11749144A144841F2D3
:10E8C0003D0316F0BBF841F23D01DBE72046F9F7C6
:10E8D000EFFC95F8E9305B0703D50A21284617F0CD
:10E8E000DBFEB5F8E81009B1002057E72846FFF72E
:10E8F00045FDF9E71DE10200848D0200D5E102002B
:10E9000053DE02001568020031E1020056DF02000A
:10E91000ACAC02004CE1020087E102002DE9FF41AE
:10E920000E460446D0F8EC80FEF79AFEF6681449CD
:10E9300033780393134B02930023CDE9003305464C
:10E9400001221846271D17F098FE0A21384617F0B5
:10E9500027FF40B175B920463178FFF70FFD002041
:10E9600004B0BDE8F0810B21384617F019FF0028EC
:10E97000F0D1F0E72B69002BEDD040469847EAE74D
:10E98000848D0200A6E102002DE9F0410546A0F1C8
:10E99000E8068CB004460F463046012155F8EC8954
:10E9A00017F0FEFE00285BD0D7B10321304617F0E8
:10E9B00015FE002854D03846F8F7FCFC0138C0B2E8
:10E9C00008289ABF344B1C5C00240221304617F003
:10E9D00063FE214628460CB0BDE8F041FFF7CEBCEF
:10E9E00098F80B30002B3BD00321304617F0F6FD92
:10E9F00028B928460CB0BDE8F04117F0E8BE052163
:10EA0000304617F0EBFDB8B114F8043C1F0707D5EA
:10EA100014F8033C180703D51121304617F03CFECB
:10EA200014F8043C23F0080304F8043C14F8033CF5
:10EA300023F0080304F8033C14F8033CD90712D56B
:10EA40000621284617F028FE0221304617F024FE42
:10EA50002168D1F8A46076B134F8041C0029B9D03B
:10EA60000CB0BDE8F0819A0701D50821E9E75B0702
:10EA7000EAD50A21E5E704AC20467031F7F7D0FC6F
:10EA8000064B07490394CDE9016300963346012202
:10EA9000304617F0F2FDE3E709F50200C8E1020095
:10EAA000848D020030B5A0F59C7587B0A0F59A74EE
:10EAB000BFF35B8F2368BFF35B8FBFF35B8F2A6865
:10EAC000BFF35B8FCDE903320A4B02930023184654
:10EAD000CDE900330122084917F0CFFD284608216F
:10EAE000FFF74CFC0421204607B0BDE8304017F08A
:10EAF000D3BD00BFDDE10200848D02002DE9F041AD
:10EB00008CB00446FEF718FE054640B3071D0321EE
:10EB1000384617F063FD10B3D4F8A40008B100F034
:10EB2000DDF904F17008207A414600F097F80646B6
:10EB3000C4F8A400B0B904AC41462046F7F770FC15
:10EB40003D4B3E490394CDE9016330460096334680
:10EB5000012217F092FD08212846FFF7A1FC0CB016
:10EB6000BDE8F0810E21384617F038FD28B1D4F801
:10EB7000A420537C43F0020353742B7A032B0DD84B
:10EB8000002B4DD1D4F8A420537C23F020035374E0
:10EB9000D4F8A420537C23F001030DE0053B012BA6
:10EBA000F0D8D4F8A420537C43F020035374D4F855
:10EBB000A420537C43F0010353742B7D697BD4F86C
:10EBC000A4208B4228BF0B4613740521384617F04A
:10EBD00005FDD4F8A420537C48B343F010035374CC
:10EBE0000D21384617F0FAFC0028B8D0D4F8A4005C
:10EBF000202100F037F9D4F8A43005F147021E3384
:10EC0000573552F8041B43F8041BAA42F9D1D4F833
:10EC1000A420002353619361D4F8A42093839EE73A
:10EC20000521384617F0DAFC0028ABD0BFE723F007
:10EC30001003537493E700BF53DE0200848D02007B
:10EC400008B5044B044801221A70FAF713FB0020A0
:10EC500008BD00BFFB330020D003002070B505467F
:10EC60000C4649B916491748174A712315F0E6FEB4
:10EC70001548712115F0D9FE14480378AB424FF0C6
:10EC8000010604D10722013019F070FDA0B12EB1A8
:10EC90000F491048072219F069FD78B90B4A13464D
:10ECA00003F8015B2168C2F80110A1889980A1795D
:10ECB000997140F21123D360044870BD0020FCE735
:10ECC00043E20200ACAC020013E20200EC140020AC
:10ECD0003DF40200ED140020F8B5054616460C463A
:10ECE00099B90B490B480C4ACD2315F0A7FE0A48E9
:10ECF000CD2115F09AFE3BB131463846A04701229E
:10ED00007B8A2B40002AF6D0F8BD044F0022F7E79B
:10ED100057E20200ACAC020013E20200EC14002047
:10ED200070B50D46114642B10E4C638A22780340FD
:10ED30004FF000060BD1184670BD0B490B480C4A2A
:10ED4000DA2315F07BFE0A48DA2115F06EFEAA429E
:10ED500004D10722601C19F009FD08B13046EBE729
:10ED60002046E9E7EC14002043E20200ACAC0200CC
:10ED700013E20200F8B506460C4659B9204921486D
:10ED8000214A40F2031315F059FE1F4840F20311C7
:10ED900015F04BFE0B78012B01D00020F8BD8B79CC
:10EDA00003F0C003402BF8D1184D6F8A2946BF07E6
:10EDB00011F83E2B4FF0000304F1010006D5B242DA
:10EDC00004D1062219F0D2FCB8B10023002BE4D103
:10EDD0006B8A9B07E1D52B78B342DED1661C0C48C9
:10EDE000314616F0B1F80028D7D0D4F80130C5F874
:10EDF0003E30084BB4F805209A800448CEE700BFA7
:10EE000043E20200ACAC020013E20200EC1400206A
:10EE10001A1500202A15002010B529B10D4C2378B1
:10EE200083420DD0002010BD0B490C480C4A4FF412
:10EE30009A7315F003FE0A484FF49A7115F0F5FD28
:10EE40000722601C19F092FC00280CBF204600200D
:10EE5000E9E700BFEC14002043E20200ACAC020082
:10EE600013E2020008B558B907490848084A4FF4A8
:10EE7000A27315F0E3FD06484FF4A27115F0D5FD1D
:10EE8000438A1943418208BD6BE20200ACAC020028
:10EE900013E20200F8B506460F4615464AB90C497A
:10EEA0000C480D4AEC2315F0C9FD0B48EC2115F078
:10EEB000BCFDFFF735FF044640B929463846FFF749
:10EEC000CDFE044610B13146FFF7CCFF2046F8BD19
:10EED00043E20200ACAC020013E2020010B50446AB
:10EEE00058B90C490C480D4A40F24B1315F0A6FDD9
:10EEF0000A4840F24B1115F098FD037A5B0701D5E3
:10EF0000F9F7A0FA20464422BDE81040002119F08C
:10EF100025BC00BF6BE20200ACAC020013E20200B1
:10EF2000884210B500EB020311D98C18A04211D20F
:10EF30000D490E4A0E4840F2B32315F07FFD0D48EF
:10EF400015F07CFD094840F2B32115F06EFDEFD0BD
:10EF50009942ECE7013A114411F8012900F8012B1C
:10EF60008342F9D110BD00BFCABD020098BD0200A6
:10EF7000ACAC020021BE02002DE9F0439BB0304C46
:10EF8000DDE923871D468446894616460CAB04F10D
:10EF9000300E206861681A4603C20834744513466F
:10EFA000F7D12068106022791A716146202204A8E6
:10EFB000FFF7B6FF23486B46202204A900F072F841
:10EFC0000446C0BB102249460DF13500FFF7A8FFEB
:10EFD000102231460DF14500FFF7A2FF2946062217
:10EFE00011F8013B8DF855300DF15600FFF798FFF1
:10EFF0002299062211F8013B8DF85C300DF15D007D
:10F00000FFF78EFF434635220CA9684600F04AF808
:10F01000044680B9404617F00BFD01238DF83030CF
:10F0200035223B460CA9684600F03CF8044610B96E
:10F03000384617F0FDFC20461BB0BDE8F08300BF4A
:10F04000828E02003AF5020070B598B00E46144662
:10F050000146202204A81D46FFF762FF2022314608
:10F060000CA8FFF75DFF1022294614A8FFF758FFF0
:10F07000102221466846FFF753FF6B46502204A931
:10F08000684600F00FF840B9039B054A1BBAB3FB72
:10F09000F2F102FB11331C9A136018B070BD00BF6F
:10F0A00040420F002DE9F0418CB004460D46164653
:10F0B0000021142207A81F4619F050FB4FF41053EB
:10F0C000ADF81830DFF870808023ADF81A304FF4B7
:10F0D0004063CDE90838214604AB102206A818F099
:10F0E000C4FB044678B1154B02930023CDE90033ED
:10F0F000039018461249012217F01DFD6FF004001D
:10F100000CB0BDE8F08105AB029310232A46CDE98F
:10F11000007341463346049818F0E8FC054604980D
:10F1200018F0D9FA2843EBD0064B0395CDE90143FB
:10F1300000942346DDE700BF0002C00391E2020015
:10F14000148D0200ADE2020000F1070C2CF0030C5C
:10F1500010B4541E1860A4B2ACF80020023A93B266
:10F1600001FB04F24FF0000C40F802C074B103FB45
:10F17000011403FB01F22044121B4FF6FF7C013BFC
:10F180009BB263458050A0EB0100F8D110BC7047E2
:10F190000346006810B102680AB91A60704700F1AE
:10F1A000070C2CF0030CD11DBCF800C021F00301AA
:10F1B0000CF1FF3CA1F800C0EFE700BF0B687BB18A
:10F1C000073323F003031A88013292B20346D1F8C1
:10F1D00000C043F807CB23F003031A800860704790
:10F1E0000122F3E702FB0100704700BF401A90FBC9
:10F1F000F2F080B2704700BF531E11449BB242B17F
:10F20000DB430138CA1811F8013D00F8013F914273
:10F21000F9D17047014402E010F8013B1BB9884264
:10F22000FAD1002070470120704700BF10600860CD
:10F23000704700BF0A6803460068904205BF00227D
:10F240000A6000201A607047D2F800C0CCF80000B5
:10F25000D2F800C0CCF8041010607047884203D088
:10F260001AB1436813607047002070470B688342EF
:10F2700009D02AB1586810601A680A6018467047A9
:10F28000002BF9D1FAE70023F8E700BF2DE9F84396
:10F290000E4EDFF83C904FF090080C2706F120044A
:10F2A00009EB08052A1D29462046083CFFF7BEFF4A
:10F2B000B442A5F10C05F5D1043F3B1DA8F130087F
:10F2C000A4F12006EAD1BDE8F88300BF8C15002028
:10F2D000D815002010B403468C469AB101EB4101C9
:10F2E000144803EB4304090101EB84010144487A0B
:10F2F0000C7AA04204BF0130087210BC6146184667
:10F300000CF050BB01EB41020A4C120100EB400330
:10F3100002EB830323449C7ADA7AA24201D010BC28
:10F32000704701329A72044B01225A5410BC0CF0FF
:10F3300069BB00BFB415002030150020F8B50646A3
:10F340001C460D4602B322786378D21A12F00302EB
:10F3500029D1294F71004FEA450C3144AC44890052
:10F3600001EB0C1101330431DBB27A1860682370B1
:10F370002146FFF769FF214B0122294630465A55A5
:10F380000CF040FB0020F8BD0CF026FB0028DAD082
:10F39000294630460CF012FB637860B92278D21A05
:10F3A00012F00302D5D0012A03D00133DBB223705F
:10F3B000E1E71046F8BD05EB450206EB46010E4FAE
:10F3C000120102EB81023A447100907AD27A9042A3
:10F3D0004FEA450C05D02078C01A10F00302E2D1A4
:10F3E000BBE72278D21A920702D00233DBB2237035
:10F3F000D4E902039847C5E7B41500203015002072
:10F400002DE9F04FDFF8609119F8003089B0002B3A
:10F4100059D0DFF858A1C0EB00134FF0000B00EB00
:10F4200040079B000324CDE904BB09F800B00AEBB8
:10F430000717039302948346B8460023B96A58F825
:10F44000240F079307AAFFF709FF044607AAB4B1E0
:10F45000079D2E786978761A06F00306012E35D0BE
:10F460002B78591A01F003010129DBB23DD1D7E90C
:10F470000901FFF7F3FE044607AA002CE8D197F82C
:10F480002E3097F82F209A4203D087F82F3001238F
:10F49000049397F82C3097F82D209A4203D087F8E0
:10F4A0002D3001230593029B5D1EEBB2FF2B0293CF
:10F4B000A7F10C07C0D10499D846DDF814B011B1FA
:10F4C000BBF1000F45D009B0BDE8F08F013969707C
:10F4D000079BD3E902029047079D2A786978D3B247
:10F4E000521A02F00302012A21D0B86A01930022C5
:10F4F0004146FFF7BBFE6C60019B6A786B702B780E
:10F500009B1A03F00303012B08D0D7E9090107AACE
:10F51000FFF7A4FE012E044698D10EE0039B6A700B
:10F520001A1D294620465244FFF78EFEEDE7D7E923
:10F53000090107AAFFF792FE0446029B8BB1012343
:10F540005946584609F80B300CF05CFA09B0BDE892
:10F55000F08F5A464146404609B0BDE8F04F0CF0E6
:10F5600021BA002C8BD0EAE730150020B41500201A
:10F570004B1EDBB271B1411E00EB030C002011F8F1
:10F58000013F23B15A1E01301340C0B2FAD1614588
:10F59000F5D170470846704770B5057E0468FF2DA9
:10F5A0002AD02A464FF0000C07E09E6814F80E306F
:10F5B000FF2B1546B4441FD01A4602EB420391427A
:10F5C0004FEA031E04EB0313EFD18D4202D114F86E
:10F5D0000E20027614F80E20986805EB45052D01E3
:10F5E000FF2A625506D002EB420204EB0212936836
:10F5F00003449360604470BD002070BDA2EB010C19
:10F600001CF4000F10B4836844690AD12CF07F4CBD
:10F610006344A3420DD8E41A00234461836010BC04
:10F620007047891A21F07F418B4208D95B1AA342A7
:10F63000F1D91B1B00244461836010BC70470C444B
:10F64000E41AE9E72DE9F041244DBDF824708E4617
:10F650002C2101FB0055696801EBCE0011F83E60DA
:10F66000C478417804F1010C5FFA8CFC664598BFC0
:10F670004FF0000C61452DD0466804EB4404210195
:10F6800006EB04144FF0040806F801806360069B43
:10F69000A360079BE360089B23610A9BA3610F9B08
:10F6A00063620B9BE3610C9B23620D9BA3620E9B29
:10F6B000E36202236270A782A37080F803C0D5E9D9
:10F6C0000836704698472B4641460022B047A0783E
:10F6D000BDE8F0810120BDE8F08100BF7416002074
:10F6E0002DE9F04F87B00346427A019000685F68C9
:10F6F0000290002A00F0EF80531EDBB207EBC30339
:10F700008A4603930597039B5A6893F801B00492C5
:10F71000BAF1FF0F57D00AEB4A04029BCDF800A0C4
:10F720004FEA0419002513F809A003EB0414019B08
:10F73000FF2727701E681B7E06EB0908BB42D8F81E
:10F7400008100DD1C1E0091A05D1B8F81E90BEF815
:10F750001EE0F1457AD8B25CFF2A1F4665D01346F9
:10F7600003EB430206EB021E4FEA430CDEF80800EF
:10F7700088424FEA0212E6D9FF2FC8F8081088F82D
:10F7800000305DD1DDE900200276634406EB03130F
:10F790009A68521A9A60A37801336370002DB7D02B
:10F7A000AB6A4FF000022A70AA7013B1E96A002018
:10F7B00098476368002BABD1AB6A2362EB6A636244
:10F7C000BAF1FF0FA7D1039B049E99780BEB4B0373
:10F7D0000BF1010059454FEA03125FFA80FB06EB7B
:10F7E000031569D0039B1878B35C584508BF4FF0E8
:10F7F000000B042BEAD16978029801EB410300EB7E
:10F8000003144FEA03196078A378984220D04FF090
:10F810000003B354AB6A4FF001020120AA700BB190
:10F82000E96A9847039B9978D0E79C444FEA0C1CFF
:10F83000009BC8F8081088F8002006F80C30AAE7EA
:10F8400007EB47073F01009AF2559EE7014693E711
:10F85000019AAB8A009151694FF6FE72934207D02C
:10F860004FF6FF729B1AB3FA83F35B0984F82C30CE
:10F870006B6AA362EB6863602B6923620022626299
:10F88000AB8A4FF6FD70834288BF1346A383AB69F2
:10F89000A361EB69E3602B6A2361AB68A3606261DB
:10F8A0006A682046FFF7AAFE4FF00003E383E3787F
:10F8B00043F00103E3703AE7039A517005999142CE
:10F8C000A2F1080307D003931DE706F80930DDE92C
:10F8D000003213765FE707B0BDE8F08F2DE9F04FF7
:10F8E000447E01238FB08376002C40F0BA80037EE3
:10F8F000FF2B814600F0B4800BF05CFBD9F814209C
:10F90000D9F81C3099F81880D9F80060801A20F0D6
:10F910007F4B5B4594BF00230123B8F1FF0F039396
:10F92000A2467CD0049408EB480806EB08144FEA82
:10F930000818A3685B4571D8A27816F80880ABEB6D
:10F94000030B9A4463789B1ADDB2012D63D1A06A40
:10F95000A3690293002800F019810168002900F0D2
:10F960008380002B00F02A81039B002B00F04A814A
:10F97000037A5A0700F03B81037A23F007030372EE
:10F98000E78BE27822F001027B1CE27094F82C20D5
:10F990009BB2E383002A00F0E080A28B9A4280F0C1
:10F9A000DC80A06A002800F06581037A03F0070379
:10F9B000012B00F0D280002741684760A36A1A7AC1
:10F9C00067F302021A72A278E768013AA27017B3CD
:10F9D0006369D9F8142094F803C0AAEB0303134415
:10F9E00023F07F40626A23690CF0010C002D40F087
:10F9F000DF80B4F81EE0CDE900C37346B847DDE907
:10FA00000223002A18BF43F001030393E378E58340
:10FA100065F30003E370B8F1FF0F84D1049C99F8FB
:10FA20000B3099F80A209A4208D10132D2B2022A48
:10FA30001ABF14462346002389F80B4009EB8303C1
:10FA40000022C3F80CA0D9F8244089F81A204B46AC
:10FA5000012204210320A4460FB0BDE8F04F604707
:10FA600084760FB0BDE8F08F029B002B00F08C80F5
:10FA7000039B002B80D1D9F81C309A45FFF47CAF52
:10FA8000B8F1FF0F7DD0029BE78B09939C46A38BB7
:10FA90006168CDF818B0BB429ABFFB1A9BB23B46D7
:10FAA00003FB0113CDE907A805934FF0000E434671
:10FAB0000B92DDF824800C95CDF824C0A3468A462D
:10FAC00084460D97CDF8289003EB430306EB031211
:10FAD0001B0191688E44F04548D3906A94690028D0
:10FAE0003FD0006800283CD0D58B978B5068AF4240
:10FAF00040F29380002840F09780BCF1000F32D094
:10FB00008146DCF8000028B1029919B97444A0427A
:10FB100080F0BD80AF4226D8D0789BF8032000F05B
:10FB2000010402F00105A54205D34240D1071AD4D1
:10FB3000B9F1000F17D060465C46DDF820800C9DBF
:10FB4000DDF824C00D9FDDF82890DDE906BA002815
:10FB500040F09680CDF808C013E7A378013BA3706E
:10FB600059E7002CC0D1F35CFF2BADD16046DDE935
:10FB7000088C5C46DDE906BA0B9ADDF82890CDF8D2
:10FB800008C0002800F09080002514E7029B5BB3BA
:10FB9000039B002B7FF4F4AED9F81C309A45FFF498
:10FBA000EFAEB8F1FF0F7FF46EAF03990D460BE790
:10FBB000CDE900C34FF6FF73B8472CE7039B63B949
:10FBC000D9F81C309A4508D3B8F1FF0F54D04FF044
:10FBD000040CE78BCDF824C059E704230293037A81
:10FBE0005A077FF4C9AE02E0029D0021ECE6A18B2A
:10FBF000E28B91423FF6C0AE012262F30203037230
:10FC0000E78BBEE6D9F81C309A45FFF4B1AEB8F1E7
:10FC1000FF0F7FF438AF039DCDE668B9BCF1000F4C
:10FC20007FF46EAFE14677E7BAF1000F20D1BCF167
:10FC3000000F98D0D14664E7BAF1000F12D0A5EBBF
:10FC400007091FFA89F9411A00FB09110598884232
:10FC50002CBF4FF000094FF00109BCF1000F7FF4F9
:10FC600050AF57E7D146BCF1000F7FF44AAF51E7E0
:10FC7000A946E8E7A278B8E70423039D02939AE631
:10FC80000168CDF808C000293FF476AE70E65C4606
:10FC90000146DDE906BA6046DDF820800C9DDDF8FE
:10FCA0002890DDF824C0ECE7054601468CE600BF4D
:10FCB000837E002B40F034832DE9F04F477E8DB0DA
:10FCC0008346002F76D1837AC27A012141769A4207
:10FCD0004169079100F025830133DBB2022B12BF8B
:10FCE0001A463A463B4600EB82028372D268079B73
:10FCF0000592134423F07F43436101259BF818309C
:10FD000008930BF057F99BF80920DBF800300193BA
:10FD1000531EDBF804600490DBB2002A00F01F845D
:10FD2000CDE90A7506EBC30AFF2303930696D9466D
:10FD3000DAF804704FF0000B9AF803109AF80250AA
:10FD400005EB45046B1CA9424FEA0418DBB207EB34
:10FD5000041460D09AF800209A4208BF00238AF861
:10FD6000023017F80820042A3AD9082A2CD86178DA
:10FD7000019801EB410300EB03161B01B0780293DD
:10FD800073781B1A13F0FF032CD1062A1CD199F8A3
:10FD90001B308B4250D007F808B0A36A84F802B039
:10FDA000002BC9D0E16A002098479AF803109AF80E
:10FDB0000250C5E7446A0421034601220420A446F8
:10FDC0000DB0BDE8F04F604707F808B04FF00103F1
:10FDD000A370A36A002BAFD0E16A01209847ABE77C
:10FDE0001D46ADE7052A1ED162684AB9A2683AB934
:10FDF000E2682AB922691AB9626932F07F42E3D017
:10FE0000012B29D00421D9F824404B460122084671
:10FE1000A0478AF80250069A5245AAF1080300F05A
:10FE2000E0809A4684E7012B00F0A480062AE9D1FD
:10FE300099F81B308B42AED16168D9F814208B1A27
:10FE40001D0240F1BD80059B521A22F07F42934271
:10FE50008CBF9B1A0023B7E04846FFF79DFBB060BC
:10FE6000D9F814E0049B059AA3EB0E0323F07F431B
:10FE70001344984240F2AF80C01A7368002B46D0FA
:10FE8000A38A002B43D0013B9AB2A2827568F38B00
:10FE9000A84218D81BE0726ADFF8A4C28BB2A94945
:10FEA00051186145A0EB050006D902F1E87202F590
:10FEB000D43202F5A5720138316AF383521A7262A4
:10FEC0008542A28A03D2934203F1FF31E3D89A42DA
:10FED0001CD9316A099706E0726201339BB2F38341
:10FEE000A28A9A4211D9726ADFF858C2944F0A4422
:10FEF0009444BC452844EFD8A2F1E872A2F5D4326C
:10FF0000A2F5A57272620130E7E7099FB2836368C8
:10FF1000B16A0344B360A26873691344736129B181
:10FF20000B681BB1D4E901329B1A4B60049A7146ED
:10FF30003046FFF763FBE268B3691344B36122699B
:10FF400093428CBF9B1A0023B361A37D1BB1F2784F
:10FF500063F30002F270E37D13B1013B86F82C30AD
:10FF6000DDE90121039B53547378627803920133D6
:10FF7000737010E7062A3FF40AAF4846FFF70CFB00
:10FF8000B378B060737099F81B2063789A427FF45D
:10FF900002AF17F80830062B3FF44EAFFF2389F865
:10FFA0001B3017F80830062B3FF446AF082B3FF400
:10FFB00043AF0499D9F814208B1A1D023FF543AFC3
:10FFC000059A23F07F431344D9F81C209A4288BF36
:10FFD000C9F81C30DFE6726913441B1A73610020F4
:10FFE0004BE7DDE90A75CB469BF81860002D00F061
:10FFF0001781049B079ADBF800809B1A23F07F4A45
:020000021000EC
:10000000089BF51A18BF0125FF2E08BF2C465FD0AC
:100010004FF00009CDF804900497DDF81490059591
:1000200006EB460508EB05142D01A2684A4500F2CF
:100030006882019BA178E08B1344019363785B1A7B
:10004000DBF81C108A4234BF891A0021A9EB02098F
:10005000AAEB020A24BF4FF0FF328BF81B20CBF82B
:100060001C10A16AA769DBB2002900F0CC800A68E5
:10007000002A00F0B480002F40F0B480022B00F082
:100080003B820022A26018F805208BF818206168D6
:10009000A26A002974D122B1127A02F00702012A61
:1000A00052D03BB1012B00D020B1236A13B1616A59
:1000B00001209847A37863709BF81860FF2EAFD19A
:1000C000DDE90475089BFF2B0CBF2C4645F00104AD
:1000D00003995846FFF704FBCDE90247DBF800A07F
:1000E000CDF804B04FF0000C019B187EFF2800F003
:1000F000398204464FF0FF0800E01C4604EB44033D
:100100000AEB03151B01A96A8E4629B10A7A02F08F
:100110000702012A00F00B811AF80330FF2BA046DA
:10012000EBD1DDE90247DDF804B0BCF1000F40F08F
:100130009280089B834240F08E80002C7BD08EE022
:10014000592B177F5A2B17FFA378C4F808906370B8
:10015000079B019ADBF814109A1822F07F42204680
:10016000FFF74CFA039B08F80530637803960133D8
:10017000DBB263709BF81860FF2E7FF451AF9FE7EE
:1001800022B1137A03F00703012BDDD0B4F81EE08F
:10019000BEF1000F40D1B4F81CE07046D4E908C3AA
:1001A00000220294BC4FBD4C6344DF19A74200F10A
:1001B000FF300A4406D8A3F1E873A3F5D433A3F5BE
:1001C000A5730132441CEDD1029C94F82C7063623B
:1001D000002F00F08480A260A4F81EE0B8E7002F92
:1001E0003FF44FAF022B7FF44CAF00287FF449AFB0
:1001F0000A7A02F00702012A3FF443AFCBF81C70E1
:100200008BF81B603DE7002F3FF43BAF022B7FF4E0
:1002100038AF0028F2D034E7A37863700020BDE740
:1002200058460399FFF75CFA9BF81800089B834235
:100230000ED19E420CD100238BF819309BF81A3056
:10024000002B49D0DBF824405B4601220321B5E5B1
:10025000FF2800F09281089BFF2B00F06B81DBF8F8
:10026000003000EB400003EB0013D3F80880B8F136
:10027000000F59D00AF09EFE0A260446DBF814301F
:10028000E21A22F07F42904506F1FF3602F10301A7
:100290001AD941452CBF5B18434423F07F452846BB
:1002A000DBF8283098470AF085FE031B2D1B23F04E
:1002B0007F43023325F07F45AB4206D90EB1044699
:1002C000DCE700DE0446D9E7012700238BF819306C
:1002D0009BF81A303B43B5D10DB0BDE8F08F924585
:1002E0007FF679AF6C48CDF8088006946B4C634478
:1002F00003EB00080137A0450A44BFB206D8A3F1BA
:10030000E873A3F5D4330132A3F5A5739245EDD874
:10031000069CDDF80880636277441FFA87FE5AE77F
:1003200070473D460597E9E48BF819808AE7AA688B
:10033000002A40F03A81D5F818B0BBF1000F06D181
:100340000A68002A00F03D818E464FF0040BDEE97A
:100350000029914580F0E380A2EB090C1AF80320F4
:10036000FF2A00F0DC800199CDF81C80C969ACEB54
:100370000B000E1D0021CDE90594049099460F460F
:100380000846344613460BEB0708C4453FD303EB3E
:1003900043030AEB03121B019668304404287FD9FB
:1003A000061F3E44664528BF66460BEB04018C459C
:1003B0000ED3B0450CD8A969002900F08C809EF8B6
:1003C0000810090700F18780B6EB0B0140F0BD80F3
:1003D000916A21B1097A01F00701012971D091696F
:1003E00000296ED05268002A6BD0AA6907440431F4
:1003F000CC19002A63D09EF808201207ACEB0B0141
:1004000000F1AA801AF803300020FF2BBBD14B4625
:10041000DDE90648DDF814908944CEF804901AF816
:1004200003B0BBF1FF0F5A4618BF4FF0FF0C01D1CC
:10043000CDE0024602EB42000AEB00174FEA420908
:10044000BE688E424FEA001080F0C3801AF80000A8
:10045000FF289446A1EB0601EBD1A960B8F1FF0F8C
:1004600000F09F8008EB480109010AF801B04A44F6
:1004700012011AF802100AF803100AF80240EB8B76
:10048000013BEB839EF80830022262F302038EF8F0
:1004900008304FF0010C27E65A2B17FF592B177F16
:1004A000AE6996B19EF8086016F008063FF47DAF7D
:1004B0009469049A074404343C44A242A2D32146DE
:1004C000A0E71AF8033000219FE79169074404313F
:1004D00039440C4696E7002C3FF47AAFA6EB0B06A6
:1004E000A642FFF475AF4B46DDF8149022469144C6
:1004F000DDE90648114690E700287FF4C2AD0427E5
:1005000076E64B46D21AA260059D9BF81830089AF1
:10051000049F93420CBF2C4645F00104D8E5CEF869
:1005200004901AF80330FF2B08BF00214FD000239E
:10053000AB60A4E70AF03EFD04460AF017FD40B99F
:100540009BF81800CBF8144089E6A142FFF440AFB5
:100550005DE79BF8180082E60A460021ADE7FF231D
:10056000039341E5029C9B46BCF1000F05D1089B1B
:10057000FF2B02D1002C3FF45EAE0AF007FD0446CB
:1005800000287FF458AECBF81C000AF013FD8BF85E
:100590001940CBF814009BF81A30002B3FF49CAEA6
:1005A00050E6019981F818B061E700DEA96AD5F834
:1005B00018B08E46BBF1000F7FF4C9AE00297FF45E
:1005C000BFAE00DE4FF0040BD5F828E0BFE6A9600F
:1005D00055E7761ABCF1FF0FBE60A9603FF44FAF3C
:1005E0001AF803B062464FEA4C0937E7F8B5069EA1
:1005F0009DF81C50089CB8B9144F3A605A1E3972C5
:100600007B727E60D2B273B106EBC20254601146B7
:1006100012F808398E4203EB4300A5EB030304EB09
:100620000014DDB2F2D10DB10120F8BD099B3B628F
:100630000A9B7B62FF240B9BBB623C760AF0BAFCF0
:100640007D817861FC76FD612846F8BD7416002036
:1006500040B9064B1A7EFF2A01D1187270476FF01D
:100660000F0070476FF01500704700BF7416002030
:1006700010B4074B2C2202FB00335C6A2CB1A44659
:10068000012210BC03210220604710BC704700BF4C
:100690007416002010B58AB00C9C00940D9C019437
:1006A0000E9C0294BDF83C400394109C0494119C51
:1006B0000594129C0694139C0794149C089400249F
:1006C0000994FEF7BFFF0AB010BD00BF10B4BDF81B
:1006D0001040049410BCFEF7B5BF00BF2DE9F047F1
:1006E000244DBDF82C809DF830709DF83CE02C2402
:1006F00004FB00556C6804EBC10014F83190C47819
:10070000467804F1010C5FFA8CFCE14598BF4FF08C
:10071000000C66452AD0466804EB44044FEA0419ED
:1007200006EB04144FF0050A06F809A06360089B65
:10073000A360099BE3600A9B23610D9BA3620E9B50
:10074000E36202236270A4F81480A77584F817E0AE
:10075000A37080F803C02B6A6E6A084698472B4640
:1007600000220421B047A078BDE8F0870120BDE851
:10077000F08700BF7416002010B588B00A9C009462
:100780000B9C01940C9C0294BDF8344003949DF89A
:10079000384004940F9C0594109C06940024079400
:1007A000FFF79CFF08B010BDF8B5194E2C2404FBD0
:1007B0000066746804EBC10014F831E0C478457831
:1007C00004F1010C5FFA8CFCE64598BF4FF0000C79
:1007D00065451BD0456804EB44044FEA041E05EB55
:1007E0000414072705F80E70A362069BE362022338
:1007F0006270A37080F803C0336A756A0846984730
:10080000334600220421A847A078F8BD0120F8BD96
:1008100074160020F8B51A4E2C2404FB0066746888
:1008200004EBC10014F831E0C478457804F1010C00
:100830005FFA8CFCE64598BF4FF0000C65451DD073
:10084000456804EB44044FEA041E05EB0414082732
:1008500005F80E706360069BA362079BE3620223A8
:100860006270A37080F803C0336A756A08469847BF
:10087000334600220421A847A078F8BD0120F8BD26
:10088000741600200AF096BB401A20F07F40704793
:1008900001480021704700BF7F410100022801D0BC
:1008A0000120704738B5044608461D4603F0E0F8BD
:1008B00010B10020287038BD204638BD00230370D9
:1008C0000B70704738B5054600200C4602F04EFE0E
:1008D00070B93DB9074B44B120681860A2889A806E
:1008E000002038BD044B002CF6D11C609C80F7E73B
:1008F0000C2038BDA8160020A0160020012804D81E
:1009000008B903487047034870470020704700BF8C
:10091000A8160020A0160020012809D830B9064BDF
:10092000186808609A888A8018467047034BF7E772
:1009300000231846704700BFA8160020A01600200C
:1009400010B5044609F01EF850B909F069FB60B90A
:1009500009F0E0FE70B92046BDE810400EF0A2BAE2
:1009600000DE09F05DFB0028F2D000DE09F0D2FEC7
:100970000028F0D000DE2046BDE810400EF092BA0C
:10098000086001480EF08EBAF81C00200EF08ABAFA
:100990002DE9F84F0B78072B84BF2C4B93F8403090
:1009A0009A428946834692464DD0284D5C1CE4B25B
:1009B00035F833200280082C08BF0024002605EB00
:1009C000C30301274FF0120819E0012838D0C3F8FB
:1009D0000480072C89F8004088BF95F84040A24564
:1009E00023D023B2013435F83310BBF80020E4B231
:1009F000082C08BF0024914205EBC30315D15868A9
:100A0000B0B1FF28E1D9027902F00302013A012ACC
:100A100012D912225A6003F043F8072C89F80040DB
:100A200088BF95F84040A245DBD13046BDE8F88F3D
:100A300001365F60F6B2CCE70136F6B20122E9E793
:100A40000136F6B2C5E70026EFE700BFD416002056
:100A50002DE9F041324F3B88984253D913F0FF05FE
:100A600024D0DFF8C08098F8154098F814302E484C
:100A70000134E4B2052C08BF0024A34218D0FEF7CD
:100A800087FB064629488EB1FEF782FB00283BD043
:100A9000066098F8153048F823003B8888F8154020
:100AA000013D013B15F0FF053B80DED1BDE8F08143
:100AB0003B88002BFAD0DFF8788098F80D400026AC
:100AC0000134E4B2032C98F80C30174808BF002416
:100AD000A342EBD0FEF75CFB05461448002DE5D0A1
:100AE000FEF756FBB0B16E60056098F80D3048F81F
:100AF00023003B8888F80D40013B9BB23B80002BD4
:100B0000DED1D3E70546ACE730460749BDE8F04102
:100B1000FEF754BB28460449BDE8F041FEF74EBB42
:100B20003C170020B81A002040170020941700201E
:100B30001C1700202DE9F8432F4B304F181D0522BC
:100B400024214FF00008A7F81880FEF7FDFA2C4B7F
:100B500005220821181DFEF7F7FA97F818907C7EF9
:100B600005260134E4B2062C08BF0024A145244820
:100B700013D0FEF70DFB05461F4875B1FEF708FBC5
:100B8000002834D0C5F8048005607B7E47F8230038
:100B9000013E16F0FF067C76E3D11A4B0822181DA1
:100BA0006421FEF7D1FA184B0A22181D0821FEF71E
:100BB000CBFA1548FEF7ECFAA8B1144A111FFEF75C
:100BC00035FB1148FEF7E4FA78B1114A111FFEF720
:100BD0002DFB104B0622FF201A80FFF739FFBDE8DE
:100BE000F84307F0E9BB00DEE7E700DEEDE7044984
:100BF0002846FEF7E3FAD0E7FC1A0020B41B0020D9
:100C0000D01A002094170020401700203817002029
:100C1000301700203C1700202DE9F0417B4D7C4E21
:100C200086B004AA02A90DF1070003F04DFB0446AB
:100C3000D5E9000103AAFEF711FB074650B3039B59
:100C4000002B6AD0187804AA02A903F055FB039B75
:100C50000446002840D0049ABDF808101F78ADF86B
:100C60000A10059203F05AFB2146059ABDF80A00C6
:100C700003F088FB204603F01BFB05AA0DF10A01D7
:100C8000384603F039FB04460028EBD130680EF0FB
:100C900009F9C6E7002C3DD0049B05939DF8077029
:100CA000BDF80830ADF80A3003F038FB2146059A4C
:100CB000BDF80A0003F066FB204603F0F9FA05AA26
:100CC0000DF10A01384603F017FB04460028EBD16A
:100CD00030680EF0E7F8A4E705931B79013B2C2B55
:100CE0001ED8DFE803F01F32741D1D1D1D1D1D1DC4
:100CF0001D1D1D1D1D1D1D1D1D1D1D1D6A1F1D1DD5
:100D00001D1D1D1D1D1D1D1D1D1D1D1D1D1D1D1D13
:100D10001D1D1F0006B0BDE8F08100DE039B91E7BA
:100D200000DE7EE7394968680022FEF79FFA394BFA
:100D3000059993F8413038460B70374AFEF784FA2C
:100D4000334B18680EF0AEF86BE730496868002244
:100D5000FEF78CFADDF81480D8F8084034B1237817
:100D6000002B50D02378013BDBB2237098F80C3075
:100D700013B1012B41D000DE284A002388F80C3043
:100D8000537E117E0133DBB2062B08BF002399424C
:100D900037D0C8F80070517E42F821805376002C7D
:100DA0003FF43FAF2378002B7FF43BAFA368002BC9
:100DB0003FF437AFE068984733E71449686800228A
:100DC000FEF754FA0599384603F006F929E705A914
:100DD000384603F01DF90D4968680022FEF746FA0F
:100DE000059900293FF41DAF0B792E2B3FF419AF65
:100DF000084B384693F841309EE74046F0F764FDD3
:100E0000BAE700DECBE700DEACE700BF3417002016
:100E1000F41C0020D416002030170020B41B002042
:100E200010B5274B274C86B018600AF091F823784C
:100E3000002B3DD02449254B254A2648CDE90431D5
:100E4000254BCDE902320C23CDE900030224042313
:100E50000370037204740476204A19460020FFF7D9
:100E6000C5FB50BB012200211D4816F08FF908F088
:100E7000FFFC044610B1204606B010BDFFF75AFE35
:100E800009F0B6F804460028F5D102F02DFB04461F
:100E90000028F0D109F032FC04460028EBD103F021
:100EA00043F804460028E6D1012007F021FFE2E7DD
:100EB000FEF7ECF901232370BCE700DED2E700BFA8
:100EC000F41C0020FE330020F9BA010059BA0100D9
:100ED00039BA0100481F0020081D0020681F0020AB
:100EE000F81C002030B585B002F004FB98BB03F07D
:100EF00021F8002834D100241C4B2046A3F84040A0
:100F000007F0F6FE1A491B4A1B4BA1F820419482B8
:100F10009C8101222146684616F038F9174B22467B
:100F2000214603206D46C3F808D0FEF707FAC8B97A
:100F30004FF0FF324FF0FF3328460EF02FF802F04B
:100F4000DFFA88B9FFF7F6FD0021012005B0BDE802
:100F50003040FFF7B7BC00DE02F0ECFF0028CAD03B
:100F600000DEC8E700DEE3E700DEEBE7D416002092
:100F7000D01B0020B81A00201C17002008040020F5
:100F800008B5FFF7AFFF08F0A9FC00B108BDBDE848
:100F90000840FFF75DBB00BF2DE9F0432A4D2B4F02
:100FA00083B0804689460023C8F8003095F8414058
:100FB000D7E9000101AAFEF751F9064690B3019B5B
:100FC00023491A784846FFF7E3FC80BB95F8403088
:100FD0008DF8013095F8412004460DF101010DF125
:100FE0000200FFF7D5FC44EA000212F0FF02F1D143
:100FF000019B1979012920D139467868FEF736F925
:1010000014493046FEF7DAF8134A1388052B11D835
:101010000198124901331380FEF7D0F80120FFF741
:1010200017FDC0E70A4922464846FFF7B1FC03B066
:10103000BDE8F08300DE1388EAE71046C8F8003008
:1010400003B0BDE8F08300BFD41600202C170020A9
:1010500014170020401700203C1700209417002090
:1010600030B5354983B000234868019301AAFEF7E3
:10107000FDF8002858D03149FEF7A0F8019A1379FD
:101080002D2B19D8DFE803F017181817181818189F
:101090001818181818181818181818181818181BCD
:1010A00017171717171718181818181818181818C6
:1010B00018181818181703B900DE03B030BD137FD5
:1010C0003C2B1CD0537FC3B193681C68A06D20B12A
:1010D00000231B49A365FEF771F894F85E3023F0F6
:1010E000010384F85E30002002F040FA10F0FF00A7
:1010F000E3D107F07DFE03B030BD00DEF3E7936877
:10110000D3E9004595B100225A60AB6F93B905F160
:101110006C0105F16800FEF78DF8034640B12868C0
:10112000AB6702F08BFCD8E700DEA4E700DEEAE75D
:1011300000DEF4E700DEEAE72C170020401700206D
:1011400094170020F8B5046806460CB3324D2046CB
:10115000246803792D2B18D8DFE803F02717172709
:10116000171717171717171717171717171717170F
:101170001717172133272727272717171717171789
:101180001717171717171717172700DE002CDED1B0
:1011900000233360BDE8F840FF20FFF759BC037F10
:1011A0003C2B27D013B100DE037963B32B88052BCA
:1011B00026D8013319492B80FEF700F8002CC6D140
:1011C000E6E7C0880028E1D102F046FC0746E0B11E
:1011D000D7F88830DBB907F17C0107F17800FEF71A
:1011E00029F8B0B1C7F88800384602F027FC002C77
:1011F000ADD1CDE70949FDF7E1FF002CA7D1C7E745
:1012000000DE2B88D5E700DED0E700DEE0E700DE79
:10121000E1E700DEE6E700BF3C170020941700205E
:101220000148FDF7B5BF00BF401700200149FDF799
:10123000C5BF00BF401700200148FDF7A9BF00BF90
:10124000941700200149FDF7B9BF00BF9417002093
:10125000034B044A93F841300B70FDF7F5BF00BF14
:10126000D41600203017002008B5064B064A93F824
:1012700041300B70FDF7E8FF044B1868BDE80840EB
:101280000DF010BED416002030170020F41C0020F2
:101290000B490A7B4B7B9A420AD8A3EB020C5FFAFC
:1012A0008CFC604509D89A4207D051F8220070475B
:1012B00003339B1ADBB29842F7D90020704700BF76
:1012C0001C170020074A117B537B8B4208D04B1C14
:1012D000DBB2032B08BF002352F8210013737047C1
:1012E000002070471C17002000B50D4A92F841C03D
:1012F00092F840E00CF10103DBB2082B08BF002399
:101300009E4509D022F83C0002EBCC0CCCF804102E
:1013100082F841305DF804FB00DE00231B80FFDE15
:10132000D4160020022810B50C4602D00B68022B00
:1013300007D004484FF0FF324FF0FF330DF02EFE80
:10134000206810BDF81C002004490A680AB1104644
:101350007047024608601046704700BFD016002054
:10136000044A136823B1984206BF0021116000238C
:1013700018467047D0160020014B1868704700BF10
:10138000D016002004490A680AB110467047024688
:1013900008601046704700BF18170020044A136801
:1013A00023B1984206BF0021116000231846704700
:1013B00018170020014B1868704700BF181700204D
:1013C00070B505682B7884B0EBB10446012200218A
:1013D000684615F0DBFE0D4B6E46C5E902362B78EC
:1013E0008BB10B4B0022114603209C60FDF7A6FF3A
:1013F00038B94FF40042002330460DF0CFFD04B061
:1014000070BD00DEF5E76FF07700F8E78D090100A9
:10141000F8030020F0B5244E336885B00C4617461B
:10142000002B36D0994215D10223039303AB024619
:10143000009303211D4B0020FFF7B6F90228054653
:101440000CD0039B022B09D195B133680BB19C42A0
:1014500021D014B36FF02D0005B0F0BD14484FF04B
:10146000FF324FF0FF330DF099FD039D002DECD1BD
:101470003846FFF7A5FF33680BB19C4210D0002C13
:10148000E8D10028E8D010F1780F08BF002005B09F
:10149000F0BD3160C8E7002333606FF07700DBE711
:1014A00035600028D8D0EEE7D01600208109010071
:1014B000F81C00200B490A7D4B7D9A420AD8A3EB09
:1014C000020C5FFA8CFC604509D89A4207D051F8AB
:1014D0002200704705339B1ADBB29842F7D90020EF
:1014E000704700BFB81A0020074A117D537D8B4218
:1014F00008D04B1CDBB2052B08BF002352F821009B
:101500001375704700207047B81A002038B50C4694
:10151000054602F0D3FE207021462846024ABDE867
:101520003840FDF791BE00BF381700200122024B62
:1015300011460020FDF702BFE803002070B50C46FD
:10154000054602F0BBFE21462070064A2846FDF7FC
:101550007BFE0122BDE87040034B11460020FDF7E1
:10156000EDBE00BF38170020E80300202DE9F0434E
:101570001A4D9DF81C8095F821C10CF1010E5FFAFF
:101580008EFEBEF1090F994695F8203108BF4FF045
:10159000000E73451DD0144605EB4C1CE36807464E
:1015A0000E4610685168926864460FC49CF81C305F
:1015B000CCF8186008F0010823F0030343EA08039D
:1015C000CCE904978CF81C3085F821E16046BDE831
:1015D000F0834FF0000C6046BDE8F083D01B002084
:1015E000054890F8203190F821219A4214BF00EB71
:1015F00043100020704700BFD01B002001460B485D
:101600000A7890F82131082A84BF90F820210A70C6
:10161000934208D0531CDBB2092B08BF002300EB18
:1016200042100B7070470020704700BFD01B002095
:101630002DE9F04F3D4E96F8203196F8212187B0E4
:101640009A4202903ED04FF00008CDE9048806EBA4
:1016500043130B24CDF80C80C346C2461D7FD3F83C
:101660000090DF68C5F3400205F00105002C4DD065
:10167000013CE4B24AB396F8211196F82031994220
:1016800020D00133DBB2092B08BF0023994286F832
:10169000203117D0590106EB4313002ADED1D86858
:1016A00005BBBAF1000F33D0BBF1000F36D01A7F63
:1016B0009707D3D15045725834D05845CED10599AB
:1016C0008A42CBD107B0BDE8F08F194902988B60F0
:1016D0000B4611460192FDF731FE019A0028CAD04F
:1016E00000DEC8E7039ABAB1B8F1000F08BFB846E8
:1016F0001A7F9507B2D4D207DCD5BBF1000FADD16C
:10170000039A8242DED08045A8D1DBE700DEAFE756
:10171000BA46CDF81090EBE70397E9E7BB46CDF862
:101720001490E5E704998A42C7D1CBE7D01B00208B
:10173000D8030020054B1A7E597E914204D053F8FD
:10174000220010B10C30704700207047B41B0020FD
:1017500070B5134A117E537E8B421ED04B1CDBB2F8
:1017600052F82140062B08BF002313769CB10223B8
:101770000025266823712560A06002F09FFD094ABC
:10178000207021463046FDF75FFD0122064B1146D1
:101790002846FDF7D3FD204670BD0024FBE700BFBF
:1017A000B41B002038170020E803002010B582B0D9
:1017B0000024049B93F80AC02CF0020C83F80AC0A2
:1017C000CDE9004408F012FA02B010BD10B503468E
:1017D000007F1A699969012482B02040CDE9000494
:1017E000586908F003FA08B902B010BD7730FBD091
:1017F00000DEF9E710B4CB6804691A78042A02D035
:10180000236810BC18475B78052BF9D1002010BC69
:10181000704700BF10B50469FFF7B2FB40B9054837
:10182000F3F780FE0448F3F77DFE0020206010BD32
:1018300000DEF4E7200C0020A00C00202DE9F04190
:10184000076982B006464FF0000836484FF0FF3275
:101850004FF0FF330DF09CFA0028F6D04379019049
:10186000042B30D8002B45D0022B4BD04FF0FF3249
:101870004FF0FF330220F4F7F7FE04460198002CE6
:101880004AD0214601F026F8019B01A8C3F8008048
:10189000FFF758FC2046F4F7C7FB05462146002019
:1018A000F4F764FC2B8A012B04462946304606D9FE
:1018B0003B6898470EF010FD002CEBD1C5E7284699
:1018C000F4F760FBF6E7052B14D14FF0FF334FF030
:1018D000FF320820F4F7C8FE04462146019800F0C4
:1018E000D1FF019B01A8C3F80080FFF72BFC002C5F
:1018F000D0D1AAE700DE019B01A8C3F80080FFF762
:1019000021FCA2E70022002301210020F4F7F8FEC9
:1019100004460198002CB4D1046001A8FFF712FC22
:1019200093E700BF2C200020F0B5064683B014E0FA
:101930004FF0FF324FF0FF3300211320F4F7E0FEA9
:10194000BDF802100546224601F0A4FA29463046A9
:10195000FFF750FF40BB0EF0BFFC0DF1020101A8E4
:10196000FFF71AFB04460028E2D1019BA3B1FFF761
:1019700077FB019F384601F0A5FA019D78716B79DC
:10198000032B02D12B79182B10D01848294615F0BB
:10199000E4FB019B002BE0D14FF0FF324FF0FF330F
:1019A00013480DF0FBFAD8E700DED4E721464FF0EC
:1019B000FF324FF0FF330520EF88F4F7A1FE3946E0
:1019C0000446024605F11C0000F034FF384600F0E2
:1019D00051FF3CB121463046FFF70CFF20B92046AD
:1019E000F4F7D0FA019DD0E700DEF8E72C200020C4
:1019F0004020002010B586B000230A9A0BACCDE938
:101A00000224CDE90033012218460594F2F7CEFDF9
:101A100006B010BD2DE9F0430646076989B00D46B2
:101A2000284815F091FB4FF0FF320021264815F0B1
:101A3000ADFB2548FFF7F4F90446002832D13D609C
:101A400001F056FA4FF000084FF000096FF009035B
:101A5000CDE90334CDE90689CDE901441B4B1C498E
:101A600000964FF4E0721B480EF08CFB1A4919489F
:101A700015F003FC6FF00702CDE90324CDE90689D8
:101A8000CDE90144154B164900964FF46072154894
:101A90000EF078FB1449134815F0EFFB204609B00F
:101AA000BDE8F083114A12490023CDE90220CDE9B7
:101AB000003318460122FFF79DFF204609B0BDE81C
:101AC000F08300BF2C2000204020002029190100B5
:101AD00040430020200C00207C9402003D180100AF
:101AE00040450020A00C00208C9402005C94020071
:101AF0002C8D020030B50B8A87B0002B41D00546F3
:101B000001F10C000C4613F0EFF901281BD002285C
:101B10000DD0214A21490023CDE90220CDE900332F
:101B200001221846FFF766FF6FF0150009E005A9CE
:101B3000204600F0EFFD059911B12846FFF75AFE47
:101B4000C8B107B030BD002305A92046059300F0B9
:101B500051F9014678B12846FFF74CFE0028F0D134
:101B6000059D45B1284601F0ADF903466B710C485F
:101B7000059915F0F2FA2046F4F704FA002007B0B0
:101B800030BD084A05490093CDE9013218460122CB
:101B9000FFF730FFC8E700BFAC9402002C8D0200B5
:101BA0002C2000209894020008B50FF0FBF905489E
:101BB0000DF074F8034815F0C7FABDE808400FF0BF
:101BC0005FBA00BF2C20002010B586B000230A9811
:101BD0000BACCDE90204CDE9003318460594F2F7C9
:101BE000E5FC06B010BD00BF2DE9F0411A4C646859
:101BF000A40004D51646194A1268120701D4BDE89C
:101C0000F08103F10C0405460F4620460221F4F74B
:101C10000BFB40F63E43038001212046F4F704FB12
:101C20000346042220461A700B21F4F7FDFA0570D2
:101C3000A0F801603DB97B68BA68C0F80720C0F819
:101C40000330BDE8F0814FF00008C0F80380C0F811
:101C50000780BDE8F08100BF60010020580100202E
:101C6000F0B5013887B0144611280AD8DFE800F033
:101C7000234056090968097A99AC09090909090933
:101C8000090D6FF0150007B0F0BDCB68DA789978D0
:101C9000188806F07DFB554B06460121188813F085
:101CA00014FB012105460C30F4F7BEFA06702560DE
:101CB000002007B0F0BD4D4B0D21188813F005FB37
:101CC0000D2120600C30F4F7AFFA4FF4806200234E
:101CD0004FF002140421A0F8052063220370C0F81D
:101CE0000140C171037242728372C3720373DFE7F2
:101CF0003E4B4121188813F0E8FA412120600C3056
:101D0000F4F792FA002104463E2200F8031B16F075
:101D100025FD40F2A733A4F80130C9E7334B092170
:101D2000188813F0D2FA092120600C30F4F77CFAFD
:101D30000346002203F8012BC0F801205A60B7E7E0
:101D4000C9680020FEF7BEFD284B0121188813F05A
:101D5000BCFA012105460C30F4F766FA0023037043
:101D60002560A5E7224E214F0FCE01AD0FC5336888
:101D700038882B80132113F0A8FA132120600C302F
:101D8000F4F752FA0446002301AE04F8013B8446FE
:101D90000FCE2D88CCF801006160A260E36025823F
:101DA00086E7124B1821188813F08FFA182120604B
:101DB0000C30F4F739FA00230446012100F8023B05
:101DC00009F04CF8607073E7084B2121188813F074
:101DD0007CFA212120600C30F4F726FA014600231A
:101DE00001F8113B013009F089F861E7AC320020BD
:101DF000E89402002DE9F041038A8CB00024022B04
:101E0000079440F22581054603210C30F4F76AFA65
:101E10002A8A83789A42C0F02A810288D54EC2F37A
:101E20008523082B32801FFA82FCC2F309040DD8E7
:101E3000D3B1013B072B17D8DFE813F0FD001600E4
:101E4000DA00C0001600160016001D003F2B0BD153
:101E5000294607AA2046FFF703FF163018BF079D43
:101E600040F0E580B6F800C0012160460CB0BDE846
:101E7000F04113F03CBA621E4D2AF5D801A353F885
:101E800022F000BF8F2301000F240100C5230100B1
:101E9000691E0100BB2301009F230100892401006A
:101EA0007D2401007124010067240100691E0100E6
:101EB000691E0100691E0100691E0100472401001E
:101EC0004124010039240100312401002F260100A2
:101ED000691E010005260100F7250100BD2501004E
:101EE0009D250100691E0100932501008325010045
:101EF00063250100691E0100691E0100691E0100C1
:101F00004325010029250100FF240100CB24010005
:101F1000BF240100691E0100691E0100B1240100F7
:101F2000A9240100A32401000D230100D9220100EE
:101F3000A52201009B2201008D2201004322010005
:101F40002D2301000F220100C3210100691E0100A1
:101F5000691E0100691E0100691E0100691E010061
:101F6000691E0100691E0100691E0100691E010051
:101F7000691E0100691E0100691E0100691E010041
:101F8000691E0100691E0100691E0100691E010031
:101F9000691E0100691E0100691E0100691E010021
:101FA000691E0100691E0100691E0100A1210100D6
:101FB000691E0100691E010085230100621E082AB6
:101FC0003FF652AF01A353F822F000BF05210100F4
:101FD000B920010093200100691E0100691E010063
:101FE000691E0100691E0100691E010073200100C5
:101FF000632C00F07A8300F22B83032C00F097808F
:102000002D2C00F05983012C7FF42EAFEA685A4B37
:10201000116852681960604621465A6013F055F9FC
:10202000012105460C30F4F7FFF800230370284621
:102030000CB0BDE8F081062C00F016831D2C7FF457
:1020400013AFEB68188801F03BFE014630880DE7BE
:102050004A4B4B490094CDE90143204623460122D7
:10206000FFF7B2FD002528460CB0BDE8F081454BD6
:10207000EFE76046072113F028F9072105460C30E9
:10208000F4F7D2F80146002001F8010BFEF744FCFA
:10209000CDE70921604613F018F9092105460C30F7
:1020A000F4F7C2F80346002203F8012B6021C0F8C0
:1020B00001205A604171BAE76046412113F005F9E9
:1020C000412105460C30F4F7AFF8002104463F22C9
:1020D00000F8021B16F042FB04232B4AE372E3755F
:1020E00020232A49C4F81A20C0204FF4906263705C
:1020F0004FF40A73A071C4F82110A4F82720A4F8A3
:102100000F3094E70921604613F0DFF809210546F6
:102110000C30F4F789F84FF4506100231C4A018019
:102120000D218370C3700171C0F805207FE7124B49
:10213000184A4FF0FF3041F6FF71C3E90001164B1A
:1021400000200021C2E900011F200021C3E9000195
:10215000FEF7C8FE3088012113F0B7F801210546CB
:102160000C30F4F761F800230C4A03701360FFF79A
:102170001BFD5CE7AC32002060010020FC940200F3
:10218000248D020014950200F7C3F70E30F0F97F9A
:10219000F105FFFF200D00205801002050200020F5
:1021A0006046032113F091F8032105460C30F4F743
:1021B0003BF80146002301F8023B0130FEF77EFBAD
:1021C00035E7EA689478D1781088B2F80550137929
:1021D000E70744BF41F00301D170A40740F18882B2
:1021E00043F00303137143EA0102032A40F08C8297
:1021F0004F0700F0868215F003021CBF05F1FF3582
:1022000005F0010201F0FAFD014630882EE6EB6888
:102210001A78D1074ABF07205878587092074ABFEA
:1022200007219978997001F0DFFD0446012130887B
:1022300013F04BF8012105460C30F3F7F5FF04705D
:10224000F5E66046092113F040F8092105460C30F7
:10225000F3F7EAFF08AB04460DF11A0206A90DF1E7
:10226000160001F091FDBDF81620A4F80120BDF87C
:102270001820A4F80320BDF81A20A4F80520BDF802
:102280002020A4F8072000232370D0E6EB681888EC
:1022900006F0E0FC30880121C0E6EB68187806F013
:1022A000C5FCC2E7EB68186808909A889B798DF89E
:1022B000263060460721ADF8242013F006F80721E8
:1022C00005460C30F3F7B0FF08AE0446411C30461B
:1022D00006F07AFC2070AAE6EB68186808909A88E5
:1022E0009B798DF8263060460721ADF8242012F046
:1022F000ECFF072105460C30F3F796FF08AE0446C5
:10230000411C304606F026FC207090E66046022113
:1023100012F0DBFF022105460C30F3F785FF04467F
:1023200006F0E8FA00236070237080E6EB686046F0
:1023300005211E8812F0C9FF052105460C30F3F770
:1023400073FFB7B20446021DE11C384601F02CFDB4
:10235000E37822792070002B93FAA3F3B3FA83F386
:1023600008BF4FF0FF330133E370002A92FAA2F363
:10237000B3FA83F308BF4FF0FF330133A4F80160D1
:10238000237154E6E868C17906F06EFC4DE7EA680F
:10239000C64B116852681960604601213DE6EC6841
:1023A000A57BA3796279217920880295657B0195C7
:1023B0000734009400F0CCFF37E7E9680120FEF70E
:1023C00081FA32E76046092112F07FFF09210546B4
:1023D0000C30F3F729FF0346002403F8014BC0F843
:1023E00001405C600646FEF753FA234661F307039B
:1023F000C1F3072262F30F23090C61F31743090AA3
:1024000061F31F63C6F80100C6F805300FE604212A
:10241000604612F05AFF042105460C30F3F704FF22
:1024200000231B210322037041708370C270FEE5FC
:10243000E86806F0F3F9F8E6E86806F03BF9F4E638
:1024400006F012F9F1E66046022112F03EFF022189
:1024500005460C30F3F7E8FE00230370044606F04F
:1024600001F96070E3E5EB681878EEF7A1FFDCE6B0
:10247000E96811F8010B01F0BBF9D6E6E96811F83B
:10248000010B01F047F9D0E60221604612F01DFF72
:10249000022105460C30F3F7C7FE0023037043709A
:1024A000C5E506F029FAC0E6E86806F063FABCE67E
:1024B000E86800F11702C11D06F054FEB5E6EB68AE
:1024C0005988188801F056FCAFE66046052112F0E5
:1024D000FCFE052105460C30F3F7A6FE08A90446CC
:1024E0000DF11A0001F03AFCBDF81A20A4F8012001
:1024F000BDF82020A4F803200023237097E5EB68A3
:102500001F889A885988B8B201F0FCFB0446032161
:10251000308812F0DAFE032105460C30F3F784FE12
:102520000470A0F8017082E5EA68178892780023A9
:10253000CDE90233CDE900330221B8B201F000FB4E
:10254000E4E7E96800220F884B880392088902902B
:10255000C888019089880091B8B2022101F0F0FA90
:10256000D4E70921604612F0B0FE092105460C307F
:10257000F3F75AFE4E494F4A01600023426003724E
:1025800055E5EB681F8800220621B8B205F0EEFE83
:10259000BCE7EA68002132F8027BF6E760460921D1
:1025A00012F093FE092105460C30F3F73DFE00239F
:1025B00000F8013B082107F0A1F938E5E86800239D
:1025C00008AA00F1100109F0E9FA3088112112F08F
:1025D0007CFE112105460C30F3F726FE064600234B
:1025E00006F8013B08AC07460FCCC7F80100716044
:1025F000B260F3601BE5EB68188801F03FFB014611
:10260000308833E4EB68604608211E8812F05DFED6
:10261000082105460C30F3F707FEB7B20446C11C8B
:10262000384601F0D1FAA4F801602070FFE4E968AF
:1026300000224B88088803920C890294CC8801946C
:1026400089880091114601F07BFA014630880DE43B
:102650007B2C12D07C2C7FF407ACEB681F88598848
:10266000B8B201F031FC51E7EB689978188801F0B5
:10267000CFFA01463088FFF7F9BBEB681F8808A93D
:10268000B8B201F0EFFB05210446308812F01DFEC0
:10269000052105460C30F3F7C7FD0470A0F8017062
:1026A000BDF82030A0F80330C1E400BF580100207D
:1026B000008FCC30ECC00100EB68604604211E881E
:1026C00093F8028012F001FE042105460C30F3F766
:1026D000ABFDB7B20446C31C424639460220FEF7A2
:1026E000DDF8A4F801602070A1E4EA68084B50E628
:1026F00041EA0302032A07D84C0702D05A077FF4A5
:102700007AAD1221FFF7B1BB1121FFF7AEBB00BFBD
:10271000200D00202DE9F047002484B00C60038ACE
:10272000032B2ED9054688460C300421F3F7DAFD39
:102730002B8A4688B0F80090B34235D31B2E31D88F
:1027400001F0A8F94FEA1937BA46044600283BD0F1
:102750005FEA9A0A1FD11FB3012F1CD1237966713A
:1027600067F301032371E9683246E01D15F0CFFFDE
:102770002146C9F30B0001F099F9B8B904B0BDE8DE
:10278000F087254B25490094CDE9014301222346DA
:102790002046FFF719FA6FF0150004B0BDE8F08786
:1027A0000227DBE71E4BEDE71E4BEBE71E4A1B49FA
:1027B0000023CDE90132184600930122FFF704FA05
:1027C000204601F06DF9E6E7184B14490090CDE979
:1027D000010301220346FFF7F7F9154B1B689B0124
:1027E00017D54FF0FF324FF0FF330220F3F73CFFD5
:1027F0000221C8F800000C30F3F716FD4FF48D737A
:102800000380D8F8000001210C30F3F70DFD0123FF
:1028100003706FF06800B1E734950200248D020068
:102820006895020048950200989502008495020080
:1028300060010020F8B50E4B1B68DB0600D4F8BD24
:1028400002F10C0406460D4620460221F3F7ECFC8B
:10285000034640F205421A8020460421F3F7E4FCC7
:1028600000270770A0F801503278C270F8BD00BF91
:1028700060010020024A1368013B1360704700BFEB
:1028800050200020037F03F00303013B012B01D9FB
:1028900000DE704770B5044601F10C05284604219E
:1028A000E688F3F7C1FC237F03F00303022B0CBF80
:1028B00046F4005646F480560680637F4380617F6D
:1028C0002846F3F7B1FC627F04F11F01BDE87040B8
:1028D00015F01DBF2DE9F04190F804C0C688BCF189
:1028E000030F88B004460D4600F11C070ED0ACF172
:1028F000170CBCF1060F00F22981DFE81CF0210063
:102900007F00F90087009D00AF00CD00C37F033B2F
:10291000122B00F21B81DFE813F0320219011901BA
:10292000B701D0011901E101190119011901EA01E9
:102930001901060219012A02190119011B011B01C3
:10294000F80700F19782277F002F00F03F82C84BE5
:102950005B6899004FD5C74B1B6803F4007813F0F0
:10296000010340F0488158EA030344D0002F40F0AF
:102970006782C14A136801330C351360022128466F
:10298000F3F752FC41F63E73038001212846F3F72A
:102990004BFC0A2303701E212846F3F745FC002355
:1029A0000370A0F80160637FC370A37F0371D4F844
:1029B0001F30C0F80530B4F82330A0F80930D4F83F
:1029C0002B30C0F80B30B4F82F30A0F80F30D4F80B
:1029D0002530C0F81130B4F82930A0F81530638ED6
:1029E000A0F81730A38EA0F81930E38EA0F81B30A2
:1029F00094F83830437708B0BDE8F0810A4638468D
:102A0000314608B0BDE8F041FFF714BF984B5B6852
:102A100018044FF00004EED50C3502212846F3F7D8
:102A200003FC4FF44C73038003212846F3F7FCFBAF
:102A30000470A0F80160DEE7904B1B681902DAD53C
:102A40000C3502212846F3F7EFFB40F257230380B1
:102A500002212846F3F7E8FB0680CCE7844B5B684D
:102A60009A00C8D5834B1B681B03C4D50C350221C3
:102A70002846F3F7D9FB40F23E4303800121284664
:102A8000F3F7D2FB1423037003212846F3F7CCFBA2
:102A90000680237F8370AEE7754B5B689F0003D58C
:102AA000744B1B68180579D40396627FA17F744824
:102AB000247F0494002A92FAA2F2B2FA82F208BFAA
:102AC0004FF0FF32002991FAA1F1B1FA81F108BF6C
:102AD0004FF0FF31002301320131CDE90521CDE96D
:102AE00001306849009302221846FFF76DF882E72B
:102AF0005F4B5B689A007FF57EAF5E4B1B685B07A0
:102B00007FF579AF0C3502212846F3F78DFB40F6AF
:102B10003E23038001212846F3F786FB0346032268
:102B200028461A700921F3F77FFBFD0700F1A48105
:102B3000237F0370A0F80160E38BA0F80330238C9F
:102B4000A0F80530638CA0F8073054E700DE52E7A8
:102B5000474B5B689A007FF54EAF464B1B685B06A0
:102B60007FF549AF0C3502212846F3F75DFB40F6AF
:102B70003E33038001212846F3F756FB07230370F9
:102B80000A212846F3F750FB0680A38C4380E38C90
:102B90008380238CC380638C03812CE70C35022156
:102BA0002846F3F741FB40F23E63038001212846AB
:102BB000F3F73AFB0C23037005212846F3F734FBA7
:102BC000237F0370A0F80160627F002A92FAA2F3CB
:102BD000B3FA83F308BF4FF0FF330133C370A27F12
:102BE00092FAA2F3002AB3FA83F308BF4FF0FF333F
:102BF00001330371FFE6002F40F0FC801E4A13688A
:102C000001331360B8F1000F40F038810C35022118
:102C10002846F3F709FB41F23E33038001212846A1
:102C2000F3F702FB034601221A7028461221F3F73C
:102C3000FBFA0770A0F80160637FC370A37F03F005
:102C400001030371D4F81F30C0F80530B4F8233005
:102C5000A0F80930638EA0F80B30A38EA0F80D30D9
:102C6000E38EA0F80F3094F838304374C3E600BF09
:102C7000600100205801002050200020200D00207D
:102C8000AC950200248D02007D4B1B681B064FF0A3
:102C900000047FF5B0AE0C3502212846F3F7C4FAE4
:102CA0004FF48163038004212846F3F7BDFA012322
:102CB0000470A0F80160C3709DE690F820200E2AF1
:102CC00000F0B9806F487049CDE902020023CDE9D8
:102CD000003302221846FEF777FF8CE60B46324699
:102CE0003946002008B0BDE8F041FEF77DBF644BD7
:102CF0001B681F067FF57FAE0C350221284694F82D
:102D00002040F3F791FA4FF48163038004212846B1
:102D1000F3F78AFA002C08BF1F2400230470A0F8E0
:102D20000160C37067E6564B5B68980057D5574BF8
:102D30001B68990653D50C3502212846F3F774FA1F
:102D400040F63E33038001212846F3F76DFA06234F
:102D500003700A212846F3F767FA0680238C438024
:102D6000638C8380A38CC380E38C038143E690F85B
:102D70002000474A4449CDE902200023A7E7404B01
:102D80005B6899007FF537AE404B1B68DA067FF52C
:102D900032AE0C3502212846F3F746FA40F63E5390
:102DA000038001212846F3F73FFA052303700C2125
:102DB0002846F3F739FA034623F8026B216A626A60
:102DC000C0F802105A60238D438114E6A07F04F1FD
:102DD0002503FF2204F11F0105F078FEB7E500236B
:102DE000CDE90233CDE900331A220221304600F04A
:102DF000A7FE00E6B8F1000F22D10C3502212846CB
:102E0000F3F712FA41F23E33038001212846F3F72B
:102E10000BFA0123037012212846F3F705FAC0F8D4
:102E20000180C0F80580C0F80980C0F80D8080F8E6
:102E300011800770DFE50B46324600211A2051E76A
:102E40000C3502212846F3F7EFF941F63E73038073
:102E500001212846F3F7E8F90A2303701E212846CA
:102E6000F3F7E2F904461D220021601C15F076FC00
:102E70002770C0E500DE66E500DE59E60C357DE52D
:102E800060010020D8950200248D02005801002026
:102E9000E895020070B500F10C040E4620460221B0
:102EA0001546F3F7C1F940F213530380052120467C
:102EB000F3F7BAF901230370A0F80160A0F80350FA
:102EC00070BD00BF0379032B09D0172B05D0183B29
:102ED000052B8CBF00200320704701207047037F23
:102EE00003F00303032B14BF05200420704700BF29
:102EF0000B4B0C4A0C4930B44FF0FF3441F6FF75D0
:102F0000C3E9004500240025C2E900451F2400252F
:102F1000C1E90045054B00221A6030BCFEF744BEF3
:102F200060010020200D00205801002050200020CA
:102F300000B583B00D4A05990D4B8A1AA3FB0232E6
:102F4000C2F347126AB9023200910A4BD2B2012190
:102F50000020FDF729FC10F0FD0F04D103B05DF84F
:102F600004FB00DEEFE700DEF8E700BF782000207A
:102F70004FECC44E0D30010070B503685E6D054620
:102F8000C6B19C6D00225A65DCB1002199651723FA
:102F900023714FF6FF73E38004F11C001E2215F02D
:102FA000DDFB3C232377A56021463046BDE8704019
:102FB000FEF75AB900DE9C6D5E6D00225A65002C4A
:102FC000E3D100DE9C6DE0E70E4A0F4B12781A70D9
:102FD00000B9704710B54B7F01EB830382B01B6AC9
:102FE00001911C78FEF7C8F90199814201D102B024
:102FF00010BD14F00E0F02D14B69002BF7D000DE8C
:10300000F5E700BF00340020FF33002000B1704717
:10301000064B10B502460C46022001219C60FCF7CD
:103020008DF900B910BD00DE10BD00BF38040020CE
:1030300003788BB110B50C4B00F1100199608268D8
:103040007AB90A4C084B0022C0E90241114601201E
:10305000FCF774F918B910BD1030FFF78DBF00DE12
:1030600010BD00DE9968ECE728040020792F0100EC
:1030700038B5134C6569AB6FB3B905F16C0105F157
:103080006800FCF7D7F80346C0B1AB67286800F0CA
:10309000D5FC0025A06D6561FEF7D4F8606DA565CF
:1030A000FEF7C4F8656538BD00DE05F16C0105F179
:1030B0006800FCF7BFF803460028E6D100DEE4E72D
:1030C0007820002030B5304C94F85E30D90785B0B8
:1030D00037D5636953B193F82C2042F0020283F88C
:1030E0002C20636993F82C30DA0740D42648FEF789
:1030F0002BF984423ED1237EDB0703AD24D4022288
:103100000321224B009500200392FDF74DFB294639
:10311000FEF708F930BB1E48FEF752F960BB1A48AB
:10312000FEF71EF984422BD163690BB1FFF7A0FFB4
:1031300094F85E30002023F0010384F85E3005F03F
:1031400057FE002005B030BD022103910F4B0095C2
:10315000032101220020FDF727FB2946FEF7E2F8B4
:103160000028CCD00848FEF7FBF884420AD10C2096
:1031700005B030BD00DEBEE77830D0D000DECEE74F
:1031800000DED1E700DEF2E77820002081090100AF
:103190008820002000B50378497802F1FF3C103107
:1031A00003F00F03C9001FFA8CFC062B13D8DFE8CD
:1031B00003F0042717121212040043781033DB00C7
:1031C00003F21B32881803F5B37313FB0CF3184496
:1031D00080B25DF804FB40F253204FF4F373F4E740
:1031E00041780CEB8C03C3EB0310400001F110039A
:1031F000DB0000F23B1003FB020290B25DF804FB1F
:1032000040F2E33040F21623DFE700BF30B54FF65F
:10321000FF718BB08B429DF838500F9C19D02178EC
:103220000131C9B2217000294CD02849C1E90002FE
:103230008A7A0B8165F30002254B8A7204F1100033
:103240000022C860996001201146FCF777F8002839
:103250003AD1207E10F0010505D11E4A1E4B11788F
:103260001B788B4201D00BB030BD0133042109A87B
:10327000137006F075FB099B184A0694A2FB032104
:10328000174A0095A21A174CA4FB02425C1A01EBE4
:10329000540140F2471C090A52090CFB1133023257
:1032A000114905910133CDE90355CDE90155284672
:1032B000D2B201210993FDF75FFA10F0FD0FD2D0D1
:1032C00000DED0E700DEB0E700DEC2E7280D002018
:1032D0001804002000340020FF33002021F1D49096
:1032E000782000204FECC44EC92F010010B5174CB8
:1032F000204606F0ADFE04F10C0006F0A9FE34F8FD
:10330000043C627823F4437304EB8202204623F0EA
:10331000020394F8424052684FF0020C43F00E034F
:1033200020F8043C06216CF3420400234FF4006CA7
:10333000A0F840C080F8424013705170437B00EB0E
:103340008300042203691A70597010BD9420002074
:103350002DE9F04F604C9846604B94F85E708446BF
:103360000E4693E8030083B017F001071546DDF819
:1033700030909DF834309DF8382000908DF804107E
:103380007AD1218B03F0070302F003025B0021F4E2
:10339000437143EA022321F002010B432383637F3D
:1033A000012E04EB83036E4408BF4FF0000C32780B
:1033B0001E6AA4F85CC096F800A002F00E032AF082
:1033C0001F0102F00F02B3FA83F35B090A4363F3B0
:1033D0004512327002F00F02012A0AF00F0A43D0A0
:1033E00094F85E3065F3420384F85E30DAB25B072E
:1033F0000CD5134668F3C30384F85E30D9F8003067
:10340000C4F85F30364BB9F804209A80337803F063
:103410000F02012A05F0010B33D07278E2B1BAF144
:10342000010F4AD033786BF3861323F08003337097
:1034300094F82930246104EB8304AD01E36A05F0BC
:1034400040055A7845F004051D700AB906225A70E5
:10345000384603B0BDE8F08F6BF3861362F3C713F1
:10346000337006237370E3E7BAF1010FB8D07278B6
:10347000BAB984F83470B3E70C27384603B0BDE816
:10348000F08F32466BF3861368F3C71302F8083BDC
:10349000D9F80010B160B9F8041091800C23737052
:1034A000C6E7052A15D9063AD2B206F108010D4839
:1034B00084F8342015F02BF992E794F83420094968
:1034C00006F1080015F023F994F8343006337370D0
:1034D000A8E700DE7278E6E778200020688E020018
:1034E000D7200020AD20002008B5FFF7FFFE002008
:1034F00008BD00BF08B5FFF7E5FD002008BD00BF0F
:1035000008B5064806F0B4FD044B03F10C0006F0C4
:10351000AFFDFFF7EBFE002008BD00BF94200020A8
:10352000034A044B801AA3FB0030C0F34F107047CE
:10353000782000204FECC44E044A0068044B801AE7
:10354000A3FB0030C0F34F10704700BF782000206D
:103550004FECC44E30B9044890F85E3013F00103CC
:1035600000D07047002070477820002028B9044B15
:1035700093F85E0000F0010070470020704700BF24
:103580007820002048B9064B93F85E0010F0010047
:1035900004D0587E00F0030070470020704700BF41
:1035A0007820002070B50546807E0C4605F058FD59
:1035B00010B3237843F04003237023780268C4F8E3
:1035C000022003F00F038288E280012B04F102063F
:1035D00001D0304670BDA87E05F05AFD0028F8D015
:1035E0002278234642F0800203F8082B0268A2608A
:1035F00082889A80304670BD2078C0F38010FDF735
:103600007DF9DAE71F2964D82DE9F043437F00EB09
:10361000830383B01F6A3B7803F00F03012B0E4630
:103620000546904657D000F11C090DF106014846A9
:1036300006F068FD0DF107010446484606F062FDFC
:103640009DF806209DF807309A424CD123783A78AD
:1036500023F01F0302F00F02134323703B782278FC
:10366000C3F3401363F3451222703B78D2B2C3F325
:103670008013394663F38612227011F8023B20460C
:10368000DB09D2B263F3C71200F8022B062215F051
:103690004CF83246414604F10800063615F037F87A
:1036A000667095F85E30DB0706D49DF806306B77C0
:1036B000002003B0BDE8F08395F8293005EB8303C3
:1036C0002146DA6A2846EEF727F80028EDD00C20CC
:1036D000EFE71220704780F834100A463530414633
:1036E00015F015F8E4E70749074A084840F23E7329
:1036F00011F0A4F9064811F0A1F9034840F23E7117
:1037000011F093F94C9602000C96020060960200AC
:103710008096020003460A4601481946FFF772BF29
:10372000782000201F295FD82DE9F04190F829303A
:1037300000EB830382B0DE6A0F460446904600F138
:103740002805002E41D028460DF1070106F0DAFCCD
:10375000037823F03F03314643F00403037011F86C
:10376000022BDBB2C2F3801203F03F0343EA821361
:103770000370BB1D437005460622023014F0D5FFCE
:103780003A46414605F1080014F0C1FF94F85E3056
:10379000DA0707D49DF8073084F82930002002B0FA
:1037A000BDE8F081627F04EB82024123116A0A784E
:1037B00002F00F02D340DB07ECD52A462046EDF796
:1037C000ABFF0028E6D00C20E9E7284606F040FCD5
:1037D000C0B258B994F8293004EB8303DE6A04239D
:1037E000337006237370AEE7122070470720D6E7C8
:1037F00003460A4601481946FFF794BF7820002087
:1038000008B5054B0022986011460120FBF796FD94
:1038100000B908BD00DE08BD4804002083685A686E
:1038200092F82730DB09014601D100DE70470831EC
:10383000EEF742BB2DE9F0410768244982B0054606
:103840004FF4D4723846FBF7D1FC05F168062946DF
:1038500006F062FFE86E01AA3146FBF707FD00B3F0
:103860001B4C4FF6FF7894F8412094F84010531CFD
:10387000DBB2082B08BF0023994223D004EBC2011E
:1038800024F83280019A4A6012680260019A10603E
:10389000E86E84F8413001AA3146FBF7E7FC0028C6
:1038A000E1D1D7F8680107F5B47138B10023C7F842
:1038B0006831FDF743FE02B0BDE8F08100DED7F8C5
:1038C0006801F3E700DE00231B80FFDE380D0020D7
:1038D000B021002010B50C4630B92046FDF75EFD42
:1038E000844200D000DE10BD00DEF6E710B50C46C5
:1038F00030B92046FDF746FD844200D000DE10BD01
:1039000000DEF6E710B50C4640B9074B0246012130
:1039100002209C60FBF712FD20B910BDFDF72CFDC5
:103920008442FAD000DE10BD6804002000B9704760
:1039300000B583B00191FDF73DFD0199814202D1AF
:1039400003B05DF804FBFDF717FD01998142F7D044
:1039500000DEF5E738B51848184B194D194C01220F
:103960004FF4D471FBF7F0FB00224FF4D4711248EE
:10397000FBF738FC4FF6FF738384134B0322181DAB
:103980002421FBF7E1FB114B0722181D0821FBF74F
:10399000DBFB01F0C7FF0E480E490F4A03234FF02F
:1039A0001B0C2B70A0F800C000254FF4A4702560FC
:1039B0000880137038BD00BF380D002000210020A2
:1039C0000234002018220020402100200421002081
:1039D000B0320020AE3200200134002010B5037850
:1039E00083B1104B00F1100199608268BAB90E4C96
:1039F0000C4B0022C0E9024111460120FBF79EFC5E
:103A000058B910BD03F0FF02084B10309860114602
:103A10000120FBF793FC0028F3D000DE10BD00DE90
:103A20009968E4E7580400200138010048040020A8
:103A30000148FBF7ADBB00BF002100200149FBF7A7
:103A4000BDBB00BF0021002002494FF4D472FBF738
:103A5000CDBB00BF380D0020024620B903484FF40B
:103A6000D471FBF7BFBB0020704700BF380D0020AA
:103A700060B908B502464FF4D4710548FBF7B2FBB4
:103A800010B1838C03B908BD002008BD0020704729
:103A9000380D00200148FBF77BBB00BF4021002010
:103AA0000149FBF78BBB00BF4021002000283DD11E
:103AB00038B502460D461F484FF4D471FBF792FB10
:103AC0000446F0B1828CE2B91B4890F821C090F80E
:103AD00020100CF10103DBB2042B08BF0023994234
:103AE00021D020F83C2000EBCC0CCCF8045080F81E
:103AF0002130237843B994F93730002B0EDB0020B6
:103B000038BD6FF0150038BD0C4B012103209C60BF
:103B1000FBF714FC94F93730002BF0DA0021204633
:103B200004F0FEFBEBE76FF0680038BD6FF01500A6
:103B3000704700BF380D0020F421002078040020D9
:103B40002DE9F04782B0BDF82870BDF82C80BDF893
:103B5000309098B90C4615464FF4D4710246194876
:103B60001E46FBF73FFB824640B1838C33B96CB1F4
:103B7000022C07D0012002B0BDE8F087022002B07D
:103B8000BDE8F087ADB902F019F90EE00D9B019385
:103B9000CDF8009043463A46314602F099F80028A5
:103BA000EDD19AF93730002B07DB002002B0BDE8D9
:103BB000F087294602F012F9F7E70146504604F073
:103BC000AFFBF2E7380D0020E8B938B502460C46E5
:103BD0000E484FF4D471FBF705FB054650B1838CBA
:103BE00043B902F007F838B1036823600379237101
:103BF000002038BD022038BDD5F83230236095F85A
:103C000036302371F4E70220704700BF380D0020E2
:103C100038B510B10224204638BD02460C4615487E
:103C20004FF4D471FBF7DEFA054600B3838CF3B989
:103C30001A2C15D8042C17D90F4BE340DB0713D5EA
:103C40002146284601F0BCFF04460028E3D195F93F
:103C50003730002BDFDA0146284604F061FBDAE753
:103C6000292CEDD03B2CEBD01224204638BD0C245F
:103C7000204638BD380D00202000380438B5A0B9E2
:103C800002464FF4D4710D48FBF7ACFA054660B11B
:103C9000838C53B9012101F041FF044618B995F90D
:103CA0003730002B04DB204638BD0224204638BDC7
:103CB0000146284604F034FB204638BD380D00206C
:103CC00038B598B902464FF4D4710D48FBF78AFA1B
:103CD000054658B1838C4BB901F038FF044618B93A
:103CE00095F93730002B04DB204638BD02242046EE
:103CF00038BD0146284604F013FB204638BD00BFFE
:103D0000380D002070B5D8B90D4616464FF4D47161
:103D100002461148FBF766FA044688B1838C7BB9EA
:103D2000D0F840319B060ED52946324601F074FF8B
:103D3000054618B994F93730002B07DB284670BDCB
:103D40000225284670BD1A25284670BD014620462A
:103D500004F0E6FAF2E700BF380D0020034A044BF6
:103D600012881B8802800B80704700BFB032002091
:103D7000AE320020024A034B1080198000207047A9
:103D8000B0320020AE3200204FF01B0CA0F800C073
:103D90004FF0450CA2F800C04FF4A4704FF4267207
:103DA00008801A80704700BFC8B938B50D46144660
:103DB0004FF4D47102460B48FBF714FA034660B186
:103DC000808C50B993F87620C2F302022A7093F8DF
:103DD0007730C3F30203237038BD022038BD0220C0
:103DE000704700BF380D0020024A034B1070197055
:103DF000002070470234002001340020F0B583B069
:103E000000BB0F4616464FF4D471024614481D46B7
:103E1000FBF7E8F90446A8B1838C9BB9D0F8403190
:103E2000DB0513D52B46012500953246394601F0B6
:103E30009FFE054618B994F93730002B0ADB284657
:103E400003B0F0BD0225284603B0F0BD1A25284670
:103E500003B0F0BD0146204604F062FAEFE700BF70
:103E6000380D002048BB10B502460C4614484FF4EC
:103E7000D471FBF7B7F9F0B1838CE3B9C28CB0F819
:103E80008C311049052A0BD802FB03334FF4FA7228
:103E900002FB03F3A1FB03135B0B2380002010BD87
:103EA00002FB03F340F2E24202FB03F3A1FB031324
:103EB0005B0B2380F2E7022010BD0220704700BF99
:103EC000380D00205917B7D150BB10B502460C462B
:103ED00014484FF4D471FBF785F9F8B1838CEBB932
:103EE000C38C42F2107202FB04F1052B01F1FF3189
:103EF0000AD84FF4FA7203FB02231944B1FBF3F121
:103F0000A0F88C11002010BD40F2E24202FB03F346
:103F10001944B1FBF3F1A0F88C11F3E7022010BDB6
:103F200002207047380D002008B5FFF713FD002070
:103F300008BD00BF38B51B4800224FF4D471FBF711
:103F400051F9044658B304F1100221460320FDF74D
:103F500061FA054610B110F1780F0BD10025124A15
:103F6000124BC4F888501584A3F84050FFF7F2FCB8
:103F7000284638BD40F24D730D4A0E490E4810F0E8
:103F80005DFD0E482A46002110F058FD002383F302
:103F90001188BFF36F8F0323184602DFDEE700DED0
:103FA000D1E700BF380D0020F4210020B02100200F
:103FB000A0960200E096020060960200F8960200C9
:103FC000014B1878704700BF02340020014B18786D
:103FD000704700BF013400200B46896818600A68EA
:103FE000107828B1916851B90849C2E902137047A5
:103FF0004A6892F82710C90903D100DE704700DE35
:10400000F2E703F108011846EDF756BF1D3801002D
:104010000B68DA889ABB70B50C4606464FF4D4712B
:104020001848FBF7DFF80546D0B1838CC3B901F01F
:1040300011FF2268137F03F00303032B08D1012330
:104040001371226831462846BDE8704001F016BF62
:1040500053B195F862319A0705D53D2385F864314F
:10406000236801221A7170BD95F862319B0703D550
:104070003D2385F8643122680123137170BD01224C
:104080001A717047380D002010B5B0F824C00446EE
:104090004FF6FF7084450CD0A4F824312046C4E9C3
:1040A000471201F0CDFC94F8623113F0010002D107
:1040B00010BD00DEF0E723F0010384F862316FF0F9
:1040C0008B0010BD70B51C4C064694F821201BE0F7
:1040D000FBF788F803466968E0301BB39B8C0BBB89
:1040E00001F080FA94F8201094F821204B1C8A42A9
:1040F00006F1FF30DBB204D0042B08BF002384F8A4
:10410000203010F0FF0616D094F820300B48934270
:104110004FF4D4710FD034F8332004EBC305002AD8
:10412000D6D069680B7923F003034FF6FF700B714B
:10413000FDF7DAF8D6E770BDF4210020380D002035
:10414000F0B5314B1A68904208BF002283B008BF17
:104150001A60828CA0F86E21182380F86C31054615
:1041600080F88411012101F075FC05F1E006284674
:1041700001F084FC304601F01DFA304601F052FA9D
:10418000044628B3037903F00303032B0CBF034653
:10419000002303601D4805F17C07FAF7F9FFA8B179
:1041A00021463A46FBF750F8304601F03BFA044608
:1041B00070B1037903F00303032B0CBF0346002304
:1041C00003601248FAF7E4FF0028E9D100DEE7E7D0
:1041D000AA8C0F4B00950332D2B201210020FCF7CC
:1041E000E3FA10F0FD0F08D14FF6FF73FF20AB8408
:1041F00003B0BDE8F040FFF765BFFDF7BDF88542AD
:10420000F2D000DEF0E700BF1822002004210020D9
:104210000539010038B505460120FFF753FF05F1C8
:10422000E00001F0FFF9A8B1037903F003030446AD
:10423000032B0CBF2346002307482360FAF7A8FF8F
:1042400030B105F17C022146BDE83840FAF7FCBFE9
:1042500000DEF6E738BD00BF0421002021B3F8B529
:104260004D1EEDB200F1E00700F17C0612E023796B
:1042700003F00303032B0CBF234600232360FAF74C
:1042800087FF78B1013D32462146EDB2FAF7DCFFF7
:10429000FF2D06D0384601F0C5F904460348002C2E
:1042A000E5D1F8BD00DEEDE7704700BF0421002036
:1042B0000149FAF783BF00BF04210020014B93F8A6
:1042C00041007047B021002000B50A4B93F840C070
:1042D00093F841E0F4450BD080F800E033F83C005F
:1042E000088003EBCC035B68136018685DF804FB7F
:1042F0000020FBE7B0210020074B93F840C0844525
:1043000008D003EBCC0033F83C300B8043681360DB
:104310001868704700207047B0210020094A92F8C1
:10432000401092F841308B4209D04B1CDBB2082B75
:1043300008BF002352F8310082F840307047002057
:10434000704700BFB021002000B50D4A92F841C06F
:1043500092F840E00CF10103DBB2082B08BF002308
:104360009E4509D022F83C0002EBCC0CCCF804109E
:1043700082F841305DF804FB00DE00231B80FFDE85
:10438000B021002070B55379144605460E46002B27
:1043900039D0237903F00302032A0CD04FF6FF72C1
:1043A000954204BF23F00303237121462846BDE84C
:1043B0007040FCF799BF4FF6FF739D4206D13368FA
:1043C000A3421AD0002BF0D000DEEEE7EDB913487F
:1043D0002A464FF4D471FAF705FFE0B1214601F007
:1043E0001BFD3368A342EDD10C4800224FF4D47179
:1043F000FAF7F8FE08B1838C03B100202146BDE82E
:10440000704001F0E1BA00DEC3E700DE0020214683
:1044100001F002FDD3E700DEE0E700BF380D002029
:1044200090F86620B0F85C30C2F30212022A14BF82
:10443000DB089B0890F87E20B0F8580014BF0A3BB8
:104440000B3B9BB2D20644BF043B9BB2984228BFB1
:1044500018467047704700BF90F8623143F002037E
:1044600080F86231704700BF90F8623123F0020398
:1044700080F86231704700BFB0F86031B0F8242195
:10448000981880B2704700BF0278038E12B1581E90
:1044900080B27047418DB0F824215818104480B282
:1044A000704700BF10B504460B68C4F83230323094
:1044B0000B7903710521FBF75BF894F8373060F353
:1044C000050384F8373010BD4FF426704FF4A47301
:1044D00008801380704700BF00B5B0F86020B0F8C6
:1044E0005A1003468A4290F87700B3F85EC028BF9E
:1044F0000A4600F00700B3F864101B2A38BF1B22DD
:10450000042814BF4FF4A4704FF42960614528BFFC
:1045100061468142B3F86EC038BF01468C45B3F89E
:104520006A0044D08242A3F86E1001D0A3F86A203A
:1045300093F8D12042F00202012083F8D120B3F891
:1045400058C0B3F8622093F87610B3F85CE0624587
:1045500028BF624601F007011B2A38BF1B2204292D
:10456000B3F8661014BF4FF4A47C4FF4296C714566
:1045700028BF71466145B3F86CE038BF61468E458F
:10458000B3F868C017D06245A3F86C1001D0A3F847
:10459000682093F8D12022F0020283F8D12093F80A
:1045A000D1200120024383F8D1205DF804FB824230
:1045B000BCD10020C3E76245E9D193F8D11041EAAC
:1045C000510202F0010221F003010A4383F8D120D5
:1045D0000028E4D15DF804FBB0F86020B0F85A1070
:1045E00003468A4290F87700B3F85EC028BF0A46B7
:1045F00000F00700B3F864101B2A38BF1B22042800
:1046000014BF4FF4A4704FF42960614528BF614680
:104610008142B3F86EC038BF01468C45B3F86A00DA
:104620000DD09042A3F86E1001D0A3F86A2093F841
:10463000D12042F00202012083F8D120704790423D
:10464000F3D10020704700BFB0F86220B0F85810D6
:1046500003468A4290F87600B3F85CC028BF0A4649
:1046600000F00700B3F866101B2A38BF1B2204288D
:1046700014BF4FF4A4704FF42960614528BF614610
:104680008142B3F86CC038BF01468C45B3F868006E
:1046900014D08242A3F86C1001D0A3F868204FF028
:1046A000010C93F8D1106046C1F3400242EA0C02BB
:1046B00021F003010A4383F8D12070478242ECD1F4
:1046C00093F8D110002001F0010CEDE71B2928BF61
:1046D0001B21B2F5A47F064BA0F8721028BF4FF43F
:1046E000A472A0F87020C365A0F85810704700BFEE
:1046F00048019802F8B500228266C266A0F87420CC
:10470000314A324D12882D881B2A28BF1B22A0F85F
:104710007220B5F5A47FA0F858204FF0450201F0B3
:10472000030328BF4FF4A475A0F85A204FF01B12C2
:104730000266A0F8705090F8772003F1280703F183
:104740005205C1F34001FF00ED0002F0070290F8AE
:10475000D130CF40CD40BEB2042AADB214BF4FF429
:10476000A4724FF4296243F00203AE4280F8D130C4
:10477000334628BF2B46934238BF1346A0F86E300D
:104780004FF4A4730446A0F85C301B23A0F86A30F1
:10479000A0F85E50A0F86460A0F86660FFF754FFD0
:1047A00094F8D130AE4243F0010384F8D13003D005
:1047B000012384F87430F8BDB7F5A47FF8D1A36D58
:1047C000B3F11B1FF4D1F8BDB0320020AE3200208F
:1047D00008B50022D0E91E01FAF740FDB0FA80F0DA
:1047E000400908BDF8B506460C4600F0F9FF05463D
:1047F00088B32F1D384602F0FDFAEB796373294622
:10480000304601F003F8304603F000FBAB68EA687D
:10481000C4F84720C4F843302B69C6F8AC30A5690A
:104820000023A361ADB103232F792B71B38CEB80EF
:1048300005F11C01204602F0C5FA2E2F02D00423F8
:10484000A372F8BD28682946FCF70EFD0423A37265
:10485000F8BD00DEE7E700DECBE700BF70B5044639
:104860000D4600F0B5FF10B90623AB7270BD04F120
:104870008F063346002205F13B0105F12B0007F0BE
:104880008DF9D4F89710C4F8B810D4F8A810D4F85B
:104890008F00C4F8C910D4F8AC10D4F89B20C4F829
:1048A000B000C4F8CD1000200021C4E93001D4F8D4
:1048B000933094F8C810C4F8BC2094F8A720C4F82A
:1048C000B430002363F3000184F89F3084F8A030F3
:1048D00084F8A13084F8A23084F8A33084F8A4309E
:1048E00084F8A53084F8A63042F0010384F8C8109B
:1048F00084F8A7302946204600F072FF0646A8B18A
:10490000301D02F08FFAF3796B733146204600F0C8
:104910007DFF204603F07AFA4FF4C1636B8194F86F
:104920008E3043F0080384F88E3070BD00DEE7E778
:1049300070B50C46897A82B005460D2900F22E81A9
:10494000DFE801F05F676A9B9F07070C1836393E66
:104950005053002A00F0A78002B070BD002AFBD19E
:104960002146284600F034FF002840F0F18007235C
:10497000A372F1E7022AEFD1A0690023A361002806
:1049800000F0298103230371AB8CC380237A052BAC
:1049900000F00981062B00F0038100DE2146284645
:1049A00000F016FF002840F0AA800923A372D3E785
:1049B000002AD1D1F2E7002ACED10B23A372CBE794
:1049C000072AC9D12846012100F024FF2846FFF715
:1049D00043FD2146284600F0FBFE002871D10C2340
:1049E000A372B9E7002AB7D1F3E7082AB4D140F29D
:1049F0000233638195F88E3023F0100385F88E30F2
:104A0000AAE7002AA8D1237A062BD6D00223A372C4
:104A1000A2E7002AFAD09FE7012A9DD11146284635
:104A2000019300F0F7FE2846FFF716FD284601F037
:104A300045FF019B5A689968C4F82510C4F82120E5
:104A40001A7B84F829205A7B84F82A20D3F80E2078
:104A5000D3F81210C4F83F10C4F83B20D3F8163036
:104A6000C5F8A8302146284600F0B2FE10BB20460B
:104A700000F0F0FE0323A3726EE7002A7FF46CAF10
:104A8000F0E7032A0CD0042A7FF466AF062140F237
:104A90000362072384F82010A4F84D20A3725BE77B
:104AA0000523A37258E72146284602B0BDE87040AE
:104AB000FFF7D4BE2146284602B0BDE87040FFF79C
:104AC00091BE2146284600F08BFE0646002800F0E5
:104AD0008480301D02F0BAF9F379637331462846B9
:104AE00000F094FE284603F091F940F60D336381FF
:104AF00095F88E3023F0080385F88E302CE7214698
:104B0000284600F06DFE0646002868D0301D02F0F1
:104B100093F9F37963733146284600F077FE28460F
:104B200003F074F9284603F0C9FA0023A3720121A7
:104B3000284600F083FE2846FFF796FC284601F041
:104B4000C1FE95F88E3043F0100385F88E3003E7F0
:104B50002146284600F044FE0646002841D095F83C
:104B6000303194F84E10301D1BB1D5F840315B0741
:104B70001DD402F075F9F37963733146284600F0CD
:104B800045FE284603F042F9284603F097FA94F8C8
:104B90002030062B11D0242B3FF4DEAE00DEDBE606
:104BA0001A230371FAE61C3002F046F9F6E60A46CB
:104BB00094F84D1002F060F9DDE70121A17228465A
:104BC00000F03CFE2846FFF74FFC284602B0BDE847
:104BD000704001F077BE00DED4E600DE79E700DE4B
:104BE00094E700DEBBE700BF92F81FC0ACF1030CF6
:104BF00002F11C03BCF1080F06D8DFE80CF0120527
:104C0000050F0505050C09003D2380F86431704748
:104C10000822FFF78DBE0722FFF78ABE0222FFF7A8
:104C200087BE0122FFF784BE8B7A042B06D002D9FF
:104C3000053B082B00D8704700DEFCE705238B728C
:104C4000704700BF8B7A042B06D002D9053B082B96
:104C500000D8704700DEFCE7062040F2036207231D
:104C600081F82000A1F84D208B727047887AA0F15E
:104C70000400B0FA80F04009704700BF13460022DC
:104C8000FFF756BE70B591F82C30042B0C460ED9A8
:104C900091F82D20112184F828100125134313F0D9
:104CA000070312D184F828300125284670BD032B54
:104CB00007D091F82D20042AECD8032A01D0002532
:104CC000ECE7112384F828300125668DFFF7DCFB23
:104CD000801B0304E9D42823E4E700BFF0B50E46A7
:104CE00083B00DF1060201A9B0F86C50B0F86E70F7
:104CF0000446FFF7E9FB96F82D201ABB96F82C30F6
:104D0000002B5CD1B4F86C30AB420ED3BDF806205A
:104D10009A420AD3B4F86E30BB4206D3BDF80420E1
:104D20009A4202D3002003B0F0BD94F8D130A4F829
:104D30006C5043F001030120A4F86E7084F8D13068
:104D400003B0F0BD94F93700002802DB96F82C3050
:104D5000EBB194F8761094F8685001F003032B44FB
:104D60000D33DB00C1F34001CB409BB2BDF80650D0
:104D7000B3F5A47F38BF4FF4A4739D4228BF1D46EE
:104D800012B3002803DA96F82C30002BBAD094F82E
:104D9000772094F86A10BDF8047002F003030B4406
:104DA0000D33DB00C2F34002D3409BB2B3F5A47FC6
:104DB00038BF4FF4A4739F4228BF1F46A2E794F95F
:104DC00037000028C5DAE2E796F82C30002B99D09E
:104DD000002897DADBE700BF10B50C46896900238D
:104DE000A36131B394F82130DB071DD50B792E2B4D
:104DF0001DD11D230B71838CCB8094F828300B7749
:104E000090F87730C3F302038B7790F87630C3F3D2
:104E100002034B770868FCF727FA94F8213023F057
:104E2000010384F8213010BD01230B71F2E700DE8D
:104E3000DFE700DED6E700BF38B591F821304D6AD4
:104E40009B070C4603D4BDB101232B7108E0A5B12B
:104E500003232B71838CEB8005F11C0102F05CF9BC
:104E600028682946FCF700FA94F82130002223F044
:104E70000203626284F8213038BD00DEE8E700BF3B
:104E800070B50C46054600F0BFFC6062C0B1637BA4
:104E9000E66966610022172BE26109D000DE284630
:104EA000314600F0B3FC2846BDE8704002F0AEBFCA
:104EB000311D284602F01AF841F603036381EEE73C
:104EC00000DEE4E770B5CB690C460646002B4CD0FB
:104ED000637B162B2ED196F93730002B2ADBE56940
:104EE00065610023E36194F8203096F89C21C3F3B8
:104EF000C20363F3C50286F89C2194F8202096F83B
:104F00009C3162F3020386F89C3194F8203096F8C5
:104F10007620C3F3801363F3C30286F87620291D3D
:104F2000204601F0BFFF0221304600F073FC02234F
:104F3000A37211E000F060FC10B90723A37270BDEA
:104F400000F062FC606290B1637BE56965610022FC
:104F5000162BE261C7D000DE3046294600F056FC31
:104F60003046BDE8704001F0B1BC00DEB0E700DEC5
:104F7000EAE700BF38B505460C4601F097FC10B1D2
:104F80000123A37238BD284602F02EFF0028F7D176
:104F90002146284600F01CFC0028F1D0284602F0EB
:104FA00021FF0728ECD02846012102F015FF2846F2
:104FB0000D2102F015FF162321466373284600F0E9
:104FC0000FFCE06121462846BDE83840FFF77ABF74
:104FD00038B505460C4602F011FF10B10223A3724A
:104FE00038BD2146284600F0F3FB0028F6D02846BD
:104FF00002F0F8FE0728F1D00D21284602F0F0FE5D
:10500000172363732146284600F0EAFBE06158B19C
:1050100000F0F2FB10B90723A37238BD21462846E1
:10502000BDE83840FFF72CBF00DEF1E770B50C4655
:10503000897A82B006461546092906D8DFE801F0CC
:10504000080D454805056B8B97B800DE02B070BDB2
:10505000002DFBD10123A372F8E71946204601F089
:1050600037FF94F8202096F89C31C2F3C200C3F3B6
:10507000C2010140C2F30200034043EAC10322F02F
:105080003F02134384F8203096F93730002B0BDBB6
:1050900094F8203013F0380F40F09E8094F82030C0
:1050A00023F03F0384F820300221304600F0B2FBA9
:1050B000012DCBD196F83730DB09C6D021463046DA
:1050C00002B0BDE87040FFF783BF002DBED1F5E709
:1050D000022DBBD190F93730002B80F2C380644B96
:1050E00096F8762093E8030094F8203002AD13433D
:1050F00005E9030003F007036B4402211B783046E7
:1051000063F30612062386F87620A37202B0BDE888
:10511000704000F093BB032D98D11946204601F052
:10512000FBFE21463046FFF7ADFD0546204600F068
:1051300091FB002D5BD094F8283096F87620282B30
:1051400008BF86F864311346092162F3061386F816
:105150007630A1727AE7002D7FF478AFE369002BF7
:1051600074D000F049FBD8BB0723A3726EE7002D73
:105170007FF46CAFFFF780F9638DC01A03043FF52D
:1051800065AF84F8285096F93730002B35DB0022C4
:1051900094F8213062F3000384F8213096F87620E9
:1051A0001346092162F3061386F87630A1724DE7A3
:1051B000042D7FF44BAF2146FFF70EFE214630460B
:1051C000FFF73AFE304602F079FF0021304602F048
:1051D00007FE0023A37239E75A077FF465AF5DE746
:1051E0002146304602B0BDE87040FFF749BE304668
:1051F00002F012FE0823A37228E794F82D1096F807
:10520000772094F82C3011F0030102F007051FD02D
:1052100096F87600844661F3020C13F0030386F8D7
:1052200076C000F007001FD063F30202884286F8C0
:10523000772014D021463046FFF750FD94F82130F6
:1052400060F34103012284F82130A1E700DE88E702
:1052500013F003039BD063F3020286F877209D428C
:10526000E8D194E700DE3AE78842E3D18FE700BF58
:10527000708E020070B5D37F112B05460C4602F1EB
:105280001C0625D0182B09D0072B10D0242380F81A
:10529000643101F0C1FB0023A37270BD8B7A062B31
:1052A0003DD088BF073B022BF7D900DE70BD8B7A5B
:1052B000062BF6D1002102F08FFDD5F840311A22DD
:1052C00023F48073C5F84031204684F828200FE08D
:1052D0008B7A062BE5D13146204601F0DBFD94F8B0
:1052E0004E3084F828302846002102F075FD204613
:1052F00000F0B0FA94F8213043F0010384F8213033
:1053000095F876201346092662F3061385F8763061
:10531000A67228460221BDE8704000F08FBA90F9CD
:105320003730002B3FDA0221284602F055FD314686
:10533000204601F0F1FD21462846FFF7A3FC064672
:10534000204600F087FA9EB994F82D302BB195F8DD
:10535000762063F3061285F87620284601F0C0FA1D
:105360000823A37228460221BDE8704000F066BA07
:105370000021284602F030FD94F828300BB185F862
:10538000643194F8203094F82120DB0963F30002A3
:1053900084F8212095F876100A4661F30612092355
:1053A00085F87620DDE700DEBDE700BF38B58B7AF3
:1053B0000C460546092B06D8DFE803F0070706056B
:1053C0000505060B0F0600DE38BDBDE83840FFF7C7
:1053D000D1BDBDE83840FFF775BDFFF74DF8638DCF
:1053E000C01A0304F0D495F93730002B19DB0021E3
:1053F000284602F0F1FC94F82030002284F828209E
:10540000DB0994F8212063F3000284F8212095F849
:1054100076201346092162F3061385F87630A172CF
:1054200038BD94F82D1095F8772094F82C3011F0B1
:10543000030102F0070C24D095F87600864661F34C
:10544000020E13F0030385F876E000F0070022D087
:1054500063F30202884285F8772019D02146284656
:10546000FFF73CFC94F8213060F3410384F82130CD
:105470000021284602F0B0FC0022012384F82820F5
:10548000BFE713F00303B2D063F3020285F877207D
:105490006345E3D1ABE78842E0D1A8E791F80AC0C1
:1054A000BCF1020F08D000D87047ACF1060CBCF17B
:1054B000030FF9D900DE70470B4690F83710C90981
:1054C0000246F7D030B5104990F8764093F820E0C6
:1054D00003C983B044EA0E0E02AD05E903000EF0E5
:1054E000070EEE4461469EF8000041F6060C60F39C
:1054F0000614104682F87640A3F80AC003B0BDE84F
:10550000304000F09BB900BF708E020038B58B7A36
:10551000082B04D8033B022B00D800DE38BD092B32
:10552000FBD105460C46FFF757FC21462846FFF7FE
:1055300083FC284601F070FA0021284602F050FC56
:105540000023A37238BD00BF10B592F81FE0BEF172
:10555000160F02F11C0310D0BEF1180F08D024233F
:105560000C4680F8643102F0A9FD0023A37210BD3F
:10557000BDE810400322FFF759BDBDE810400122ED
:10558000FFF754BD13460022FFF750BD1346022219
:10559000FFF74CBD00230422FFF748BD0023C0E9FC
:1055A0000133C0E903330370704700BF0378013350
:1055B0000370704703785BB9C3687BB102691AB1A5
:1055C000816861B10B6082600023C0E903337047DA
:1055D000013BDBB20370002BEED070477047436095
:1055E000F1E700BF03783BB100230C300B60436848
:1055F00043B1196041607047002304300B60436879
:10560000002BF6D1C0E90011704700BF00230B60EA
:10561000836813B1196081607047C0E90111704758
:10562000406870470346406828B1996802685A602C
:10563000884208BF9A6070474078A0F10C00B0FA29
:1056400080F04009704700BF4078A0F10800B0FA30
:1056500080F04009704700BF4078A0F10200B0FA26
:1056600080F04009704700BF4078A0F11700B0FA01
:1056700080F04009704700BF4078A0F10100B0FA07
:1056800080F04009704700BF4078A0F10900B0FAEF
:1056900080F04009704700BF4078A0F10600B0FAE2
:1056A00080F04009704700BF4078A0F11800B0FAC0
:1056B00080F04009704700BF4078A0F10300B0FAC5
:1056C00080F04009704700BF4078A0F10500B0FAB3
:1056D00080F04009704700BFF8B5064608460D4601
:1056E000F9F756FD044680B10027C0E9057745600B
:1056F00006722C223946203013F030F84FF47F43E5
:10570000FF2262726381A381A7732046F8BD00BFA8
:105710004078A0F10200B0FA80F04009704700BF65
:105720004078A0F10200B0FA80F04009704700BF55
:105730004078A0F10200B0FA80F04009704700BF45
:105740004078A0F10100B0FA80F04009704700BF36
:105750004078A0F10100B0FA80F04009704700BF26
:105760004078A0F10100B0FA80F04009704700BF16
:105770004078A0F10900B0FA80F04009704700BFFE
:105780004078A0F10900B0FA80F04009704700BFEE
:105790004078A0F11800B0FA80F04009704700BFCF
:1057A0004078A0F10300B0FA80F04009704700BFD4
:1057B0004078A0F10300B0FA80F04009704700BFC4
:1057C000416809B1F9F7FABC00DE4168F9F7F6BCA7
:1057D000024B1868003818BF012070479804002059
:1057E00010B50448F9F7D4FC04460430FEF732FE45
:1057F000204610BD9804002008B50120FBF748FDA5
:10580000003818BF012008BDFBF75CBDE030FFF792
:10581000FDBE00BF38B590F8563105460C461BB1A9
:105820001C4385F8564138BDE030FFF7BFFE95F8C0
:1058300056311C4385F8564138BD00BF90F85631AB
:1058400023EA010180F8561101B17047E030FFF7FB
:10585000B1BE00BF836943B11A792E2A04D02E222B
:105860001A71836902691A60704700DE8369F3E781
:1058700083694BB11A792E2A00D0704701221A7120
:1058800081690868FBF7F0BC00DE8369F2E700BFBE
:105890008B6913B11A792E2A0BD00B7A072B15D0EE
:1058A000CB692BB1D0F85C211A60CB69C0F85C31B0
:1058B00070471B68D0F858215A608B6901221A7111
:1058C0008B69C0F858310B7A072BE9D14B6A002B52
:1058D000E6D01B68D0F858215A604B6A01221A7131
:1058E0004B6AC0F85831DBE770B505460C48F9F74C
:1058F0004FFC044688B10A4B43600026C0E90566A8
:1059000005722C223146203012F028FF4FF47F43DD
:10591000FF2262726381A381A673204670BD00BF1F
:105920008804002010B50A4B062258685021F9F768
:105930000BFC084B012258685021F9F705FC064B77
:10594000BDE81040586804222C21F9F7FDBB00BFC8
:1059500090040020880400209804002038B50446F4
:10596000002501F02DF82046C4E93E5584F8045185
:1059700002F086FBC4F82851C4E9425584F8165158
:10598000A4F81451A4F81851C4F82B51A4F84851A4
:10599000C4F83051C4F83451C4F83851C4F83C51FB
:1059A000C4F84051C4F84451FAF772FF94F88E30AD
:1059B00084F85651C4E95001C4E9565523F0180340
:1059C00084F88E30258638BD08460149F9F7F6BBC4
:1059D0009804002010B5B0F8024182B0034624B10B
:1059E000A1420FD2641AA0F80241B3F8120120B10B
:1059F00081420FD2401AA3F81201002318461370F7
:105A000002B010BD019200F003FF019A58B1037A71
:105A10000A2B03D022236FF07300F0E790F82030B8
:105A20006FF07300EBE700DEF1E700BF034B0B44C0
:105A3000B3FBF1F3A0F81831704700BFFF596202C1
:105A400010B5044602F024FB2046BDE8104000F0EB
:105A5000BFBF00BF10B5044649B1012900D010BD39
:105A600002F060FB2046BDE8104001F007B802F0EC
:105A700045FB2046BDE8104000F0F2BF38B5D0F835
:105A80005841054634B1206821464468FBF7E0FBE5
:105A9000002CF8D1D5F85C410023C5F8583134B159
:105AA000204624680449F9F789FB002CF8D100232B
:105AB000C5F85C3138BD00BF9804002090F937303C
:105AC000002B14DA70B504460E460320094915462A
:105AD000FFF702FE014640B180F8206080F82150B7
:105AE000204600F065FE002070BD0C2070BD0C202B
:105AF000704700BF9004002010B5074904460120FC
:105B0000FFF7EAFD28B10146204600F051FE0020D3
:105B100010BD0C2010BD00BF9004002038B5044615
:105B20000D4602200849FFF7D7FD58B190F8203004
:105B300065F30003014680F82030204600F038FE6F
:105B4000002038BD0C2038BD9004002010B5074956
:105B500004460420FFF7C0FD28B10146204600F0AE
:105B600027FE002010BD0C2010BD00BF90040020B7
:105B70002DE9F04105468846072010499DF8186038
:105B800017461C46FFF7A8FDA8B1E30008F0070878
:105B900003F03803BF0143EA080307F040073B4323
:105BA00043EAC613014680F82030284600F000FE84
:105BB0000020BDE8F0810C20BDE8F08190040020B9
:105BC00038B504460D4600F09DFF204602F034FB38
:105BD00007490A20FFF780FD38B1014680F82050C0
:105BE000204600F0E5FD002038BD0C2038BD00BF88
:105BF0009004002008B590F93730002B08DB00F046
:105C000007FE20B1037A0B2B0CBF2230002008BD09
:105C100002F0F0F8F5E700BFF8B5D0F840319B0688
:105C200001D40020F8BD04460D460C200849164654
:105C3000FFF752FD074648B1294620463246FEF797
:105C400045FD3946204600F0B3FDEAE70C20F8BDDB
:105C50009004002070B506460D4602F0CBF820B146
:105C6000037A053B012B044601D90C2070BD014687
:105C70003046FEF7FBFF0028F7D029686A68AB685A
:105C8000ED68C4F837503046C4F82B10C4F82F2004
:105C9000C4F833302146FEF7C7FF002070BD00BFB7
:105CA00038B5054602F0A6F820B1037A053B012B72
:105CB000044601D90C2038BD01462846FEF7D6FF20
:105CC0000028F7D028462146FEF7BCFF002038BD4B
:105CD0002DE9F8430546D0F84001BDF820801E4666
:105CE00083070F46914617D495F93730002B1FDBF9
:105CF0002A490820FFF7F0FC0446002C42D0237A02
:105D0000082B0FD0092B16D000DE2846214600F0C4
:105D10004FFD0020BDE8F88320490920FFF7DCFC97
:105D20000446EAE7A4F828906685A4F82C80ECE7FE
:105D30001A20BDE8F883099BE784A4F828906685BB
:105D4000A4F82C8003B31B882387099B5B88638797
:105D5000099B9B88A387099BDB88E387099B1B8999
:105D6000A4F84030099B5B89A4F8423095F937309C
:105D7000002BCADA2846FDF767FE0146284602F0E6
:105D8000CFFAC2E70C20C5E7054A4FF0FF33C4E95C
:105D90000E23A4F840304FF6FF73E5E7900400208F
:105DA0000000FFFF08B502F025F828B1007AA0F145
:105DB0000C00B0FA80F0400908BD00BF10B50446E1
:105DC00002F018F810B1037A092B00D010BD01467B
:105DD0002046BDE8104001F0D3BE00BF38B50446F0
:105DE0000D4602F007F810B1037A092B00D038BD38
:105DF00080F8205001462046BDE8384001F0C4BE7E
:105E000008B501F0F7FF28B1007AA0F10900B0FA57
:105E100080F0400908BD00BF38B505460C4600F0CB
:105E2000F7FC10B14369A3420ED0284601F0E2FF0F
:105E300010B14369A34200D038BD2246014628462E
:105E4000BDE8384002F0F0B801462246284600F08E
:105E500081FDEAE710B5044600F0DAFC18B101460E
:105E6000204600F09BFD204601F0C4FF014620B112
:105E70002046BDE8104002F0F1B810BD2DE9F04118
:105E8000537F144605460E46002B3AD0D37F1E2B77
:105E900024D9284600F0BCFC0746284601F0AAFF9A
:105EA0000146002F68D0FA7AE37F002843D093425E
:105EB000C07A52D03A7B002A4FD1072B65D0112BE4
:105EC00074D00D2B40F086800D2802D00B7B002B68
:105ED0003BD01F2385F86431BDE8F081474A52F872
:105EE000232022B104F11C00904760B1E37F022B14
:105EF000CFD10123224631462846BDE8F04102F0C9
:105F00002DB9FF23D377284600F082FC30B1E27F21
:105F1000C37A9A42E0D0037B002BDDD1284601F002
:105F200069FF002840D0E27FC37A9A42D4D0037B35
:105F3000002BD1D1DEE7934207D03A7B2AB9072B59
:105F40003CD0112B3AD00D2BD3D1234632463946C3
:105F50002846BDE8F04100F0C7BC8342B9D00A7BB7
:105F6000002AB6D1072B2FD0112BEED14B7B94F802
:105F700020209A42E9D1ACE70028BAD02346324625
:105F80002846BDE8F04101F0E9BF94F820307A7B63
:105F90009A4225D00728F1D00A7B002AEED14A7B0D
:105FA0009A42EBD0242395E70346A3E794F82030E8
:105FB0007A7B9A421FD01128EED1DFE77A7B94F8E2
:105FC00020309A4295D1C0E74A7B94F820309A421B
:105FD000BBD17EE78342D1D00B7B002BCED1E1E752
:105FE00007283FF476AF0B7B002B7FF472AF4B7B1F
:105FF0009342AAD16DE71128F5D16AE754990200BE
:10600000F8B58D6900270C4606468F617DB30127E0
:1060100003232B71B38CEB80237A042B05F11C0135
:1060200018D00C2B0BD0022B17D1637A072B16D06C
:10603000092B12D1304600F0FDFD2FB1F8BD3046DE
:1060400001F06AF8002FF9D128682946BDE8F84028
:10605000FBF70AB9637A0C2B05D000DEEDE720468A
:1060600000F094FDE9E7304600F086FEE5E7FFF733
:10607000CBFB05460028CBD100DE0071FFDE00BF60
:1060800070B506460C46FFF7ABFB0546002855D019
:10609000237A013B291D0B2B07D8DFE803F0151BE2
:1060A000212806060606062E063500DEEB79637308
:1060B00029463046FFF7AAFB237A0A2B2AD030461E
:1060C000BDE8704000F002BC084600F039FD132323
:1060D000E372EBE7304600F067FD0923E372E5E782
:1060E000204600F015FEFF236561E372DEE70846F7
:1060F00000F030FE0C23E372D8E7204600F01AFED1
:10610000FF236561E372D1E7304600F0D5FF152328
:10611000E372CBE7F38CB6F8921140F2E24202FB55
:1061200003F342F2107202FB013101393046B1FB38
:10613000F3F1BDE8704089B200F0CEBB00DEA7E706
:106140002DE9F04107460C46164601F057FE28B1EE
:106150000323A37200252846BDE8F0812146384676
:10616000FFF736FB05460028F2D021463846FFF7F8
:1061700037FB804600283CD0237A013B08F104011C
:106180000B2B07D8DFE803F01B21062706060606BF
:106190000606062D00DE98F8073063734146384640
:1061A000FFF734FB384601F031FE0423A372002EC2
:1061B000D1D0384601F082FF0023A372CBE7084616
:1061C00000F0C8FCFF23E372E5E7384600F010FD5D
:1061D000FF23E372DFE7084600F0BCFDFF23E37214
:1061E000D9E7384600F080FFFF23C4F81480E3723B
:1061F000D1E700DEC0E700BF38B50B7A013B0C46A3
:1062000005460B2B0CD8DFE803F006060B1B0B0B27
:106210000B0B0B0D0B16BDE838400122FFF790BFAA
:1062200000DE38BD01F04AFF94F820300022A2724F
:1062300085F8643138BDBDE838400022FFF780BFE3
:1062400090F8283143B90122FFF77AFF0028E8D0FF
:10625000012385F8283138BD01F030FF0023A372F7
:1062600038BD00BF38B50B7A013B0C4605460B2BF9
:1062700015D8DFE803F006160E2414141414143392
:10628000143B4B7A072B04D0132B02D0242385F820
:106290006431284600F0C0FB0023A37238BD00DE45
:1062A00038BD4B7A072B01D0092BEFD194F8203061
:1062B000DB07EED521462846FFF7A2FEE9E74B7A39
:1062C0000C2BE3D18B6993B321462846FFF798FE48
:1062D000284600F0A1FB0023A37238BD00F09CFB10
:1062E00000221623A27285F8643138BD4B7A152B33
:1062F00016D0072BCAD1D0F8403123F02003C0F8C4
:10630000403100F089FB0023A3722846FFF74AFDC5
:106310000028C3D128460421BDE83840FFF78EBAD3
:10632000FEF7DAF868B9284600F076FBEBE7FFF7EE
:1063300063FA0028C8D1284600F0C8FA0423A372E3
:1063400038BD21462846FFF75BFEECE770B50E7AB4
:10635000731E0C4605460B2B07D8DFE803F0080F29
:106360002337060606060653066100DE70BD00F000
:106370009DFA00287FD00123A37270BD00F096FA29
:106380000028F8D121462846FFF722FA0028F2D04B
:1063900021462846FFF774FE6369002B08BF0326D9
:1063A000A67270BD00F082FA0028E4D1214628468A
:1063B000FFF70EFA0028DED021462846FFF760FEE0
:1063C0006369002B18BF0226A67270BD90F82831B1
:1063D0009BBB00F06BFA0028CDD121462846FFF781
:1063E000F7F90028C7D021462846FFF749FE626921
:1063F000002A4FF001030CBF03220222A27285F88B
:10640000283170BDFFF7E4F90028B4D021462846B2
:10641000FFF736FE1622022384F82020A37270BDF7
:10642000D0F840319B0602D5FFF7BCFC68B1284686
:1064300000F0F2FA0023A37270BD0C2200234A720E
:106440008B61BDE87040FFF70DBF284600F02EFAC3
:10645000002890D121462846FFF7BAF900288AD0B3
:1064600004212846FFF7D6F921462846FFF708FE03
:106470000323A37270BD21462846FFF7A9F900281F
:106480003FF479AF21462846FFF7FAFD6369002BF8
:106490000CBF03230223A37270BD00BF8B7A022BB3
:1064A00006D002D9033B012B00D8704700DE7047AD
:1064B0000B7A032B01D00A2BF7D1FFF7D3BE00BF15
:1064C00038B58B7A032B05D001D9042B00D138BD08
:1064D00000DE38BD0546D07F0C46831E02F11C014C
:1064E0006072172B0DD8DFE803F00C0C0C0C0C1F9E
:1064F0000C1B0C0C170D0C0C0C130C0D0C230C0CA2
:106500000C0D00DE21462846BDE83840FFF7AABE44
:10651000204600F0BFFCF5E7284600F043FCF1E719
:10652000284600F0CFFBEDE7204600F02BFBE9E723
:10653000284600F031FEE5E738B58B7A032B05D805
:10654000012B0AD8BDE83840FFF700BF042B03D168
:106550000B7A042B0C4601D000DE38BD0546FFF750
:106560004BF90028F9D021462846FFF749FD284677
:1065700000F052FA0023A37238BD00BF38B58B7A01
:10658000012B06D002D9023B022B00D838BD00DE19
:1065900038BD0546D07F0C46831E02F11C01607297
:1065A000122B20D8DFE803F0291F1F1F1F1F251FF4
:1065B0001F1F211F1F1F1F1F191F0A00284600F041
:1065C000C3FD04212846FFF725F92846FEF704F805
:1065D00084F820002046FFF73DF921462846BDE813
:1065E0003840FFF709BE00DEF7E7284600F0DAFB87
:1065F000F3E7284600F03CFBEFE7204600F0A6FB5F
:1066000008212846FFF706F9E7E700BFF8B58D7ABD
:10661000032D00D8F8BD042D23D10B7A0C2B0C468A
:10662000F8D10646FEF710F894F82030294640EAE3
:1066300003073046FFF702F9A5690023FFB2A36103
:1066400005B32B792E2B0ED17FB901232B7128682E
:106650002946FAF709FE304601F030FD0023A37207
:10666000F8BD00DEF8BD00DEEEE703232B71B38C2E
:10667000EB80237A0C2B05F11C0105D1304600F08C
:106680004BFDE4E700DEDCE700DEF7E710B58B7AD0
:1066900082B00C46042B1ED8DFE803F0171003125B
:1066A00010000B7A0A2B14D1019001F007FD01981C
:1066B00094F820300022A27280F8643102B010BD3C
:1066C00002B0BDE81040FFF797BD01238B7202B006
:1066D00010BD00DEE8E700DEF0E700BF70B504465D
:1066E00005F0A6F958B1D4F8F85035B1D4F8FC202B
:1066F0002B68C4F8F830AA4221D0284670BD054660
:106700000121032005F05AF92A46064601210320FB
:10671000F8F7E0FDD4F8F85045B1D4F8FC202B6828
:10672000C4F8F830954208BFC4F8FC30002EE4D01D
:10673000012211460320F8F7CDFD284670BDC4F8AC
:10674000FC30284670BD00BFF8B506460C4605F083
:106750006FF968B1D6F8F850AC421FD1A3690BBBF2
:106760003046FFF7BBFF2046BDE8F840FFF728B8EA
:1067700005460121032005F021F92A46012107469B
:106780000320F8F7A7FDD6F8F850002FE4D0012237
:1067900011460320F8F79EFDAC42DFD000DEA3696E
:1067A000002BDDD01B792E2BDAD100DED8E700BF1D
:1067B000F8B505460C4605F03BF940B100232360CF
:1067C000D5F8FC30F3B11C60C5F8FC40F8BD0646B6
:1067D0000121032005F0F2F832460746012103208B
:1067E000F8F778FD2660D5F8FC3073B11C60C5F869
:1067F000FC40002FEAD00122BDE8F84011460320FA
:10680000F8F768BDC5E93E44F8BDC5E93E44F0E788
:1068100070B5054605F00CF918B1D5F8F8402046DA
:1068200070BD04460121032005F0C8F82246064643
:1068300001210320F8F74EFDD5F8F840002EEED0E8
:10684000012211460320F8F745FD204670BD00BF28
:1068500038B50546FFF7DCFF037A013B04460B2BF6
:106860001BD8DFE803F0060606061A1A1C141406E5
:106870001A06014600222846FFF75EFEA37B03B9F5
:1068800038BD21462846BDE83840FFF75DBF0146C8
:106890000022284601F046F9F0E700DEEEE7014667
:1068A00000222846FEF782FDE8E700BF90F80401C9
:1068B000A0F10100B0FA80F040097047012380F890
:1068C00004317047002380F804317047B0F8183164
:1068D000A0F80231704700BFA0F80211704700BF56
:1068E0000023A0F80231704738B50C468969054687
:1068F00010461A46F9B1217A01390B2923D8DFE86D
:1069000001F0060606062222241D1D062206214647
:106910002846FFF7D5FDA36923B11B792E2B1CBF99
:106920000023A361A37B03B938BD21462846BDE8F7
:106930003840FFF709BFA3612061DCE72146284604
:1069400001F09AF8E7E700DEE5E721462846FEF782
:1069500091FCE0E738B50B7A033B0C460546092B62
:1069600009D8DFE803F0050808080D080805080540
:106970002146FFF793FDA37B0022626143B938BD36
:106980002146FEF78BFDA37B00226261002BF6D02F
:1069900021462846BDE83840FFF7D6BE38B50B7A09
:1069A000072B0C46054608D0A37B03B938BD21460A
:1069B0002846BDE83840FFF7C7BEFEF7A7FDF3E75E
:1069C0000222002380F80021A0F80231704700BFA6
:1069D00038B590F800310446032B1BD8DFE803F0EC
:1069E00002111011FFF714FF034648B11D7A20462B
:1069F000FFF72EFF0A2D14BF0123032384F8003173
:106A000038BDFFF705FF0028FAD02046BDE8384022
:106A1000FFF71EBF00DE38BD10B590F80031044608
:106A2000032B1BD8DFE803F00D020C02FFF7F0FE8A
:106A300090B100230122A4F80231827384F800315E
:106A400010BDFFF7E5FE28B100220123A4F80221C2
:106A5000837310BD00DEF7E700DEEAE700DE10BD5D
:106A600090F80031022B05D000D87047032BFCD0E2
:106A700000DE7047002380F80031704738B590F889
:106A800000310446032B3AD8DFE803F0092612133D
:106A900020462946FEF7FCFE2846FEF791FE2046DA
:106AA000FFF71CFE05460028F2D1022384F80031CE
:106AB00038BDFFF713FE05460028F6D029462046CC
:106AC000FEF7E6FE2846FEF77BFE2046FFF706FEB1
:106AD00005460028F2D1E8E7FFF700FE054600284A
:106AE000E3D029462046FEF7D3FE2846FEF768FE8F
:106AF0002046FFF7F3FD05460028F2D1D5E700DE7A
:106B000038BD00BF38B50546FFF7E8FD68B104465B
:106B100021462846FEF7BCFE2046FEF751FE2846D9
:106B2000FFF7DCFD04460028F2D10024A5F802415D
:106B30002146284601F050F985F8004138BD00BFD4
:106B400003780121122243F0030303704170C270E5
:106B5000704700BF03780121132243F00303037041
:106B60004170C270704700BF0B784FF0020C43F0C9
:106B7000030307220B7081F801C0CA7090F84C30F3
:106B80000B7170470B7980F84C3070470B784FF0E1
:106B9000020C43F0030307220B7081F801C0CA7096
:106BA00090F84C300B71704710B50B780C460922E9
:106BB000082143F00303E1706270237090F93730CD
:106BC000002BACBF0B460E23E370F9F761FE0022E9
:106BD00061F30702C1F3072C0B0C6CF30F2263F374
:106BE00017421B0A63F31F626060A26010BD00BF02
:106BF00038B50C460546F9F74BFE237843F00303FE
:106C0000237009236370E370D5F84031217263F07B
:106C1000FF031840020C0B0CC0F307252071C1F3D1
:106C20000721100AA2711A0AE07165716172A372DC
:106C3000E27238BD0B78092243F003030B704A70EF
:106C4000CA70D0E94E23100CC2F3072C0A711A0C3B
:106C500081F805C088714FEA102C0B72C3F307202E
:106C6000130A81F807C048728A72CB72704700BF5E
:106C70002DE9F0414A68124E8968530F83EA127376
:106C8000164003F001034FF04052A3FB02320546C9
:106C900001F0EF0786EA0304F9F7FAFD04EA0003BE
:106CA000C5F8403163F0FF03B8463340C5E94E38BC
:106CB0000F400122C5F8447185F83021BDE8F0810C
:106CC0002FCF87F72DE9F0414C68104F8A68630F8A
:106CD00083EA147303F001034FF04051A3FB013129
:106CE0002740054687EA030402F0EF08F9F7D0FDD4
:106CF000C5E94E78044008EA01010123C5F8404186
:106D0000C5F8441185F83031BDE8F0812FCF87F701
:106D10000B784FF0030C43F0030319220B7081F83A
:106D200001C0CA7090F820300B7190F821304B717F
:106D3000704700BF0B78022243F003030B704A70C8
:106D4000CA7090F820300B71704700BF0B7980F843
:106D5000203070470378074AC0F805204FF0060C32
:106D600043F0030340F60C51037080F801C0A0F813
:106D700003107047F105FFFF0B784FF0060C43F04E
:106D800003030C220B7081F801C0CA7090F82A31FD
:106D90000B71B0F82B31A1F80530B0F82D31A1F806
:106DA00007307047012380F829310B7980F82A31A8
:106DB000B1F80530A0F82B31B1F80730A0F82D312B
:106DC000704700BF0B78032243F003034FF0170C0A
:106DD0000B7081F801C0CA70D0F82130D0F825209E
:106DE0008A604B6090F829300B7390F82A304B730F
:106DF000704700BF10B503780D21042243F0030350
:106E000041700370C270841804F012FE0C2120B18E
:106E10002046BDE8104002F091BD2046BDE810407C
:106E200002F06CBD03780121052243F003030370D7
:106E30004170C270704700BF03780121062243F001
:106E4000030303704170C270704700BF03780121D3
:106E50000B2243F0030303704170C270704700BF00
:106E6000037801714FF0020C43F003030D2203700D
:106E700080F801C0C27070470378017143F00303CA
:106E80004FF0030C0370112380F801C0C3704271EE
:106E9000704700BF0B7980F84D304B7980F84E3049
:106EA000704700BF0B784FF0030C43F0030316222A
:106EB0000B7081F801C0CA7090F82030C3F3C20390
:106EC0004B7190F82030C3F302030B71704700BF81
:106ED0000A7990F8203062F3C50380F820304A79AF
:106EE00062F3020380F82030704700BF0B784FF048
:106EF000030C43F0030317220B7081F801C0CA7022
:106F000090F89C31C3F3C2034B7190F89C31C3F3EA
:106F100002030B71704700BFCB8843850B7980F863
:106F20002C304B7980F82D30704700BF0B784FF034
:106F3000180C43F003030F220B7081F801C0CA70D4
:106F4000C38C8B80038DCB80438D0B81838D4B81D4
:106F500090F834300B73C38EA1F80D30038FA1F875
:106F60000F30438FA1F81130838FA1F81330C38FF6
:106F7000A1F81530B0F84030A1F81730B0F8423021
:106F8000A1F81930704700BF0B784FF0180C43F090
:106F9000030310220B7081F801C0CA70C38C8B8070
:106FA000038DCB80438D0B81838D4B8190F83430E2
:106FB0000B73C38EA1F80D30038FA1F80F30438FF0
:106FC000A1F81130838FA1F81330C38FA1F81530C9
:106FD000B0F84030A1F81730B0F84230A1F81930BD
:106FE000704700BF8B88C384CB8803850B8943859A
:106FF0004B8983850B7B80F83430B1F80D30C38624
:10700000B1F80F300387B1F811304387B1F813306E
:107010008387B1F81530C387B1F81730A0F8403036
:10702000B1F81930A0F84230704700BF0B78002249
:1070300043F003034FF00C0CCA700B7081F801C0D1
:1070400090F823300B71036B094AA2FB03239B0AC0
:10705000A1F80530438DA1F80930038DA1F8073060
:10706000838DA1F80B30838CA1F80D30704700BFE1
:107070005917B7D10B7980F82330B1F8053040F2B9
:10708000E24202FB03F30363B1F809304385B1F830
:1070900007300385B1F80B308385B1F80D30838458
:1070A000704700BFB1F8093003844B68C0F8223044
:1070B0000B7A80F8263070470B784FF0090C43F0BC
:1070C000030314220B7081F801C0CA70B0F85A3063
:1070D0008B80B0F858300B81B0F85E30CB80B0F8C0
:1070E0005C304B81704700BF0B784FF0090C43F0C8
:1070F000030315220B7081F801C0CA70B0F85A3032
:107100008B80B0F858300B81B0F85E30CB80B0F88F
:107110005C304B81704700BF0B784FF0090C43F097
:10712000030315220B7081F801C0CA70B0F86A30F1
:107130008B80B0F868300B81B0F86E30CB80B0F83F
:107140006C304B81704700BF8B88A3F11B02E02A93
:1071500021D8B1F808C0ACF11B02E02A1BD830B529
:10716000CD88A5F5A47244F2481E92B2724511D89A
:107170004A8900210C4662F30F04A2F5A4726CF355
:107180000F0192B263F31F4165F31F44724598BF2C
:10719000C0E9181430BD70478B88A3F11B02E02AA8
:1071A00021D8B1F808C0ACF11B02E02A1BD830B5D9
:1071B000CD88A5F5A47244F2481E92B2724511D84A
:1071C0004A8900210C4662F30F04A2F5A4726CF305
:1071D0000F0192B263F31F4165F31F44724598BFDC
:1071E000C0E9181430BD70478B6900228A610BB367
:1071F000192293F804C01A71828CDA8091F8202049
:107200001A774AB90A8DDA834A8D1A848A8D5A848C
:10721000BCF12E0F0AD07047C28CDA83028D1A841B
:10722000B0F892215A84BCF12E0FF4D11868194697
:10723000FAF71AB800DEDBE730B5C38C0A8D4C8D47
:107240008D8D934285B002D1038DA34214D00123CA
:1072500081F8223002950B6BCDE900240C7A91F86D
:107260002320898C0391A4F10801B1FA81F1490925
:10727000EAF7EEFC05B030BDB0F892315B1B18BFE9
:107280000123E5E7F8B5CD6900230C46074616460D
:10729000CB618DB3291D112E0AD8DFE806F0200935
:1072A00009090909091C0909090909090909241415
:1072B00000DEEB79637329463846FEF7A7FA237A96
:1072C000092B14D0F8BD084694F8202094F821101A
:1072D000FFF7D2FDEDE72046FFF746FCE9E7204641
:1072E000FFF7A4FEE5E72046FFF74EFEE1E738464C
:1072F000BDE8F84000F08ABDFEF772FA05460028A6
:10730000C8D100DEC6E700BF38B58B690C4605461C
:1073100083BBFEF779FA2E23A061037194F8342021
:107320000121002384F823102363218D4AB1B1FB8E
:10733000F2F313FB02F3E28C9BB29A429CBF2385CB
:107340001946238F994204D340F2E24202FB03F331
:1073500023632846FDF798F8298D034606310B4430
:10736000A384002228462146FFF78CFF4FF60B73BB
:10737000638138BD00DECCE738B504460D4600F029
:107380003DFD20B929462046FEF722FA30B91021EA
:107390002046FEF73FFA0923AB7238BD04F1E00046
:1073A000FEF73EF90028F2D12046FDF711FA002839
:1073B000EDD029462046FEF713FAE861FEF71CFAE5
:1073C00010B90C23AB7238BD29462046FFF79CFF4D
:1073D00020461021BDE83840FEF730BA70B50C46A3
:1073E0000646FFF729FF237A092B1DD094F8225077
:1073F000ADB1002384F8203021463046FFF7F4FE7B
:10740000304600F05BFE237A092B05D10C4B1A683D
:10741000964204BF00221A600023A37270BD20466A
:10742000FEF726FAA561EBE7304600F0F5FC237A7B
:10743000092BDBD194F82030002BDAD1D6E700BF3E
:107440001822002070B506460C4600F0D7FC10B19B
:107450000623A37270BD054621463046FEF7B8F9F3
:107460000028F5D0112221463046FFF70BFF3046A9
:1074700000F024FE237A092B04D1044B1A689642AB
:1074800008BF1D600023A37270BD00BF182200203A
:10749000F8B5294A136806460C468BB183420FD0D3
:1074A00002238B7200F0AAFC054620B92146304623
:1074B000FEF78EF968BB2046BDE8F840FEF7CAB972
:1074C000218DF38C1660994212D0A5690023A36127
:1074D00085B303232F792B71B38CEB8005F11C014D
:1074E0002046FFF723FD2E2F1FD00423A372F8BDE3
:1074F000628D338D9A42E8D1A28DB6F892319A42CC
:10750000E3D12046FEF7B4F900220523A261A3725D
:10751000F8BD4FF47263238421463046FFF792FF93
:107520002046FEF7A5F9A561F8BD28682946F9F7B8
:107530009BFEDAE700DECCE718220020F0B50C460F
:10754000897A83B005460C2900F2DE80DFE811F06D
:1075500012001E004D00560062006C007900DC0035
:107560007C00D2008600C0000D00002A00F0D1800F
:1075700003B0F0BD002AFBD1237A082B00F0DB809A
:10758000092B40F0C1800123A372F1E7012AEFD15A
:1075900019462046FFF726FDE38C052B1BD9228DCB
:1075A000B2F5486F17D8934215D8638DB3F5FA7FBB
:1075B00011D2A08DA0F10A0140F6764689B2B142FF
:1075C00009D8013313FB02F3B3EB800F03D294F815
:1075D000343093420BD940F61E732384214628464B
:1075E00003B0BDE8F040FFF72DBF012AC0D8214607
:1075F000284603B0BDE8F040FFF74ABF002AB7D1E4
:107600000192FEF7F9F8019A002840F0AF800323B9
:10761000A372ADE7032A79D0042AA9D10F22062349
:1076200084F82120A372A3E7002AA1D195F937306D
:10763000002B7EDA94F8203043B10F2384F82130F8
:10764000CCE7002A94D1C9E7002A91D1284600F05E
:10765000D5FB002872D00823A37289E7022A87D1BC
:1076600095F83720C2F3C011D20975D019462046CB
:10767000FFF700FD228D931F40F67A419BB28B42AB
:1076800000F28780638DB3F5FA7F80F08280A08D51
:10769000A0F10A0140F6764689B2B14279D803FBDF
:1076A0000222B2EB800F74D22846FCF7EDFEA38CC9
:1076B0001B1A47F6FE729BB2934240F28880282341
:1076C00085F86431284600F0F9FC0023A3724FE7E7
:1076D000002A7FF44DAF2846FCF7CEFEA38CC01ADB
:1076E00003043FF545AF2146284603B0BDE8F0400E
:1076F000FFF774BE002A7FF43BAF2146284603B053
:10770000BDE8F040FFF738BE00DE31E70523A37285
:107710002EE7FEF771F800283FF42AAF21462846ED
:10772000FFF7F2FD1021284603B0BDE8F040FEF758
:1077300085B8A261E1E70A23A37219E7214628462A
:10774000FEF746F8002886D0102221462846FFF78B
:1077500099FD0A2363810BE784F84C10284600F05A
:107760004DFB0646B8B10D23A37201E7A669A261DD
:10777000002E3AD0032337793371AB8CF38006F1B6
:107780001C012046FFF7D2FB2E2F1BD00423A3722F
:10779000EEE61E2394E721462846FEF719F8002856
:1077A000E1D0072221462846FFF76CFD284600F06D
:1077B00085FC237A092B88D10D4B1A68954284D118
:1077C0001E6082E730683146F9F74EFDDEE720465D
:1077D000FEF740F80B23A3722846FCF755FEA38C56
:1077E000C31A1A043FF5C4AE7DE700DEC2E700BF4E
:1077F000182200202DE9F0412C4E336804460D4636
:107800002BB1834203D00123AB72BDE8F081204647
:10781000FFF74CF80028F6D1204600F0E5FA0746BD
:107820000028F0D129462046FDF7D2FF0028EAD0F3
:107830002046FCF729FE01218046204600F0CCFAC4
:10784000A5F83680D5F81C8085F834703460EF6177
:10785000B8F1000F1BD008F104012846FFF766FBC2
:1078600098F807306B7341462046FDF7CFFF2B7A1F
:10787000092B08D094F83730DB0901D100DEC4E7CA
:1078800004236B81C1E72046FFF720F8F2E7294681
:107890002046FDF7A5FF80460028DCD100DE04214C
:1078A0002846FFF743FB98F80730FFDE1822002038
:1078B000F8B50C46897A06461546062909D8DFE848
:1078C00001F00430080838640A001DB9237A092B36
:1078D00029D000DEF8BD002DFCD1FCF7CDFDA38C36
:1078E000C01A0304F6D42946304600F075FA214642
:1078F0003046FFF7A1FC237A092B00F0968094F81C
:107900002250002D40F09D802046FDF7B1FFA5617B
:107910003046FFF781F8237A092B60D00023A37249
:10792000F8BD002DD6D121463046BDE8F840FFF71E
:1079300061BF032D6CD0042D5CD0022DCAD1194635
:107940002046FFF797FB228D931F9BB240F67A41AA
:107950008B4262D8638DB3F5FA7F5ED2A08DA0F121
:107960000A0140F6764789B2B94256D803FB022293
:10797000B2EB800F51D22946304600F02DFA204656
:10798000FDF768FF0623A372F8BD002DA2D1FEF714
:107990008DFF10B10523A372F8BD21463046FDF7D7
:1079A00017FF0028F6D02946304600F015FAE7699F
:1079B000E561002F4DD094F8202094F82110381D57
:1079C000FFF75AFAFB79637339463046FDF71EFF1D
:1079D000237A092B9CD13046FEF778FF98E796F979
:1079E0003730002B2FDB234B1A68964296D10022AA
:1079F0001A6093E7D0F840311A2223F00203C0F84E
:107A00004031214684F820203046FFF7EDFB7FE728
:107A10005B7984F820302146F6E70021304600F0FB
:107A2000DBF91E2386F8643172E73046FEF758FF13
:107A3000237A092B7FF463AF94F82030002B3FF4B6
:107A40005EAF0023E5E73046FEF7DAF90028CAD03A
:107A500064E721463046FDF7C3FE07460028AAD159
:107A600000DE042094F8202094F82110FFF704FA97
:107A7000EB79FFDE1822002020B592F81FC082B0FB
:107A8000054602F11C03BCF1110F0AD8DFE80CF027
:107A90002D09090909090926090909090909090915
:107AA0001E17242380F864310191FEF7B5FF019978
:107AB0000B7A092B20D000238B7202B020BD032249
:107AC000284602B0BDE82040FFF7F2BE8B7A012BBA
:107AD000F3D9043B022BF0D900DEEEE7042228465E
:107AE00002B0BDE82040FFF7E3BE0222284602B004
:107AF000BDE82040FFF7DCBE95F93730002B06DBF0
:107B0000074B1A689542D6D100221A60D3E728465F
:107B10000191FEF775F901990028F1D0CBE700BF7C
:107B20001822002013460022FFF7C2BE70B5D57F91
:107B300002F11C03CDB10F2D12D024230E4680F884
:107B40006431044600F0BAFA337A092B05D1094BA7
:107B50001A68944204BF00221A600023B37270BDF9
:107B6000BDE870400122FFF7E9BCBDE87040022289
:107B7000FFF7E4BC1822002013460022FFF7DEBC0A
:107B800000230322FFF7DABC00230422FFF7D6BC50
:107B9000D37F012B70B505460C4607D0242380F80F
:107BA000643100F08BFA0023A37270BD8B7A012B35
:107BB00004D013F0FD0FF8D000DE70BD02F11C01FF
:107BC0002046FFF76FFA2846268CFCF75DFC361A34
:107BD00047F6FE73B6B29E4202D80223A37270BD6E
:107BE000282385F86431284600F068FA0023A37240
:107BF00070BD00BF38B58B7A012B05D0022B0C4627
:107C000003D0A3B901238B7238BD0546FCF734FCC1
:107C1000238CC01A0304F7D404F122012846FCF790
:107C200041FC284600F04AFA0023A37238BD00DE6A
:107C300038BD00BFD0F808218A42034608460DD15E
:107C40008A69A2B90A46D3F80CC11168C3F80811B1
:107C5000624508BFC3F80C11FDF7B2BD00DE8A69AA
:107C60002AB9D3F80821002AEDD1FDF7A9BD127970
:107C70002E2AF6D100DEF4E738B5D0F808512B7A79
:107C8000013B04460B2B28D8DFE803F00606060666
:107C900018181D131306220600222946FEF7F6FCCB
:107CA000AB7B2BB129462046BDE83840FFF7C2BF69
:107CB00038BD00222946FFF75FFFF1E70022294681
:107CC000FCF7DCFFECE700222946FDF75BFCE7E769
:107CD00000222946FFF78EFFE2E700DEE0E700BF63
:107CE00070B5D0F8085104461DB394F81431012B37
:107CF00003D1022384F8103170BD29462046FDF7D8
:107D000067FD0028F5D029462046FDF769FD0646A7
:107D100088B1311D2846FEF727FFF3796B73314692
:107D20002046FDF773FD01220023AA7384F8103169
:107D300070BD00DED9E700DEEBE700BFF8B5D0F894
:107D400008510446ADB394F81431012B03D101233B
:107D500084F81031F8BD29462046FDF739FD00288A
:107D6000F5D029462046FDF73BFD064688B3204660
:107D7000FEF74EFD2A7A037A934206F104071AD0E1
:107D8000082B1AD02A2194F830311BB1D4F8403195
:107D90005B0717D43846FFF763F8F3796B73314606
:107DA0002046FDF733FD01220023AA7384F8103129
:107DB000F8BD00DEC7E72321E5E7092A0CBF232130
:107DC0002A21E0E70A46384694F81711FFF754F8DD
:107DD000E3E700DECBE700BF80F81611704700BF75
:107DE000704700BF0020704790F81501003818BF99
:107DF00001207047D0F80801704700BF90F81401C7
:107E0000A0F10100B0FA80F040097047B0F81831D5
:107E1000A0F81231704700BF0023A0F8123170475C
:107E200038B5D0F80841F4B1D0F80C212368C0F877
:107E300008319442054608BFC0F80C319CB1214678
:107E40002846FDF725FD2046FDF7BAFCD5F8084188
:107E50004CB1D5F80C212368C5F808319442EED115
:107E6000C5F80C31EBE738BD70B505460C4639B1A5
:107E7000042900D070BDFFF7D3FF85F8104170BD15
:107E8000D0F80861002EF5D0337A112B11D8324981
:107E90004FF0010C0CFA03F0014061B910F4386F97
:107EA00007D00A2B13D0CBB195F81631F3B964463D
:107EB00004E000DE337A0A2B09D07BB185F8154146
:107EC0002846FFF7D9FE032385F8103170BD2846F8
:107ED000FFF7D2FE052385F8103170BDD37F86F8F9
:107EE0004C302846BDE87040FFF7FABE95F93710D0
:107EF000002910DB012B20D0022BBBD12846FEF736
:107F000087FC327A037A934221D0082B1DD02A2392
:107F100085F8643170BD012BEED12846FEF778FC60
:107F200008B1FF23C372012385F815312846FFF7F6
:107F3000A3FE032385F8103170BDD37F85F8173178
:107F40002846BDE87040FFF7F9BE092ADFD1232398
:107F500085F8643170BD00BF7FF4030038B50C466E
:107F60008969054610461A46237AF1B10C2B57D879
:107F7000DFE803F00D070707073C3C484242074E85
:107F8000070021462846FEF7F9FAA16921B10B79CD
:107F90002E2B1CBF0023A361A37B2BB121462846B7
:107FA000BDE83840FFF746BE38BDA26120610C2B0A
:107FB00036D801A151F823F01D800100837F010014
:107FC000837F0100837F0100837F0100ED7F01003B
:107FD000ED7F010005800100F97F0100F97F0100BC
:107FE000837F010011800100837F01002146284624
:107FF000FCF7FAFDA169C9E721462846FFF796FD7F
:10800000A169C3E721462846FDF79EFAA169BDE7AD
:1080100021462846FFF7BCFDA169B7E71146B5E741
:1080200000DEA169B2E700BF38B50B7A072B0C461A
:1080300005460FD00C2B0AD0A37B002262612BB126
:1080400021462846BDE83840FFF7F4BD38BDFEF7AD
:10805000DDFAF1E7FDF79AFAEEE700BF38B50B7AE3
:10806000072B0C46054608D0A37B2BB1214628469A
:10807000BDE83840FFF7DEBD38BDFDF78BFAF3E70A
:108080000422002380F81021A0F81231704700BFAD
:1080900090F81031052B0ED8DFE803F0060907032E
:1080A0000603D0F8083123B97047FFF719BEFFF770
:1080B00045BEFFF7E1BD00DEF6E700BF90F81031E6
:1080C000052B04D8DFE803F004151305040500DED2
:1080D0007047D0F80821002380F815315AB10023E9
:1080E0000121A0F81231917380F810317047FFF729
:1080F000F7BDFFF723BE00DEF1E700BF90F81031B7
:10810000052B04D8DFE803F004090B04050400DEA6
:108110007047002380F810317047FFF70FBEFFF75C
:10812000DFBD00BF90F8103110B50446052B12D802
:10813000DFE803F0030D09030803FFF771FE0423D2
:1081400084F8103110BDBDE81040FFF7C9BDBDE88F
:108150001040FFF7F3BD00DE10BD00BFF0B50446D0
:1081600083B00E46154673B1D27F1B2A37D8DFF88D
:10817000C4C090F837100CEB4203C9095F780123A3
:108180008B403B4040D11846FDF7AEFB074620B37D
:1081900000230360D4F80C311BB31860C4F80C0141
:1081A00094F81031052B42D8DFE803F01E270306B0
:1081B00006062046FFF794FDBB7B1BB139462046DF
:1081C000FFF738FDD4F8081139B12B463246204666
:1081D00003B0BDE8F040FFF7C1BE03B0F0BD00231F
:1081E000D1E7C4E94200DBE72A4600212046FFF739
:1081F0003BFEBB7B002BE5D0E0E72046FFF79EFD72
:10820000BB7B002BDED0D9E71CF812300A2BBAD189
:108210000193FFF705FE0022A4F8122184F815212E
:1082200084F810212046FEF76DFC019BABE700DED1
:10823000C2E700BFD099020010B50446FFF7F0FD79
:108240000023A4F8123184F8153184F8103110BDE0
:1082500000B9704700DE704730B991F8D43023F090
:10826000010381F8D430704700DE91F8D43023F058
:10827000010381F8D43070472DE9F041079D9DF846
:1082800018700646A88C4FF6FF7188422ED03146F2
:10829000284690461C46FBF7F7FE38BB2B78013387
:1082A000DBB22B7033B3144BB5F860019A7A1C81A2
:1082B00067F300029A72114A013405F110019360CC
:1082C00004440022D960C3E9006811460B4BA5F8AD
:1082D00060410120F7F732F850B9FF20FBF7F2FEBA
:1082E0002846FF21BDE8F041FBF7B8BFBDE8F081AB
:1082F00000DEF2E700DED6E7E00E0020A00400205A
:10830000012800D0704700B583B00191F9F734F827
:108310000199814202D103B05DF804FB00DEFAE767
:10832000C38D23B190F8D42012F0010300D0704720
:1083300010B542F0010288B00B4C80F8D420033114
:108340000122CDE902320690CAB2CDE90434CDE96A
:10835000003303211846F8F70FFA10F0FD0F01D192
:1083600008B010BD00DEFBE75982010038B50C46AD
:108370001546FBF77DFB48B11CB1BDE83840FDF761
:108380008FBC2946BDE83840FDF764BC022038BDEB
:1083900038B50C461546FBF76BFB58B190F93730F2
:1083A000002B05DA2A462146BDE83840FDF786BB9A
:1083B0000C2038BD022038BD054B064A10B41F20E2
:1083C0004FF0FF3425211C601871117010BC7047EC
:1083D000042500200334002010B5044600789DF8E1
:1083E00008C002FB01111A4A014482FB01020A443F
:1083F000521102EBC20002EB80028A1AD0B2C1080D
:108400002070595C02F0070241FA02F212F00102F8
:108410001DD1B0FBFCF10CFB11015C1EC9B2043391
:10842000104600F1080E14F8012F5FFA8EFE12F0CC
:10843000010F00F1010C4FEA520202D039B10139AB
:10844000C9B25FFA8CF08645F1D19C42E9D110BDEA
:10845000A7C867DD4288008850407047F0B5304DAE
:10846000304C48404FF0030C060A5FFA80FE0EEBDA
:108470008E2E06EB862004EA401705EA400605EA40
:108480004E0004EA4E1E3E4340EA0E0000EB002779
:1084900006EB062E06EB0E2600EB0720C6F307467A
:1084A000C0F3074040EA062000EB00100CF1FF3C4F
:1084B00008441CF0FF0C80B2D6D141401A48A0FB02
:1084C00001400C1A00EB5400400900EBC00400EB23
:1084D0008400081AC0F3C40400F00705145D2C41A1
:1084E000E407C0B21AD401FB03F3561EC3F30743DB
:1084F0000432604600F1080516F8011FEDB211F0D4
:10850000010F00F101044FEA510102D033B1013BE8
:10851000DBB2E0B2A842F2D19642EBD1F0BD00BF8F
:1085200010210200408408004D91CFBA1A491B481F
:108530002DE9F0410023451EA1F1020C012606E0C1
:108540000133082B01F1060100F1280022D003EBD2
:10855000830215F83220D407F2D59CF800409CF82D
:1085600001E0D0F80080C2F3801206FA03F79A40C7
:1085700001333C434EEA020287888F80082B8CF837
:1085800000408CF8012001F1060141F8068C00F151
:108590002800DCD1BDE8F08112250020290F002041
:1085A00008B507490748084A40F2B3230CF046FAD9
:1085B00006480CF043FA044840F2B3210CF035FAB7
:1085C000589702006096020024970200B0970200BC
:1085D0002048214A2DE9F047204FDFF8848000230E
:1085E000951EA0F1020C012615F83310C90706FAF2
:1085F00003F926D5397859B112F8011C072901EB86
:10860000810405D818F834104C0701D5C90618D5CF
:1086100015F833109CF801E09CF80040D2F800A057
:10862000C1F3400199404EEA010144EA0904B2F85D
:1086300004E08CF800408CF80110A0F804E0C0F8C9
:1086400000A00133082B00F1060002F10802CBD193
:10865000BDE8F0873E260020FE25002005340020DE
:10866000280F00200820704738B50020FAF78AFF4D
:10867000C8B90E4C0E4D621E14F83030072B03EBB8
:10868000830105D815F8313023F0200305F8313087
:1086900012F8303023F0010302F83030013008289E
:1086A000EAD1002038BD0C2038BD00BFFD250020D8
:1086B000280F00202DE9F04F804683B00020FAF704
:1086C00061FF002840F0988098F80030FF2B0546A5
:1086D00026D0504E08F1010B4FF0FF090446B71E9B
:1086E00003F0010A09E0B9F1FF0F04F101021BD008
:1086F0000134082C06F1080638D017F83420D207C8
:10870000F1D517F83420C2F340025245F0D10622C9
:1087100059463046019310F029F8019B0028E7D113
:10872000002003B0BDE8F08F072C5FFA84F904F154
:1087300002046BD017F83210C8070ED4082C06F1CB
:10874000100613D017F83420D107D1D517F83420EC
:10875000C2F340025245CBD1D9E71446083617F888
:108760003420C2F340025245C2D1D0E7B9F1070F1D
:1087700048D817F83920284C63F3410207F839200C
:108780004FEAC90A0AF10203D8F80120FA503B4423
:10879000BBF804209A8098F80030661E03F00103AD
:1087A00004E00135082D04F1280429D005EB8502E9
:1087B0004FEAC20816F83220C2F38011D207F0D572
:1087C0009942EED106225946204601930FF0CEFF82
:1087D000019B0028E5D116F8083043F0200306F885
:1087E0000830EDB217F83930BA4443F0010307F806
:1087F00039308AF8015093E70C2003B0BDE8F08FC0
:10880000FF25EFE7072003B0BDE8F08F4FF0070921
:10881000AFE700BFFE250020290F00202DE9F04121
:1088200006460020FAF7AEFEC8BB96F80080B8F105
:10883000FF0F04462ED01B4D0136AF1E08F0010875
:1088400004E00134082C05F1080525D017F8343070
:10885000C3F34002DB07F4D54245F2D1062231468C
:1088600028460FF083FF0028EBD107EBC4035B78A9
:10887000072B08D80C4A03EB830312F8331060F37C
:10888000451102F8331017F8343023F0010307F8CC
:1088900034300020BDE8F0810220BDE8F0810C20DA
:1088A000BDE8F081FE250020280F0020072800B534
:1088B0001AD80F4B00EB800E4FEA800C13F83EE005
:1088C0001EF0010F12D084444FEACC0013F83CC0D4
:1088D0000130CCF3801C81F800C0195811600344AA
:1088E0009B8893805DF804FB00DEE2E700DEEAE7A8
:1088F000280F00200820704710B50020FAF736FE38
:1089000088BB1A4B1A4C197893F82820207060F312
:10891000000160F30002197083F8282093F85010CA
:1089200093F8782060F3000160F3000283F85010A0
:1089300083F8782093F8A01093F8C82060F3000122
:1089400060F3000283F8A01083F8C82093F8F010B9
:1089500093F8182160F3000160F3000283F8F0102F
:1089600083F8182110BD0C2010BD00BF280F002077
:10897000043400202DE9F04F83B083460020CDF869
:1089800000B0FAF7F3FD002856D11BF8012BDFF8F1
:108990002481019202F00103044608F1FF391E46CA
:1089A00004E00134082C08F1280841D004EB8402CB
:1089B00009EBC20519F83270F8074FEA840AC7F3C9
:1089C0008012EED5B242ECD10622594640460FF055
:1089D000CDFE0028E5D13E467307019A07462FD405
:1089E000354D02F00108AE1E04E00137082F05F1F5
:1089F000080512D016F83730D907C3F34002F4D572
:108A00004245F2D10622594628460FF0AFFE002813
:108A1000EBD106EBC706FF2373705444002019F80E
:108A2000343023F0010309F8343003B0BDE8F08F8F
:108A3000022003B0BDE8F08F0C2003B0BDE8F08F3A
:108A4000DFF878C09CF800305E1E023B062BF6B2C1
:108A500003D895F81780B04502D18CF80060BFE7C5
:108A6000174A02EB061302EB081296460FCB8EE86C
:108A70000F00DFF850E03D4605EB850309EBC3022C
:108A800019F83330D90705D5580703D59EF81730A4
:108A9000B34207D00135082D0EF1280EECD1009B12
:108AA0001A78DAE7009B82F817801A78064B03F8E9
:108AB0000850D2E7290F0020FE25002004340020B2
:108AC0007C250020280F0020742500202DE9F84384
:108AD0001D465B7903F0C003402B01D0BDE8F8834D
:108AE0000F46F9B1DFF86480002400F0010608F1B8
:108AF000FF3904E00134082C08F12808EED004EB1B
:108B0000840319F83330D907C3F38012F2D5B24287
:108B1000F0D10622394640460FF028FE0028E9D160
:108B2000E2B203E0072AD9D8DFF8249002EB8202F0
:108B3000D30019F83220D207D0D51833286849F865
:108B400003004B44AA889A80C8E700BF290F002081
:108B5000280F00202DE9F84F82461A4D1AF8018B94
:108B60008946002408F001086E1E04E00134082C38
:108B700005F1280519D004EB8403DF0016F8333023
:108B8000C3F38012DB07F1D54245EFD106225146EF
:108B900028460FF0EBFD83460028E7D11837F4197B
:108BA00006212046F6F736FB10B90220BDE8F88F03
:108BB000F059C9F80000A388A9F804305846BDE868
:108BC000F88F00BF290F00202DE9F0478246164D8F
:108BD0001AF8018B8946002408F001086E1E04E093
:108BE0000134082C05F128051BD004EB840306EBA7
:108BF000C30716F83330C3F38012DB07F0D54245C4
:108C0000EED10622514628460FF0B0FD0028E7D1EC
:108C10007B6A1A68C9F800209B88A9F80430BDE86F
:108C2000F0870220BDE8F087290F002010B5044628
:108C30000020FAF79BFC40B91CB1012C01D0122096
:108C400010BD034B1C70002010BD0C2010BD00BFD8
:108C500005340020034B4FF47A7202FB00F01860D9
:108C6000704700BF0C2500202DE9F0478246002008
:108C70008846FAF77BFC70BB1C4D1AF8019B044632
:108C800009F001096E1E04E00134082C05F12805E5
:108C90001ED004EB8403DF0016F83330C3F38012D8
:108CA000DB07F1D54A45EFD10622514628460FF0A1
:108CB0005DFD0028E8D1B8F1000F12D0B8F1010F26
:108CC0000CD1F35D43F01003F3550020BDE8F087AD
:108CD0000220BDE8F0870C20BDE8F0871220BDE837
:108CE000F087F35D68F30413F355EEE7290F0020D6
:108CF000D0B5314C3149002304F1FF3C14F8332046
:108D0000072A02EB820E05D811F83E2022F020023D
:108D100001F83E201CF8332022F001020CF8332029
:108D20000133082BEAD1264A264C002313700A7817
:108D300063F300020A7091F8282063F3000281F8BF
:108D4000282091F8502063F3000281F8502091F818
:108D5000782063F3000281F8782091F8A02063F373
:108D6000000281F8A02091F8C82063F3000281F886
:108D7000C82091F8F02063F3000281F8F02091F808
:108D8000182163F3000281F818210F4A13700F4B6A
:108D90004FF0FF364FF0FF37C3E900670C4B2360FD
:108DA00028B1BDE8D0400B490B4806F037BEBDE8FE
:108DB000D040094806F070BFFD250020280F002094
:108DC000053400200C25002004340020200F002052
:108DD000A0BB0D0025900100F00E002008B902484C
:108DE00070470248704700BF102500203C26002035
:108DF000A8B110B50B4B1B684FF4004240F2E730AE
:108E00000021E3FB02014FF47A720023E7F74EFEE4
:108E1000BDE8104002460B46034806F0AFBE0248CC
:108E200006F03ABF0C250020F00E002008B5094BD3
:108E300000221A8030B9084B084A1B7800211180A3
:108E40001BB908BDFFF7C4FBF5E7BDE80840FFF715
:108E50006DBB00BF3C2600200534002010250020FB
:108E60002DE9F04F824687B00EF06FFA4B014FEAC2
:108E70004018B8EB000843EAD06363EB01039B00A2
:108E800043EA98734FEA880818EB000841EB03099E
:108E90004FEAC90949EA58794FEAD931C8F310387D
:108EA00048EA49480191BAF1000F17D1584BD3E96C
:108EB0000023B3F1FF3F08BFB2F1FF3F0ED0B8EB84
:108EC000020261EB0303534909688A4273F100030C
:108ED000ACBF4FF001094FF0000901E04FF001096C
:108EE0004D4EDFF838B10024F71F04EB8403A500D2
:108EF00017F83330DA0715D5B9F1000F01D198070B
:108F000010D42B1917F8333059075AD42B1917F8E6
:108F100033301A0745D4254417F8353043F002039F
:108F200007F835300134082C0BF1060B06F1280642
:108F3000DBD1B9F1000F04D0354B019AC3F80080A2
:108F40005A60BAF1000F08D00020FAF703FB04467C
:108F500018B194F85E305B0702D407B0BDE8F08F1B
:108F6000A37E072BF9D8FF238DF80830637F04EB2D
:108F7000830302A91E6A04F11C0001F0C3F8727891
:108F80000546314602320FF0C2FB29462046FAF769
:108F900009FB9DF80830FF2BDFD0637707B0BDE8F1
:108FA000F08F02A9304600910BF0E1FF009960BB01
:108FB0008B880298ABF80430C6F81DB0CBF80000DF
:108FC000A9E7337C164802A900EB0310884216D3A8
:108FD00006AB984217D30F300DF107030DF1170EB2
:108FE00010F801C903F801CF7345F9D1084606F11D
:108FF00017010BF0BCFF002888D000DE86E700F1E7
:1090000010039942E7D2FFF7CBFA00DED0E700BFAA
:10901000200F00200C2500202F0F002044250020C9
:109020007C25002010B50120FFF71AFF0A4B1B68B2
:109030004FF4004240F2E7300021E3FB02014FF41D
:109040007A720023E7F732FDBDE8104002460B4676
:10905000024806F093BD00BF0C250020F00E002052
:1090600007280FD800EB8003084A12F833100B07CB
:109070004FEA800C06D58B0706D5844402EBCC0260
:10908000506A70470020704700DEF6E7280F002086
:1090900007280CD800EB8000064911F83030C200D8
:1090A000C3F380005B0703D51E32501870470020C1
:1090B000704700BF280F00202DE9F047894617466A
:1090C0000AB1FF231370264D002400F0010A6E1E22
:1090D00004EB84035FFA84F816F83320D2074FEAD2
:1090E000840313D4CFB13A78FF2A04F1010426D0C7
:1090F000082C04EB840105F128055FFA84F84FEA97
:1091000084030FD016F83110C907EDD5234416F8A3
:109110003330C3F38013534509D00134082C05F1D3
:109120002805D5D14FF0FF084046BDE8F08706225C
:10913000494628460FF01AFB0028EED1F4E7082C28
:1091400087F8008005F128055FFA84F8EAD004EB7F
:10915000840316F83320D0074FEA8403D6D4C2E73D
:10916000290F00202DE9F04F074685B000200E465C
:109170009046FAF7FBF9002876D1B946044619F86B
:10918000010B0DF10F024946FFF796FF072840F249
:10919000C1809DF80FA0BAF1070F7BD80AEB8A02B5
:1091A0004FEAC20B614DD7F801000BF101014FEA04
:1091B0008A0368502944B9F804008880387815F883
:1091C0000B10009360F3861105EB0B0305F80B10F1
:1091D000304610210193F6F71DF815F80BC0102149
:1091E00060F3820C404605F80BC0F6F713F815F84B
:1091F0000B1000F0010060F3C3014B0705F80B10E2
:109200004CD400286CD10BF118020021A950009B0E
:10921000474E2A44A6F10208918003EB0A0215F892
:10922000321021F0120105F8321097F800B00BF05F
:10923000010B04E00134082C06F1080618D018F8D8
:10924000342012F00107F5D0C2F340025A45F1D1A3
:109250000622494630460FF089FA0028EAD108EB89
:10926000C40888F801A004E00C2005B0BDE8F08F28
:109270000027009B53449A4615F833307F0123F0B2
:10928000210347F001071F43002005F83A7005B09D
:10929000BDE8F08F072005B0BDE8F08F254B264ACA
:1092A000197805EB0B0C8CF8171002EB011C234A04
:1092B000B44502F801A001F1010119702ED906F19F
:1092C00010018C452FD306F10F010CF1FF3C013E3C
:1092D00011F801E90CF801EFB142F9D1002892D060
:1092E000009BD8F804E0D8F808C00BF10706A819CD
:1092F00003EB0A0105EBC101D8F80030D8F80C8067
:10930000AB51C0F804E0C0F808C0C0F80C800020E1
:10931000486278E7122005B0BDE8F08F03D00CF169
:1093200010018E42CFD2FFF73BF900BF280F00207B
:10933000FE250020043400207C2500207425002018
:10934000072807D8044B00EB800013F83000C0F367
:10935000C000704700207047280F0020024B1B7888
:1093600003700248704700BF043400207C250020B1
:109370000C4B1B7883420BD90B4B185C07280CD87D
:109380000A4B00EB800213F83230DB0707D5704739
:1093900000DE054B185C0728F2D900DEF0E700DE9E
:1093A000704700BF0434002074250020280F0020DF
:1093B00007280DD8084900EB8002830011F83220FD
:1093C000D20707D5034411F83300C0F340107047AB
:1093D0000020704700DEF5E7280F00201378FF2BF0
:1093E00019D12DE9F047194D0446AE46002303EB91
:1093F000830C9E0015F83CC01CF0010003D0CCF398
:10940000801CA44509D00133082B0EF1280EEED1A3
:109410000120BDE8F0870120704701F1FF38774651
:109420004FF0000C17F801AF18F8019FCA450CF176
:10943000010CE8D1BCF1060FF4D11E44137015F8ED
:1094400036305A07E5D5C3F30010E2E7280F0020B5
:10945000024B1878003818BF0120704705340020EF
:1094600000F04CBA08B5002302F098FB002008BDBC
:10947000684620F007018D4601B501F0A9FDECF723
:1094800041F8BDE801408546704700BF08B50A4B6A
:10949000D3F840213AB90120F5F7B2FFBDE8084002
:1094A0000220F5F7ADBF0020C3F84001D3F84031EA
:1094B000F7F7DEF8EFE700BF00B000400020F5F757
:1094C0009FBF00BF90B90E4B0E4A197810788842A2
:1094D000CBB20DD10C480D4990F800C00133137088
:1094E0000B78634507D003780B70704700DEEAE71E
:1094F00000DE1378EEE700DE03780B70704700BFE4
:1095000006340020073400200B3400200A340020E9
:109510000B4A0C4B117893F800C08C450DD0127893
:109520001A70094A094B18B911781878884202D084
:1095300012781A70704700DEFAE700DEEFE700BF2E
:1095400009340020083400200634002007340020AD
:1095500001F068BE08B50B480B4B027819788A42B7
:109560000CD00A4B0170002203989860114601202C
:10957000F5F7E4FE00B908BD00DE08BD00DE19788D
:10958000EFE700BF0634002007340020B0040020BD
:109590002DE9F041304A314E127833789A428AB040
:1095A0000C4605D12E4B2F4A1B7812789A4247D091
:1095B0002768DFF8B48007F12D0525F07F45D8F83E
:1095C00000102846F7F760F910F4000002D10AB045
:1095D000BDE8F081254A264B11781A78914213D1C3
:1095E0001F4A20491278097891420DD01A78013229
:1095F000D2B21A7000221F4B009211461046F7F7A4
:10960000D3F810F0FD0F24D11B4BE168C8F80050CF
:109610000022CDE90732194BCDE90322CDE905310E
:10962000CDE901222D23009334780134E4B23B4686
:10963000114610463470F7F72DF80AB0BDE8F081F6
:109640000768DFF8248007F12D05044625F07F45E3
:10965000DAE700DE00DED7E70A3400200B34002012
:10966000063400200734002078260020083400202B
:109670000934002011950100C594010055950100A1
:109680007A4A9368002B00F096802DE9F04F13681A
:1096900089B08146002B46D04FF0FF338DF80A3059
:1096A0000DF10A00F7F7AAFF044600283BD0037F1C
:1096B0009907F5D1857A15F00205F1D1C3684B45BC
:1096C00055D00668A8462F460DF10A00F7F796FF19
:1096D0008346F0B1027F9207F6D1827A9307F3D4E2
:1096E000C268B8F1000F21D04A4558D0DBF800A07D
:1096F00031465046F7F7C8F800F4000000280DF195
:109700000A001CBF5F465646F7F778FF83460028DD
:10971000E0D1002F08BF274639463846FFF738FF0B
:1097200030F0020339D109B0BDE8F08F9145804691
:10973000DCD1237FE16843F0020323772046A3694D
:109740009847FF238DF80A300DF10A00F7F756FF0E
:1097500004460028E7D0037F9F07F5D1837A9E0750
:10976000F2D4C3684B4502D000DED0F80C903F4ADB
:109770004846D2E9001303AA98470646002843D07A
:1097800010F1100F59D0394A00209368116898479A
:1097900016F10B0F10D08C36C5D000DEC3E7227F48
:1097A000E16842F0020222772046A2699047D8453C
:1097B0007FF472AFC5E770472C4A0023D2F80890B7
:1097C000D2E9004802261360FF278DF80B700DF1D7
:1097D0000B00F7F713FF90B1037F9A07F7D40DB989
:1097E000DB07F4D4C368A342F1D1037F826943F05D
:1097F00002030377214690478DF80B70E7E70125B8
:10980000AE420AD02E46E0E7237FA269E16843F02A
:10981000020323772046904785E70022CDE9042202
:109820000692039B00964946404604AA0794F7F720
:109830009DFE00287FF477AFAFE7A37A43F00203E1
:10984000A3720DF10A00F7F7D9FE014600283FF494
:109850006AAF037F9D07F4D1837A9C07F1D4FFF7A9
:1098600097FE30F002033FF45EAF96E768100020E9
:1098700010B517480DF005FC30B3164B00249C6062
:1098800000F094FA00281EDB224621460120EBF767
:1098900085FD224601210B20EBF780FD2146224663
:1098A0001820EBF77BFD0C4B1022C3F8042301209A
:1098B000EBF744FD0B20EBF741FD1820EBF73EFDE5
:1098C00001F0A0FB204610BD6FF0120010BD00BFDC
:1098D000708A0200681000200010004008B500F0F7
:1098E00077FA002809DB0120EBF736FD0B20EBF7B8
:1098F00033FD1820EBF730FD002008BD0A46014675
:10990000094883681B680BB192B218470749084A97
:10991000084810B57E230BF091F807480BF08EF83D
:1099200003487E210BF081F8708A02003C98020007
:1099300008980200609602005C98020030B4074D5F
:10994000AB685C6834B18AB2A4460146002328465D
:1099500030BC60476FF0570030BC7047708A02001F
:1099600030B4074DAB685C6834B18AB2A446014696
:109970000023284630BC60476FF0570030BC70476A
:10998000708A02000020704770B5044682B000283B
:1099900033D0204B1A68824229D0FF250DF10700F1
:1099A0008DF80750F7F72AFE034640B91DE0A142A3
:1099B0000CD00DF10700F7F721FE0346A8B11A7F7E
:1099C0009207F6D4D9681846002CF0D11A7F9E6908
:1099D00042F002021A77B0470DF107008DF80750E8
:1099E000F7F70CFE03460028E9D102B070BD9B6872
:1099F0006BB1014600209847CFE7064A9368002BD9
:109A0000CBD011680029C8D000209847C5E700DEF8
:109A1000C3E700BF681000200020704710B504465F
:109A2000F7F7DEFD8CB90D4B9A68AAB11C680022CD
:109A30009A601A6004B124680020F7F7F9FD204607
:109A4000F7F786FE28B1002010BD0028F3D100DE14
:109A5000F1E700DE002010BD00DEE7E7681000201F
:109A60002D20704710B51446F6F70CFF2146F6F787
:109A70000BFF030204D40230092898BF002010BD58
:109A8000002010BD262810B5044613D0272809D081
:109A9000252817D1022001F02BFB2046BDE81040FD
:109AA00001F02CBB502001F023FB2046BDE8104004
:109AB00001F024BB1A2001F01BFB2046BDE810403A
:109AC00001F01CBB0A2807D927280AD900DE204646
:109AD000BDE8104001F012BB0230400001F008FB6D
:109AE000DBE70330400001F003FBD6E701F064BB85
:109AF00001F06ABB08B501F095FBBDE8084001F034
:109B0000F3BC00BF08B501F08DFB01F0EDFCBDE832
:109B1000084001F091BC00BF08B501F083FB01F0E3
:109B2000E3FC01F0C7FC01F0EBFEBDE8084001F0EA
:109B300083BC00BF08B50146114801F059FA01F095
:109B40009DFB60B101F068FD01F092FA00F082F92E
:109B500000280EDBBDE808400020FFF75FBF01F0E2
:109B600041FB01F059FD01F083FA00F073F9002880
:109B7000F0DA00DE0020BDE80840FFF74FBF00BF6D
:109B80005195010010B5044601F04CFB01F0ACFC0E
:109B900001F090FC01F0B4FE01F04EFC2046BDE85F
:109BA0001040FFF7C7BF00BF10B5044601F03AFBF5
:109BB0000D48214601F01CFA01F060FB40B100F0B5
:109BC00049F900280ADBBDE810400020FFF726BF56
:109BD00001F008FB00F03EF90028F4DA00DE002076
:109BE000BDE81040FFF71ABF519501002DE9F04F75
:109BF00089B01F469DF848B0FF23804689469246AB
:109C00008DF81F300DF11F00F7F7F8FC002846D043
:109C1000037F9D07F6D1837A9C07F3D405683E68DD
:109C20009DF81F300593044629463046F6F72CFE72
:109C3000BBF1000F53D0BC4208BF002426460DF1F3
:109C40001F00F7F7DBFCD0B1027F9107F7D1827AD2
:109C50009207F4D402680490294610460392F6F75E
:109C600013FE039A049B00F4000000280DF11F006E
:109C70001CBF15461E46F7F7C1FC0028E4D1059B22
:109C80008DF81F30314B9A68002A30D17EBB54B119
:109C9000BBF1000F48D1BC4205D000DE03E02B4BE6
:109CA0009A68044612BBFA681A60C3E9018938460B
:109CB000D04704460DF11F00F7F7A0FC014650B154
:109CC000037F9A07F6D1837A9B07F3D4FFF760FCF2
:109CD00030F0020333D1204609B0BDE8F08F000216
:109CE000A9D5FF23354605935C46A7E706464946B6
:109CF000CDF800B0534640463A46F7F737FC0146E8
:109D000080B1BBF1000F0AD1BB7A980707D4C6B166
:109D10003046FFF73DFC30F0020300D000DE6FF06C
:109D20007604D8E700DEECE7CDF800B053463A46BB
:109D300049464046F7F71AFC0028F0D1EEE700DE6E
:109D4000C9E7002C14BF26460E46E1E76810002044
:109D500001F1100005F0A6B870B5054688B00C46B4
:109D60000122002104A80DF011FA0F4B01930026E7
:109D700003236946284603960293EAF7E3F800288E
:109D800010DB31464FF4004340F2E730E4FB0301BF
:109D90004FF47A720023E6F789FE02460B4604A8C8
:109DA00005F0FCF808B070BD519D010010B5012010
:109DB000064C02F08FF800230121A1606360E3608C
:109DC0002146BDE81040EAF7BDB800BF802600205C
:109DD00010B5012002F07EF804490446EAF7B4F910
:109DE0002046BDE81040EAF743B900BF80260020B6
:109DF0000C4B1A780AB10020704710B5012018707A
:109E000002F068F84FF47A710446FFF7A5FF38B9FD
:109E10002046EAF72DF902280CBF00206FF004005D
:109E200010BD00BF0C34002008B5094BBFF35B8F99
:109E300053E8002F511C43E800100028F8D1BFF36D
:109E40005B8F002A01DC02F04DF8002008BD00BF46
:109E50007C26002008B50E4BBFF35B8F1A68BFF35A
:109E60005B8F002A10DDBFF35B8F53E8002F511E7C
:109E700043E800100028F8D1BFF35B8F012A01DC12
:109E800002F046F8002008BD6FF0770008BD00BF63
:109E90007C26002032207047014B33F810007047B9
:109EA000089A020010B50446FFF736FE01F0F8FAF2
:109EB0002046BDE81040FFF73DBE00BF30B583B07F
:109EC000044601F0D9F9FFF715FE962001F01CFBBE
:109ED000002318461A46194601F040FA0120F7F708
:109EE000E9FA78B31C3001F05BF901F0B1F938BB45
:109EF0001548214601F07CF8FFF7AAFAA8B901F04D
:109F0000DFFB00210446084601F060F90021054608
:109F1000084601F057F92C44CB34201A01F088FB95
:109F200003B0BDE8304001F0BDBB0DF10700FFF705
:109F300015FA002201469DF8070001F09FFCDEE7BC
:109F400000DED5E700DECDE78DA4010010B50446A4
:109F5000FFF7E2FD01F0A4FA2046FFF7EBFD054B09
:109F60000021012208469C60F5F7E8F900B910BD10
:109F700000DE10BDC0040020814208B50ED00B7A6F
:109F8000DB0702D46FF08B0008BD0C4B1360FFF7AA
:109F90004BFF00280FDB6FF00A0008BD0B7B01EBC5
:109FA00083010B691B7803F00F03012B0CBF00200A
:109FB0006FF08B0008BD00DEEDE700BFDDA2010001
:109FC00010B548B10C46FFF745FF00280BDB2046D3
:109FD000BDE81040FFF722BD044801F009F8BDE8D4
:109FE000104001F0FFB800DEF1E700BFA59E0100C0
:109FF000084B042210B598182821F5F7A5F8064B50
:10A0000000249C810222214604480DF0BFF820461E
:10A0100010BD00BFB8260020A826002098260020EA
:10A02000084B042210B598182821F5F78DF8064B37
:10A0300000249C810222214604480DF0A7F8204606
:10A0400010BD00BFB8260020A826002098260020BA
:10A0500010B504460548F5F79BF820B103460020EB
:10A060005870636010BD6FF00B0010BDB826002063
:10A0700003460020187058709860704738B51E4D20
:10A080002B7B6A7B9A4202D055F8234034B91B4897
:10A09000F5F77EF8044680B1204638BD184804F034
:10A0A000F7FF2B7B6A7B9A42F6D00133DBB2032B9E
:10A0B00008BF00232B73204638BD11484FF42032CF
:10A0C000002304F06BFFA0B90D4804F0E1FF2A7BE8
:10A0D0006B7B93420BD0531CDBB255F82220032B31
:10A0E00008BF00232B7312B11446204638BD00DE92
:10A0F000D2E700DEE8E700BFA8260020B82600204F
:10A100009826002010B5027843789A4214D0D4B231
:10A1100044700278944204D05A1C4370D3B2022B8C
:10A120000ED01A4600EB82040B70606800B110BDBF
:10A13000FFF7A4FF606010BD0133DBB2022BF0D14A
:10A1400000221346EEE700BFF8B502784378934249
:10A15000044625D0D5B2154A507B92F80CC0431C5A
:10A16000DBB2032B04EB850708BF00239C450E469A
:10A17000796806D042F8201053730D4804F092FE1F
:10A1800000216B1CDBB2022B0ABF00221A461346C9
:10A1900079602370012104EB820431706068F8BD9E
:10A1A0001A4604EB82046068F8BD00BFA8260020B0
:10A1B0009826002030B5037AC3F302130446002B1F
:10A1C00093FAA3F0B0FA80F008BF4FF0FF3083B0ED
:10A1D00000F1010044D0217A5A1E134063F30611A6
:10A1E00021722430FFF74EFC00230DF1070104F12A
:10A1F0000C008DF80730FFF7A7FF054670B328461F
:10A2000000F0D4FF2B7803F00F03022B1DD00DF1CB
:10A21000070104F11800FFF797FF30B39DF80730EE
:10A2200063B92146124800F0E3FE962001F06CF974
:10A23000002003B0BDE8304001F048B8D5F8023046
:10A24000C0F80230EB88C380EBE70A48214600F0F3
:10A25000CFFE03B0BDE8304001F0E0B800DECEE74D
:10A2600000DE237AC3F30213B5E700DED6E700BFB2
:10A27000BD9E0100C9A2010010B50446FFF74CFCC9
:10A28000237A03F07102012A05D1C3F3420262F37B
:10A2900006132372DBB213F0700F05D0636853B15D
:10A2A00093F82C309B0706D501F0FAF82046BDE85C
:10A2B0001040FFF73FBC2046FFF77CFF00F08CFF0B
:10A2C000BDE8104001F0EEB910B5044600F0D4FF2F
:10A2D0002046BDE81040FFF7CFBF00BF70B5C36890
:10A2E00004461E68F6F7CEFA05463046FFF7B8FB7F
:10A2F00000232D1AC4E9005323812046BDE8704095
:10A30000E7F7F2BF10B582B00446FFF78DFD0028D5
:10A3100009DB084A0849094800940023F7F746FA80
:10A3200018B902B010BD00DEF3E77730F9D000DED7
:10A33000F7E700BFE9220000C19F0100799F0100FB
:10A340002DE9F0410D46417A9DF818801746CA075D
:10A350001E4609D5B8F1000F17D02B78B7EBD31FE5
:10A360001AD00020BDE8F0812946044611F8020BFE
:10A37000079AC0F38010FFF731F80028EDD1637A17
:10A38000DB07EED5B8F1000FE7D1079B1878FFF790
:10A390000FF80028E1D1E4E7062205F10801304674
:10A3A0000EF0E4F9B0FA80F04009BDE8F08100BF9A
:10A3B0002DE9F84F1F460B9B9DF828909DF83050D3
:10A3C00006460C4692466BB9437A03F00303012B11
:10A3D0002CD9002D3AD02378BAEBD31F4AD00020D5
:10A3E000BDE8F88F88460D9A18F8020BC0F380106C
:10A3F0004146FEF7F3FF0028F2D094F800B0BAEB24
:10A40000DB1FECD104F10801384606220EF0AEF94C
:10A410000028E4D10D9B1B78FF2B1ED0B27AFF2AB7
:10A420001BD0981AB0FA80F04009D9E711F8020B56
:10A430000D9AC0F38010FEF7D1FF0028CBD1737ABC
:10A4400003F00303012BCAD9002DC4D10D9B18784A
:10A45000FEF7AEFF0028BED1C1E7CBF3801BCB4592
:10A46000BDD10B98062241460EF080F9B0FA80F07B
:10A470004009B5E7062204F1080138460EF076F9E6
:10A48000B0FA80F04009BDE8F88F00BF2DE9F04335
:10A490008BB0044600F0E6FEC0B2002800F09880C1
:10A4A00000F002FF054601F00FF8814601F016F8B2
:10A4B00001F03EFA064601F01DFAEDB2804600F0CA
:10A4C000C5FFFFF729FB45B95F48214600F090FD25
:10A4D0000BB0BDE8F04300F085BE16F0FF067AD160
:10A4E000FF2301208DF82730F6F7E4FF054600280A
:10A4F00000F09480237B04EB830305F11C011F69AA
:10A500003B465FFA89F913F8020B00F00F0CBCF11F
:10A51000010F08BF07F10808C0F380124FEAD017F7
:10A52000287F00F00F0018BF4FF0000803285AD012
:10A530000528C9D1687F2228C6D160680028C3D009
:10A5400090F82C008007BFD40DF127000390CDE9CF
:10A55000018900972046FFF72BFF0028B4D0042084
:10A56000F6F7A8FF0028AFD03848214600F040FD9C
:10A5700000F038FE00F06CFE002851D1626892F8BD
:10A580002C3043F0010382F82C30F6F7ADFF172290
:10A590004FF6FF730271C3808460054601F036F800
:10A5A000286101F087F800210446084600F00EFEFD
:10A5B000241A6C61AEB19DF827306B76F6F794FFE4
:10A5C0002946E8602868F6F7B9FF0BB0BDE8F083CC
:10A5D000FFF7A2FA78E75FFA88F0FEF7C9FE0346B4
:10A5E0007FE7FF23E9E7687F0C287FF46DAFB8F1C0
:10A5F000000F7FF469AF0DF127000190CDF80090B6
:10A600002046CDE906230591FFF79AFE50B9287F31
:10A61000079BDDE9051200F00F0089E700DE69E71E
:10A6200000DEABE70A48214600F0E2FC00F0F6FE4F
:10A63000237E04EB8303D86900F0B8FD00F008FE28
:10A640000028C2D000DEC0E779A201004D9F0100C2
:10A65000C9A20100F8B50546FFF75EFAF7F76AF8F8
:10A66000044600283FD0214B214A1B781178A2795B
:10A6700020485B0001F0010103F002030B4322F0CC
:10A68000030213431C4A01881278A1800120207024
:10A69000A371227219B195F92730002B04DB2846EB
:10A6A000BDE8F840FFF746BA95F82C30C3F3021323
:10A6B000022B16D0042B0CBF4FF4BC77282700F0D8
:10A6C000E5FF064600F0E8FF361AE660EA6BC4E9EB
:10A6D00004270023EB636B642846BDE8F840FFF7CE
:10A6E00029BA1827EBE700DEBDE700BF0F340020D2
:10A6F00010340020B23200200D34002008B500F0E4
:10A70000DDFD02780346012161F301021A70002089
:10A7100008BD00BF00207047704700BF30B4084933
:10A72000084A094D094C0A4800230B801370094957
:10A73000094A2B80237003700B70137030BC704774
:10A74000B232002011340020B43200201034002036
:10A750000F3400200E3400200D340020814207D039
:10A7600091F82C305B070BD50B4B188840B970471C
:10A77000094A0A4B128819781AB941B100DE03E080
:10A78000064B1B78002BF9D16FF08B00704701222C
:10A790001A706FF00F007047B43200200E340020A2
:10A7A00038B50D4678B30446FFF754FB002847DB65
:10A7B000E2682389518B938301330B4492F927106C
:10A7C0005383002913DBF6F7B5FF002836D08379D1
:10A7D00023F00303002243F0020301210170828071
:10A7E000837102722846BDE83840FFF717B9208907
:10A7F000136B916B00FB03330B44516B8B4228BFEF
:10A800000B469363DFE791F92730002B0ADB0D48F5
:10A81000294600F0EDFB00F0E5FC95F87E301B07C3
:10A8200008D438BD084B1B88002BF0D1074B012200
:10A830001A70ECE7BDE8384001F016B800DEC6E754
:10A8400000DEB5E755A60100B43200200F34002029
:10A85000F8B505460120F6F72DFE024658B3002153
:10A86000517795F86760B5F85A7006F007063046DC
:10A8700002F11C0400F0FEFB95F87E30B2001B07CD
:10A88000F9B242F001020ED50431C9B2082000F03D
:10A890005DFC2246314605F17F0000F017FFBDE860
:10A8A000F84000F07DBC082000F050FC2046BDE8D8
:10A8B000F84000F075BC00DED1E700BF38B50446B3
:10A8C000FFF718F9244AA08913880133138000F098
:10A8D0001BFE94F8662094F86700C2F3C00300F0F2
:10A8E000070002F00702002100F038FD2046FFF7C4
:10A8F000AFFF00F0ADFC60BB00F0E2FE258A03462E
:10A9000094F8670001210D3500F007001D4400F0A8
:10A910005DFC94F8673003F00703022B054416D062
:10A92000042B0CBF4FF4BC73282394F86600C0F3CB
:10A93000C00100F007001D4400F044FC281A00F09C
:10A9400077FE21460548BDE8384000F051BB18238A
:10A95000EBE700DED0E700BFB432002075AA0100AB
:10A96000F8B50F4690F86610B0F8586001F007048B
:10A970000546C1F3C001204600F07CFB95F87E300F
:10A98000A200DB0642F00102F1B20DD50431C9B2DA
:10A99000082000F0DBFB394605F1A00000F0EEFED8
:10A9A000BDE8F84000F002BC082000F0CFFB3846BC
:10A9B000BDE8F84000F0FABBF0B5054683B001AA47
:10A9C000806E0F46E96EF4F749FC95F87E305A0721
:10A9D000064638D448B3019C95F87D3095F87C2024
:10A9E00004341C4412B9627885F87C2033B1237892
:10A9F000012262F30103237095F87D3095F87C20E5
:10AA0000D31A63702846F9F70BFD637883422AD97D
:10AA100060700122237803F00F03002143EA021340
:10AA20002370A1703C6003B0F0BD43F0040385F8CF
:10AA30007E3000F043FC0446237823F0100323709B
:10AA40003C6003B0F0BD43F0040385F87E3000F0B5
:10AA500035FC0446002EEFD0037843F0100303705A
:10AA60003C6003B0F0BD3268EB6ED21A18BF012211
:10AA7000D0E700BF2DE9F04383B0044600F0F2FBBD
:10AA8000C0B2002879D000F00FFC5FFA80F800F027
:10AA9000DDFCFFF737F8A84A138801200344138030
:10AAA000F6F708FD0546002800F0EB80B8F1000F2E
:10AAB00018D1A24B1F78002F6AD1012201A920468C
:10AAC0001A70FFF779FF94F92730002B80F2F98094
:10AAD000676CB946002F00F0CF804FF00009019E4F
:10AAE000474660E094F87E302A7F03F00101C2F30C
:10AAF0008000884200F0A28094F9272081F00101B3
:10AB000061F30003002A84F87E3005DA94F82C30D3
:10AB100043F0080384F82C3094F87E305E0700F18F
:10AB2000C780D4E91A0101AAF4F798FB0646F0B1F0
:10AB300094F87D20019B1344597971B194F87E30CB
:10AB4000D8060AD5D4F8B0300133C4F8B030D4F800
:10AB5000B43043F10003C4F8B43094F87C300A44B4
:10AB6000D2B29A42C0F0B58000F0D28000DE94F8F4
:10AB70007E302A7F4FF0000962E0FEF7C3FF704885
:10AB8000214600F035FA03B0BDE8F04300F02ABBDF
:10AB9000013FFFB201A920461F70FFF70DFF002FF4
:10ABA00091D1019EC1466648214600F021FA00F08D
:10ABB00035FC94F87E20337862F3C303337094F845
:10ABC0007E303278C3F3400363F382023270314641
:10ABD0002046FFF7C5FE00F03BFB00286FD100F0D8
:10ABE00055FD88B1B9F1000F15D0A08A4FF6FF735B
:10ABF000984200F085804946F9F7A6FB7FB903B07B
:10AC0000BDE8F043F6F792BC00F034FD00F038FDEB
:10AC1000B9F1000FE9D117B903B0BDE8F083F6F739
:10AC200063FC03232B71A38A2868EB802946F6F77F
:10AC30006DFC03B0BDE8F043F6F778BC4FF00009B7
:10AC4000C2F3C002C3F340039A4245D000273B4AF7
:10AC50003C4B002111702046012201A91A70FFF718
:10AC6000ABFE94F92730002B4DDB2B7FDA0603D4A3
:10AC7000019E3378DB0627D5334B1B783BB1019E11
:10AC800091E700DEB8F1000F3FF413AF2AE7E08947
:10AC900000F03AFC94F8670000F0070000F016FBA3
:10ACA0002A48214600F0A4F900F0FCFC019E80E750
:10ACB00023F0040384F87E3000F000FB57E700DE49
:10ACC0008DE70027B946D7E77378002B3FF46BAFC9
:10ACD000D2E784F87D204AE70320F6F7EBFB002853
:10ACE000B4D094F87E3083F0020384F87E306B7F1A
:10ACF000002BABD094F87E30190729D40127A6E7A2
:10AD000000DEA08A77E7636C002BAED0B846E6E69B
:10AD10000022A4F87C20E06E04F16801F4F7A6FAA2
:10AD2000019B1B683360019B1E60DDF8049094F862
:10AD30007E302A7F84E700BFB23200201134002029
:10AD400055A60100103400200E340020BDA80100DB
:10AD500000F058FD00285DD000F07CFD002849D1AE
:10AD6000D4F88F30D4F89320134304D12B7F03F011
:10AD70000303032B28D0284B2848022221461A70AF
:10AD800000F036F900F02EFA00F062FAB8B900F0DF
:10AD90007DFC60B1B9F1000F3FF43EAFA08A4FF6E1
:10ADA000FF7398420DD04946F9F7CEFA27E700F035
:10ADB00061FC00F065FCB9F1000FEFD12CE700DE7B
:10ADC000E5E700DEA08AEEE700F07CFA4278272A69
:10ADD0000146D0D8033205F11C000DF098FCD4F8E0
:10ADE0008F30D4F89320013BC4F88F3042F1FF3309
:10ADF000C4F89330D4F88F30074A0133C4F88F3049
:10AE0000D4F8933004F18F0143F100034B60012328
:10AE1000137073E700DE9FE70D34002055A6010094
:10AE200010B582B00446FEF7FFFF002809DB084A90
:10AE30000849094800940023F6F7B8FC18B902B095
:10AE400010BD00DEF3E77730F9D000DEF7E700BF92
:10AE500041240000A1A701005DA701004FF080532D
:10AE60000246D3F8A410013107D04FF08051D1F839
:10AE7000A00010F0010009D17047D3F8A8304FF6B8
:10AE8000FF719BB28B42F0D100207047D1F8A43003
:10AE90001360D1F8A8301371C3F3072363F03F03A5
:10AEA0005371D1F8903001331CD0D1F89430013374
:10AEB00018D0D1F89830013314D0D1F89C30013338
:10AEC00010D0D1F89030C2F80630D1F89430C2F8E2
:10AED0000A30D1F89830C2F80E30D1F89C30C2F860
:10AEE000123008E00023C2F80630C2F80A30C2F877
:10AEF0000E30C2F812300120704700BF00234FF01F
:10AF00008052036043608360C360D2F880300133B5
:10AF100018D0D2F88430013314D0D2F888300133FD
:10AF200010D0D2F88C3001330CD0D2F880300B60C6
:10AF3000D2F884304B60D2F888308B60D2F88C30F5
:10AF4000CB60704700230B604B608B60CB60704719
:10AF5000054B4FF480320021C3F80815C3F8442391
:10AF6000C3F80423704700BF00B00040054B1878B9
:10AF7000421C1A7018B9044B01221A607047012054
:10AF8000704700BF1234002000B00040074B187813
:10AF900048B10138C0B2187018B9054B01225A6087
:10AFA00070470120704700DE1878F2E71234002065
:10AFB00000B00040014BD3F80405704700B00040DA
:10AFC000024B00F5A87043F82010704700B0004015
:10AFD000044BD3F8103123B1034A044B10681B68AB
:10AFE0001847704700100040742A0020782A00207B
:10AFF000024A034B11601860704700BF742A00209A
:10B00000782A00204FF080434FF0FF320021C3F830
:10B01000002EC3F8042EC3F8081EC3F80C2EC3F884
:10B02000101EC3F8142EC3F8182EC3F81C2EC3F834
:10B03000202EC3F8242EC3F8282EC3F82C2EC3F8D4
:10B04000302EC3F8342E7047074B084810B44FF425
:10B05000905100244FF41052C0F81845C3F800185E
:10B06000C3F8042810BC704700F0014000100040F5
:10B07000704700BF054B02280CBF0421032140F29A
:10B080000122C3F81015C3F8502670470010004085
:10B09000072819DC831EDBB2052B11D9002818DA2A
:10B0A000031D1BDA10F1080F1ADA10F10C0F19DA70
:10B0B00010F1100F18DA10F1150FCCBFEC20D820CA
:10B0C0000A4BC3F80C057047084B0820C3F80C0561
:10B0D0007047064B0020C3F80C057047FC20EFE7D3
:10B0E000F820EDE7F420EBE7F020E9E7001000405E
:10B0F000014BC3F80805704700100040084B00F0F2
:10B100007F00C3F85405D3F8182522F00072C3F865
:10B110001825D3F8182542F00072C3F81825704797
:10B1200000100040084A00210123C2F82C15C2F883
:10B130003035C378C2F824358178038843EA014367
:10B140001B02C2F81C3570470010004002F01C03BF
:10B15000A3F1080302F00302B3FA83F3013A5B0997
:10B160001B06022A98BF43F4801300F00F000A4A1E
:10B17000184340F48070C2F81405D2F81805074B44
:10B180000340C2F81835D2F81835194341F440315C
:10B19000C2F81815704700BF001000400000F8FE0C
:10B1A000014BC3F80405704700100040014BC3F881
:10B1B000040570470010004002280CBF28202920F9
:10B1C000704700BF012070472920704702280CBF3C
:10B1D00005200A20704700BF014B01221A6070470A
:10B1E000001000400B4B0C480C4910B44FF4106495
:10B1F000C3F8084501224FF480245A60DA60C0F891
:10B200004843074CC3F808450020C1F800020A6112
:10B2100010BC704700F0014000B00040001000403A
:10B22000C001700E094B0022C3F80021D3F80011B1
:10B23000C3F80421D3F80411C3F80C21D3F80C117E
:10B24000C3F81021D3F81031704700BF0010004040
:10B25000034BD3F80001003818BF0120704700BF2E
:10B2600000100040034BD3F80C01003818BF012038
:10B27000704700BF0010004001207047034BD3F817
:10B280005005B0FA80F04009704700BF0010004040
:10B29000044B40F20312C3F83425C3F83805C3F851
:10B2A0003C15704700100040034BD3F800040038F1
:10B2B00018BF0120704700BF0010004000487047D1
:10B2C000742900200048704770280020F0B41D4BFE
:10B2D0001D4D1E4E1E4C1F4F0322C3F800222A781C
:10B2E000C6F8687502F10C03DBB2D000DB009100F8
:10B2F00003F1804300F1804003F5F83300F5F830A6
:10B3000001F18041C6F86C0501F5104104EB82049F
:10B310001148C3F81045C3F81405D1F840352D2B5A
:10B320008ABFD1F8403501232D3BC1F840350132A9
:10B33000064B4FF4106102F00102C3F804152A70A5
:10B34000F0BC7047001000401334002000F00140B2
:10B35000409100400C110040041000402DE9F041E4
:10B36000284E294C294FDFF8A8E0DFF8A8800323F6
:10B37000C6F800322178CEF8688501F10C03DBB203
:10B38000DB00CD0003F1804303F5F83305F1804580
:10B3900007EB810705F5F835CEF86C554FEA810CBF
:10B3A000C3F8107549F63465C3F814654AF2B8134A
:10B3B000022A18BF1D460CF1804C42F2B84241F2FD
:10B3C0008833022818BF13460CF5104C124A2B4440
:10B3D000A2FB0323DCF84025B2EB931F85BF98093D
:10B3E000DCF8403501231B1ACCF840350131084BFD
:10B3F0004FF4106201F00101C3F804252170BDE88B
:10B40000F08100BF00100040133400204091004044
:10B4100000F001400C110040D34D62100449054B6F
:10B4200003204FF41062C1F80002C3F808257047EA
:10B430000010004000F00140034B0022C3F81C2123
:10B44000D3F81C31704700BF00100040034BD3F805
:10B450001C01003818BF0120704700BF00100040D9
:10B4600010B44FF0000C4FEA8C0303F1804303F556
:10B4700080531468C3F800460CF1010C9488C3F89B
:10B480002046BCF1080F02F10602ECD1034B40EA62
:10B490000120C3F8400610BC704700BF00100040F8
:10B4A000034AD2F8403623F0FF03C2F84036704713
:10B4B00000100040034B0022C3F81421D3F81431CC
:10B4C000704700BF00100040034BD3F81401003850
:10B4D00018BF0120704700BF00100040014BD3F897
:10B4E00010047047001000400449054B054A4FF412
:10B4F0008020C1F84803C3F80825704700B0004019
:10B5000000F00140C001700E034B044A1B7803F5A4
:10B51000A87342F8230070471334002000900040C5
:10B52000F0B4A2F574232F4DA3F51073AB4204467B
:10B5300006D902F1E87202F5D432013902F5A5729A
:10B54000294B2A482A4D2B4E0127DF600027C3F8DC
:10B550000475A0FB02020427C3F81075900C0227A3
:10B56000C3F80875244AC3F84005C5F848154FF4D8
:10B570008021C5F844134021C2F84065C2F8443523
:10B58000C2F8041544B34FF48013C2F804351B4AC3
:10B59000194B1B4D0124D46000210424C2F804156A
:10B5A000C2F81045C2F80815C3F828290C32C3F8B0
:10B5B0005055C3F8542502F5AF32124CC3F8584524
:10B5C00002F5FC72C3F85C250F49C3F86015083218
:10B5D000C3F86425F0BC70474FF40013C2F804357B
:10B5E000D5E700BFBFBDF07F0080004083DE1B4376
:10B5F00000B0004048B1004000F001400090004021
:10B600000C1100404091004044910040014BD3F8A0
:10B610004805704700B000400349044A01234B60CD
:10B620000B61536013617047008000400090004040
:10B630000449054BC1F844054FF08862C3F804255E
:10B64000704700BF0080004000F00140054B0648F5
:10B650000649074AC3F84805C3F84C15C3F8042542
:10B66000704700BF00F001400011004040800040E2
:10B6700080000004014BD3F844057047008000406F
:10B68000014B1860704700BF6C280020014B186800
:10B69000704700BF6C280020014BD3F8400570476D
:10B6A00000800040024B4FF00062C3F80425704751
:10B6B00000F00140014BD3F848057047008000407E
:10B6C000014BD3F84805704700800040244B30B44C
:10B6D0000024C3F800450224A142C3F800450546F2
:10B6E00034D003F580334FF000711E4CC3F80415BD
:10B6F0001B491D4BC1F80445D3F81835DBB21F2B8D
:10B7000003D9FF2B29D0191F00E01B21144B174828
:10B71000C3F8181500241649C3F80855C3F80C05DA
:10B72000C3F81025C3F81415C3F80042C3F800414C
:10B73000D3F80021C3F80441D3F80421C3F8084129
:10B740000122D3F808111A6030BC7047094B0A4C2B
:10B750004FF00071C3F80415CAE7FB21D6E700BF1C
:10B7600000F000400100000100100040702800209F
:10B770006027002000F001400100010130B41C4BA3
:10B780001C4C1D4A0025C3F8005505460220C3F88D
:10B790000005C3F80445D2F81835DBB21F2B03D9D6
:10B7A000FF2B22D01A1F00E01B22114B1348C3F8B5
:10B7B00018250024C3F808550122114DC3F80C15B3
:10B7C000C3F81005C3F81455C3F80022C3F80041AC
:10B7D000D3F80011C3F80441D3F80411C3F80841A9
:10B7E000D3F808111A6030BC7047FB22DDE700BFB8
:10B7F00000F000400000010100100040702800200F
:10B800006027002038B5114C0223C4F80433D4F863
:10B81000043163B92025EFF3118085F31288BFF35B
:10B820006F8F09F001FBD4F80431002BF3D0074BE4
:10B83000074A02204FF40041C3F80803C2F8801100
:10B84000D3F80801B0FA80F0400938BD00F000409C
:10B8500000E100E0034BD3F80004003818BF0120DA
:10B86000704700BF00F00040034B012100229960A7
:10B87000C3F80025704700BF00F00040F0B4194A3B
:10B88000194BD2F80455194E0024013D0327C3F883
:10B890000075C3F80405C3F80815C3F81055C3F8BC
:10B8A0001465C3F80041D3F80011C3F80441D3F87C
:10B8B0000411C3F808414021D3F80831C2F86015DB
:10B8C000D2F800320A4943F04003C2F80032C2F80D
:10B8D00028414FF40003D2F82821C1F80435F0BC08
:10B8E000704700BF0010004000F000405C270020BF
:10B8F00000F00140014BD3F80004704700F0004015
:10B9000010B4084A084C09490023C2F828314FF402
:10B910000000D2F82821C4F80035C1F8080510BC91
:10B92000704700BF0010004000F0004000F00140F0
:10B93000194BD3F828310BB90020704770B5174D5B
:10B940000123C5F80433D5F8003183B9C824202673
:10B9500001E0013C0BD0EFF3118086F31288BFF3B6
:10B960006F8F09F061FAD5F80031002BF1D00B4B45
:10B970000B4A01204FF40041C3F80803C2F88011BC
:10B98000D3F804212AB1D3F80801B0FA80F04009B5
:10B9900070BD002070BD00BF0010004000F00040EE
:10B9A00000E100E00139012905D80B200AB1E9F7CF
:10B9B000C5BCE9F7D1BC00DE704700BF29B1013931
:10B9C000012905D80B20E9F7DBBC1820E9F7D8BC22
:10B9D00000DE0020704700BF88420BD0012803D052
:10B9E000022809D000207047A1F10200B0FA80F0CF
:10B9F0004009704701207047A1F10100B0FA80F0C2
:10BA000040097047012908D0022906D059B9074BCF
:10BA10004FF08072C3F800217047044B4FF400626E
:10BA2000C3F80021704700DE704700BF00E100E06E
:10BA300008B50BF01CFC08BD032803D8054B185CA7
:10BA400028B1704700DE034B185C0028F9D100DEF6
:10BA5000704700BF309A0200013810B41C46042819
:10BA600006D8DFE800F008111A23030004292FD0BC
:10BA700000DE10BC70470429FAD1194B9C6010BC41
:10BA800002210020F3F75ABC0329F1D1154B012103
:10BA90009C6010BC0846F3F751BC0429E8D1124B56
:10BAA0009C6010BC02210120F3F748BC032908D098
:10BAB0000429DDD10D4B02219C6010BC0846F3F730
:10BAC0003DBC0B4B9C6010BC01210220F3F736BC3F
:10BAD000084B9C6010BC02210320F3F72FBC00BF71
:10BAE000200500201005002000050020E0040020B3
:10BAF000F0040020D004002001460020FFF760BAC7
:10BB0000124B30B40121044600205960C3F80445AB
:10BB1000C3F80001C3F80401196005E0D3F804215B
:10BB200032B9D3F804251AB1D3F80021002AF5D090
:10BB30005960D3F80421002AE7D1D3F80455002D29
:10BB4000E3D0C3F8042530BC704700BF00E00040DC
:10BB500070B5114C0126D4F8045566600E20E9F743
:10BB6000FBFBD4F8040140B10021C4F80411D5E96D
:10BB70000E323046BDE870401847D4F8003143B16A
:10BB8000C4F80001D5E90E3205F12001BDE870408E
:10BB9000184700DE70BD00BF00E0004070B58CB0FB
:10BBA0000E4615460146102268461C46F3F724FB54
:10BBB00010220DEB02003146F3F71EFB6846FFF73B
:10BBC0009FFF25B1102208A92846F3F715FB2CB1D9
:10BBD00008AD0FCD20606160A260E3600CB070BD65
:10BBE00037B50C460A490B4A411A402300934911C4
:10BBF0000546234608480AF0AEFF014628B128460C
:10BC0000234603B0BDE83040184703B030BD00BF45
:10BC1000C02A0020C36B02001C8A0200C9B201299D
:10BC200008B509D908490948094A7E2308F006FFE2
:10BC300007487E2108F0F9FE03690C2201FB02335C
:10BC4000986C00F0070008BD03E30200ACAC0200F2
:10BC5000C6E2020070B5C9B20129034600690BD9DA
:10BC600018491948194A4FF4E87308F0E7FE1748D5
:10BC70004FF4E87108F0D9FEEFF31186202484F325
:10BC80001288BFF36F8F0C2505FB0104A46C14F020
:10BC9000C00401D0A24211D105FB0100012282643F
:10BCA000002086F31188BFF36F8F30B95B680C22D8
:10BCB00002FB01335B689847002070BD4FF0FF30F6
:10BCC000EFE700BF03E30200ACAC0200C6E20200F3
:10BCD00070B50D460649411A0446491105484022EF
:10BCE000FFF7B8FF2B4601462046BDE870401847D5
:10BCF000C02A00201C8A02000022F8B50121054656
:10BD00001046E9F74BFB104801F070FA0446B8B949
:10BD100001F08CFA2F690D49384608F0F9FE031E30
:10BD200009DB0126BE642D69084905F1200008F0F1
:10BD3000EFFE031E02DA1C462046F8BD6E65FBE7E7
:10BD40006FF00404F8E700BF01BE0100349A02005E
:10BD50001FB500220123CDE902236C46074A6B463A
:10BD6000CDE900440AF026FF28B94FF480420023B1
:10BD7000684603F013F904B010BD00BFCF6B02009A
:10BD800010B5EFF31184202383F31288BFF36F8F74
:10BD9000074A136823F00201DB07116002D4012077
:10BDA00001F096FA84F31188BFF36F8F10BD00BFC6
:10BDB000182B002030B4104B0C2202FB003301463C
:10BDC0000020D3E910521864EFF31180202484F38B
:10BDD0001288BFF36F8F9C6C04F0C00444F002041F
:10BDE0009C6480F31188BFF36F8F1DB12B4603480D
:10BDF00030BC184730BC7047C02A00201C8A0200A3
:10BE0000012808B506D0032808D098B90F4B9B6CC1
:10BE10005B0719D1BDE80840FFF7CCBF0C490D4ABC
:10BE20000D4840F2FA2308F009FE40F2FA210948D1
:10BE300008F0FBFD0649074A07484FF4417308F034
:10BE4000FDFD4FF44171F2E708BD00BFC02A00209C
:10BE500040E70200C6E20200ACAC020010B4EFF30F
:10BE60001180202282F31288BFF36F8F17490B686D
:10BE700043F0020413F001030C601AD04FF080432A
:10BE8000D3F80C14D3F80C3413F0010311D0EFF3F2
:10BE9000118182F31288BFF36F8F0D4A936C03F008
:10BEA000C00343F00203936481F31188BFF36F8FE3
:10BEB000012380F31188BFF36F8F1BB110BC0020EA
:10BEC000FFF778BF10BC012001F0D2B9182B002079
:10BED000C02A0020024BC0B203EB4010704700BFE5
:10BEE000C02A0020094BBFF35B8F53E8002F42F0BC
:10BEF000010143E800100028F7D1BFF35B8F9307DF
:10BF000002D4012001F0B4B9704700BF182B002003
:10BF100010B5EFF31184202383F31288BFF36F8FE2
:10BF2000074A136823F001019B07116002D4012026
:10BF300001F0CEF984F31188BFF36F8F10BD00BFFD
:10BF4000182B00202DE9F0414449BFF35B8F0646D2
:10BF5000012251E8003F41E800200028F9D1BFF359
:10BF60005B8FA3B93E493F484B60CB608A60E7F7DF
:10BF7000E9FF00280BDA3C493C4A3D4840F2A32344
:10BF800008F05CFD40F2A321384808F04EFD002E79
:10BF90004CD0731E012B56D8012E07D14FF0804391
:10BFA000D3F81C3403F00303012B3FD00BF05FF9EF
:10BFB000054658B1EFF31188202383F31288BFF3AD
:10BFC0006F8F01252B4F4FF080441EE02A4B1B78CA
:10BFD000002BEFD04FF080430222C3F808238046A5
:10BFE000F0E72DB3404608F01FFFD4F8183563B9C9
:10BFF000D4F804214AB1C4F80431D4F8043101233F
:10C00000C4F81835C7F88031A360D4F81824D4F8E0
:10C010001834D203E5D503F00303012B01D0012E20
:10C02000DFD155B188F31188BFF36F8FBDE8F08180
:10C030000021212004F07EFFD7E74FF08043022249
:10C04000C3F80423F2E70D49084A094840F2B52332
:10C0500008F0F4FC40F2B52196E700BFBC2A0020AE
:10C06000AC2A0020E02A00203AB20200C6E2020018
:10C07000ACAC020000E100E01634002040E7020012
:10C0800008B507480AF0FDFF38B10648E9F7F8FCA3
:10C090000448E7F751FD002008BD6FF01200FBE7F0
:10C0A0008C8A0200A9C001000A2838B5074D044651
:10C0B00004D1AB680D215B6828469847AB680348FC
:10C0C0005B68E1B29847204638BD00BF8C8A020009
:10C0D000EFF31182202383F31288BFF36F8F0A4B93
:10C0E000D3F8001161B10021D3F80805C3F800119D
:10C0F000D3F80031C0B282F31188BFF36F8F70475D
:10C100006FF00A00F7E700BF00D00040F0B503462B
:10C110008478C678EFF3118E202080F31288BFF365
:10C120006F8F1D7893F801C0641B3440A24288BF12
:10C13000A2B2AF18374028461F708EF31188BFF3A4
:10C140006F8F8F188F4218D165450CD1EFF3118195
:10C15000202080F31288BFF36F8F1878587081F316
:10C160001188BFF36F8F1B79A41AA34228BF074B16
:10C1700090B224BF01221A60F0BD03EB000E013023
:10C180009EF805E001F801EB3040DBE700D000400D
:10C190002DE9F0472F4D0069A8420E4614460BD0FA
:10C1A0002D492E482E4A40F2031308F047FC2C4834
:10C1B00040F2031108F039FCDB4313F0010504D011
:10C1C0002030FFF7A3FFBDE8F087B2B3EFF311878C
:10C1D000202383F31288BFF36F8F0D20E9F7D0F887
:10C1E00080460D20E9F7B8F887F31188BFF36F8F09
:10C1F000DFF870A01C4FCAF80051DAF800314FF494
:10C2000000590123CAF800302546C7F88091DAF8B2
:10C210000031A3B1FFF75CFF031EA4BF05F1FF359A
:10C22000ADB2C7F88091A8BF7355002DEFD1B8F11A
:10C23000000F02D00D20E9F781F82046C3E7EFF3A5
:10C240001180202383F31288BFF36F8F08F0ECFD79
:10C25000DDE700BF1C2B002082E30200ACAC020033
:10C2600050E3020000D0004000E100E0F8B5184BB8
:10C2700007699F420D46144625D016491648174AAD
:10C28000E52308F0DBFB1548E52108F0CEFB4FF075
:10C29000FF334FF0FF32384602F080FE2246294637
:10C2A0000F48FFF733FF0646384602F0FBFD3EB964
:10C2B0004FF0FF324FF0FF330A4802F06FFEE6E71F
:10C2C000A41BA4B23544002CE1D12046F8BD00BF28
:10C2D0001C2B002082E30200ACAC020050E3020001
:10C2E000512B00202C2B002038B5204B04699C4298
:10C2F0000BD01F491F48204A40F2471308F09EFB0D
:10C300001D4840F2471108F090FB012211462046DB
:10C310000AF03CFF0122002104F110000AF036FF70
:10C3200040F2074323874FF0706323620C2384F8A5
:10C3300024300025114B84F83550E586D3F80425C8
:10C3400042F00102C3F804250121C3F80051D3F8DB
:10C350000021C3F804132A4619600D20E9F71EF8DE
:10C360000D20E8F7EBFF284638BD00BF1C2B00204E
:10C3700082E30200ACAC020050E3020000D00040B7
:10C3800010B5FFF7A5FE002820DB174B93F82220FD
:10C3900093F8214093F82310141B31EA0404C0B22F
:10C3A0000DD193F8372093F8364093F83810141BCA
:10C3B00031EA04040BD10D4B01225A600EE09C18A7
:10C3C0000132114084F8250083F8221010BD9C181A
:10C3D0000132114084F83A0083F837100448BDE870
:10C3E000104002F05FBD00BF1C2B002000D00040B9
:10C3F0002C2B002038B5036961B92149214A224814
:10C40000642308F01BFB214808F018FB64211D4839
:10C4100008F00BFB486850B91D491A4A1A486523B1
:10C4200008F00CFB1B4808F009FB6521EFE7586892
:10C4300000B30024884219D108688CB99C68586000
:10C44000A14200D19860002008602AB15A680A60B1
:10C450009A68596002B9996000200FE02846E9E720
:10C4600020609868814208BF9C60ECE7056804463C
:10C47000002DF3D1002AE9D16FF0150038BD00BFBF
:10C48000EEE30200B2E30200ACAC0200F7E302000C
:10C4900006E4020018E4020008B50368590914D044
:10C4A000012906D14FF6FF7203F01F03DA40D207CD
:10C4B0000ED40B490B480C4A4FF4826308F0BEFAC5
:10C4C00009484FF4826108F0B0FA4FF0FF32EBE711
:10C4D00003600129054818BF4FF0A04008BD00BF08
:10C4E00062E40200ACAC02002FE402000003005042
:10C4F00070B54468207C01F01F0545EA4015A0682E
:10C5000086B0002873D0B2F5001F04D1294601F08F
:10C5100033FC00204FE06068667CC0F8246501A809
:10C520000026B2F5800F0196466033D1B3F1007F4B
:10C5300014BF052304238DF804300023CDE9040340
:10C540000393E368CB4013F0010F6E4635D1B2F18F
:10C55000A07F32D168460095FFF79EFF009B03F550
:10C56000E07350F82330DB0727D4A0686A462946D9
:10C5700001F0A8FA163018D00296A06803AA29463E
:10C5800001F040F9002816DBA0680122294601F0DD
:10C5900071FBBEE7B3F1C06F05D0B3F1007F14BFEC
:10C5A00001230223C7E70323C5E7A068694601F01A
:10C5B00041FB0028E0DA06B070BDA068324629468B
:10C5C00001F080FA0028D8D19DF80010A06801F091
:10C5D00015FB0028D1D007490748084A40F2F1135B
:10C5E00008F02CFA054840F2F11108F01EFA6FF03D
:10C5F0008500E0E7B8DF0200ACAC020085E4020091
:10C600002DE9F043466840F20635337CD00687B00A
:10C6100001F01F0702EA050547EA431754BFC2F3BA
:10C6200040130323B5F5837F14468DF8033044D0BF
:10C630000DD8062D16D005D8A5B1022D3FD06FF02C
:10C64000150037E0B5F5807FF9D101250AE040F209
:10C650000222954235D0B5F5407F34D0B5F5007F44
:10C66000EDD10225220330D5726801238B40C2F838
:10C670000835B06888BB03A80397FFF70DFF039B3D
:10C6800000EB8300C4F3004383F00103C4F3404490
:10C69000D0F8002744EA43049DF8033022F4E16215
:10C6A00044EA830422F0070244EA05231343C0F856
:10C6B0000037002007B0BDE8F0830725D2E7042546
:10C6C000D0E70525CEE70325CCE7630341BF01236F
:10C6D00072688B40C2F80C35CBE70DF10202394687
:10C6E00001F0F0F914F4403F804617D1B0683946A4
:10C6F00001F06CFAB8F1000FDBD19DF80210B068C0
:10C7000001F07CFA0028D4D01E491F481F4AFC23A0
:10C7100008F094F91D48FC2108F087F94FF0000952
:10C7200001ABCDE90199CDE90439CDF80C90B068A1
:10C7300003AA394601F066F84845BADB14F4003321
:10C7400014D0C4F300449DF803308DF80E3084F00B
:10C7500001048DF80C508DF80D40B0684B4603AACB
:10C76000394601F011F90028C4DAA2E7CDE9043313
:10C770000DF103030393B06803AA394601F042F8B0
:10C78000F1E700BFB8DF0200ACAC020085E40200B4
:10C79000420970B5034602D0012A1ED070BD144E66
:10C7A000326951680029F9D003F01F0301250C6894
:10C7B0009D400029F2D08A682A4012D04B6873B994
:10C7C0000C490D4A0D48892308F038F90C4808F047
:10C7D00035F90948892108F028F90A4EE0E7304682
:10C7E00098471CB1236821461C46E2E72346FAE736
:10C7F000548A0200B1E40200B2E30200ACAC0200D1
:10C8000018E40200388A020038B54568A86890B17B
:10C8100001F0C2F9014670B9A86801F087F9044631
:10C8200058B902460649A86801F034F922460521A4
:10C830000620E8F7B3FD002038BD6FF00400FBE7E9
:10C8400091C7010008B50368590914D0012906D120
:10C850004FF6FF7203F01F03DA40D2070ED40B49E4
:10C860000B480C4A4FF4826308F0E8F809484FF48B
:10C87000826108F0DAF84FF0FF32EBE7036001293C
:10C88000054818BF4FF0A04008BD00BF62E4020099
:10C89000ACAC02002FE40200000300502DE9F04F81
:10C8A000154685B0834600EB810940F2FF1AD94551
:10C8B00003D1002005B0BDE8F08FDBF80030C3F3F2
:10C8C000C72818F00808C3F3C321C3F3080440F0D5
:10C8D000B7805D4A544508BF4FF0FF34B3F10C5F99
:10C8E000565C4FEA136115D2222915D8DFE801F012
:10C8F00017282C392F3539141414143F49141414E3
:10C900001414141414144C8C8F9214141495999CB0
:10C910009FA2A5004E2927D06FF08500CAE7C5F871
:10C920000C45621C6DD003A80394FFF78BFF03999D
:10C93000012303FA01F1C0F808151F46184639E033
:10C94000C5F81445002718E0C5F80845E9E7C5F81B
:10C9500008450027611C22D153E0C5F80C4501278A
:10C96000F8E7C5F81045EDE7C5F81445D9E7C5F86F
:10C970000845002EE6D100270626631C41D0002082
:10C9800018E0C5F80C45F4E7C5F86045BBF802307F
:10C99000601C03F0010334D0002BC4D1012703A88D
:10C9A0000394FFF74FFF03998446012000FA01F139
:10C9B000CCF80C15DBF80010019101F4004CBCF12F
:10C9C000000F08BF804603A818BF01270394FFF794
:10C9D00039FF039C019900EB8400C1F34121D0F899
:10C9E0000047360224F4413446EA810624F44374B5
:10C9F00046EA080624F00304264346EA4706C0F840
:10CA000000670BF1040B52E7C5F86445BEE7C5F8B3
:10CA10006845BBE7C5F86C45B8E7C5F8244501276C
:10CA2000ABE7C5F828457CE7C5F83045F7E7C5F81A
:10CA30003445F4E7C5F83845F1E7C5F83C4570E7FB
:10CA40006FF0150036E700BF4AF502007FB50BAB6B
:10CA500005930393054B02930023CDE90033012294
:10CA60001846E7F7A3FD07B05DF804FBD9E4020020
:10CA70002DE9F041044647680D460AF0F8FB88B1FD
:10CA80004FF02008EFF31186314688F31288BFF388
:10CA90006F8F60680AF000F950BB86F31188BFF30E
:10CAA0006F8FEFE71F4B1B78002BE9D04FF020086A
:10CAB000642660680AF0F0F870B901200AF040F9C5
:10CAC000013EF6D10021212004F034FAF0E786F38C
:10CAD0001188BFF36F8FF5E7EFF31186314688F3C6
:10CAE0001288BFF36F8F60680AF0D6F80028EED086
:10CAF000BB691D706368BA691B680020C3F84425D0
:10CB00000122C3F84825C3F82001D3F82041C3F817
:10CB10005801D3F858019A6081F31188BFF36F8FE1
:10CB2000BDE8F081163400202DE9FF4105460022C2
:10CB300001210220E8F732FC0220E8F7FFFB6C68D5
:10CB40000121E0680AF0D9F86B681A682369C2F815
:10CB50002435617D237D0B43A17D0B43C2F86C35E9
:10CB60006F68D7E9004313F001031ED0D5F8108099
:10CB700004F10C0108F1080204F590700AF01DF9A7
:10CB8000061E0DDA254B02930023CDE9003324491C
:10CB900001221846FFF75AFF304604B0BDE8F08185
:10CBA00098F8080000F00EFB01230822C4F80025C5
:10CBB000BA69C4F8442501210022C4F84825A160BF
:10CBC0006BB9D4F82031002BFBD0C4F82021D4F865
:10CBD00020310123E3604FF48073C4F80433D4F8A8
:10CBE0005831002BFBD00021C4F800156D682C686B
:10CBF000E8680AF082F80823C4F800352A7A52B9A6
:10CC0000EB69C4F834350123C4F83835C4F8102171
:10CC1000D4F8102123600026BEE700BFD9E402004B
:10CC2000EC8D020038B51149D1E90030D41AE3186F
:10CC300040F1000022F07F45C1E90030A5F5001366
:10CC4000B3F5400F09D20A4B1B681A0A1B06581984
:10CC5000084B42F10001C3E9000104F00FFE014658
:10CC60002046BDE8384004F063BD00BF88100020B6
:10CC70008C2B0020901000200D4B1868010A000634
:10CC8000BFF35F8F0B4BD3F80435181841F1000147
:10CC9000B3F5801F0AD2084BD3E90023904271EB11
:10CCA000030303D210F1807041F10001704700BF0F
:10CCB0008C2B002000100140901000202DE9F7433C
:10CCC0002E4CD4F8043399070BD5D4F8043143B172
:10CCD0002B4A0023C4F80431D4F80431136801331B
:10CCE0001360D4F80433DA0343D5BFF35B8F254BCD
:10CCF00053E8002F22F0010143E800100028F7D18B
:10CD0000BFF35B8FD30702D4D4F840318BB3002537
:10CD1000C4F84051D4F84031FFF7AEFFEFF3118271
:10CD2000202383F31288BFF36F8F174BD3E9026779
:10CD3000B042B94120D34FF0FF304FF0FF31C3E98B
:10CD40000201D3E900981D604FF48033C4F84833E2
:10CD5000C4F84051D4F8403182F31188BFF36F8F8B
:10CD6000B9F1000F05D0CDF8008032463B460020D7
:10CD7000C84703B0BDE8F083A946EDE700100140C5
:10CD80008C2B0020842B0020781000202DE9F84FF8
:10CD90004B4DBFF35B8F06460F4655E8008F28F0DA
:10CDA000010345E80032002AF7D1BFF35B8F454C01
:10CDB0004FF48039C4F80893BFF35F8FBFF36F8FD0
:10CDC000FFF75AFFB04271EB070308F0010840D2A9
:10CDD0003D4B301A67EB0101984271F100014CD2D2
:10CDE0003A4BD3E902239F4208BF96423ED04FF010
:10CDF000000CC4F84893C4F840C126F07F40D4F832
:10CE00004031DFF8CCA0834603216FF0020E2BF0F7
:10CE10007F43C4F84035C4F84493D4F80425AEEBFE
:10CE200002035B4423F07F4353451FD9D4F84031BC
:10CE30005BB1D4F80425131A23F07F43B3F5000F38
:10CE400014D9C4F840C1D4F8403101EB020B0131D0
:10CE5000DDE7204BBFF35B8F53E8001F41F001017A
:10CE600043E80012002AF7D1BFF35B8F174B1A4A31
:10CE70001A60C3E9026700225A60B8F1000F1CD0A3
:10CE8000BFF35B8F55E8003F43F0010345E80032F4
:10CE9000002AF7D1BFF35B8F4FF48033C4F804331B
:10CEA0000C4BBFF35B8F1B68BFF35B8FDB0742BF8D
:10CEB0000A4B4FF40032C3F80021BDE8F88F00BFE1
:10CEC000882B002000100140010080007810002015
:10CED000FDFF7F00842B002025CC010000E100E055
:10CEE00070B5194C194BC4F80833C4F84833184BC3
:10CEF00000254FF0FF304FF0FF31C4F80855C3E96B
:10CF000002014FF48033C4F80433124B02264FF46D
:10CF10000032C4F804630121C3F8802111202A469D
:10CF2000E8F73CFA1120E8F709FA01230A4AA3605E
:10CF30000021236009481360FFF728FF3046FFF700
:10CF400001F8284670BD00BF0010014003000F002B
:10CF50007810002000E100E0882B0020FFFF7F0018
:10CF6000431C10B50F4C05D08442A8BF0446012CC9
:10CF7000B8BF0124FFF780FE0B4AD2E90031C01A86
:10CF8000B0F5000F074A0AD22044904228BF10464D
:10CF9000C018BDE8104041F10001FFF7F7BE104690
:10CFA000F6E700BFFFFF7F008810002008B5FFF7FD
:10CFB00063FE024B1B68C01A08BD00BF881000202A
:10CFC000024AD2F80034002BFBD0704700E0014049
:10CFD00010B54FF08053D3F83021082A4ED14FF0CE
:10CFE00080420021C2F80C11C2F81011C2F83815A5
:10CFF00002F54042D3F80414C2F82015D3F80814FF
:10D00000C2F82415D3F80C14C2F82815D3F810145C
:10D01000C2F82C15D3F81414C2F83015D3F818142C
:10D02000C2F83415D3F81C14C2F84015D3F82014F4
:10D03000C2F84415D3F82414C2F84815D3F82814BC
:10D04000C2F84C15D3F82C14C2F85015D3F830148C
:10D05000C2F85415D3F83414C2F86015D3F8381454
:10D06000C2F86415D3F83C14C2F86815D3F840141C
:10D07000C2F86C15D3F84434C2F8703509F050FE8C
:10D0800018B1374B374AC3F88C2609F049FE18B15E
:10D09000354BFB22C3F8182509F042FE58B14FF07A
:10D0A00080424FF08051D2F8E43ED1F8581261F33B
:10D0B0000303C2F8E43E09F033FE20B12B4B4FF4DA
:10D0C0000072C3F840264FF08053D3F83031082B5C
:10D0D00017D14FF08043D3F80024D20744BF6FF03C
:10D0E0000102C3F800244FF08053D3F83431042BED
:10D0F00081BF4FF01023D3F808224FF08043C3F8CC
:10D1000058254FF01023D3F80022002A03DBD3F870
:10D110000432002B22DA164901234FF01020C1F807
:10D1200004351224FFF74CFFC0F80042FFF748FF18
:10D13000C0F80442FFF744FF0023C1F80435FFF7AD
:10D140003FFFBFF34F8F0B490B4BCA6802F4E062FD
:10D150001343CB60BFF34F8F00BFFDE710BD00BF8F
:10D16000005000404881030000F000400090024061
:10D1700000E0014000ED00E00400FA05014B1860FA
:10D18000704700BF902B002010B50A4B186814465A
:10D1900048B9094909480A4A3B2307F04FFC0848A7
:10D1A0003B2107F042FC09F0CDFD0028A4BF207010
:10D1B000002010BD902B002052E50200ACAC020014
:10D1C00016E50200024A01238340C2F80435704785
:10D1D00000F00140014B00201B681847942B0020F1
:10D1E000014B1B68184700BF942B002010B50C4C56
:10D1F000237993B9012323710A4B2060002818BFBB
:10D20000184600F0BBF850B923680748002BBDE86A
:10D21000104008BF184600F02DB96FF0770010BD20
:10D22000942B0020D5D10100E1D1010008B50C4BB1
:10D230001A794AB90B490C480C4AB12307F0FEFB96
:10D240000A48B12107F0F1FB1B683BB10020E8F769
:10D2500097F818B9BDE80840E8F770B808BD00BFF6
:10D26000942B0020A5E50200ACAC020068E50200AA
:10D2700008B5124B1B795BB91149124A124840F2AA
:10D28000051307F0DBFB40F205110E4807F0CDFB5C
:10D2900058B101280DD00D490A4A0B484FF492733A
:10D2A00007F0CCFB4FF49271EFE7BDE8084000F0C7
:10D2B000F3B8BDE8084000F075B800BF942B00201B
:10D2C000A5E5020068E50200ACAC020040E7020000
:10D2D00008B5124B1B795BB91149124A124840F24A
:10D2E0002B1307F0ABFB40F22B110E4807F09DFB10
:10D2F00028B1012807D1BDE8084000F081B8BDE899
:10D30000084000F01BB90949064A07484FF4A573C5
:10D3100007F094FB4FF4A571E7E700BF942B0020C2
:10D32000A5E5020068E50200ACAC020040E702009F
:10D3300038B54FF080440123C4F8083363600023FC
:10D34000C4F80031D4F8003142F21075D4F80C243E
:10D35000D4F80C34D20307D5DB0705D5012009F03A
:10D36000EFFC013DF2D138BD09F042FD0028FAD0B2
:10D37000014B00225A71F6E79C2B002010B508499A
:10D380000C794CB9012308600B7109F031FD08B923
:10D39000002010BD4C71FBE76FF07700F9E700BF8C
:10D3A0009C2B002008B512490B794BB91149124842
:10D3B000124A772307F042FB1048772107F035FB2C
:10D3C0004FF080430022C3F80021D3F8002101224E
:10D3D0001A60096811B1C3F8042308BDD3F800210D
:10D3E000002AFBD00022C3F80021D3F80031F4E773
:10D3F0009C2B0020A5E50200ACAC0200C3E50200B6
:10D4000008B5084B1B794BB907490848084A8923D6
:10D4100007F014FB0648892107F007FBBDE8084028
:10D42000FFF786BF9C2B0020A5E50200ACAC0200F4
:10D43000C3E5020010B54FF08043D3F80423D207B0
:10D4400015D5D3F8002192B10022C3F800210121A3
:10D45000D3F80021C3F8081309F0CAFC044B10B13B
:10D460005A7922B95971BDE810401B68184710BDA0
:10D470009C2B0020074A137943B9012110601171D8
:10D480004FF080421846C2F8183570476FF07700A9
:10D49000704700BFA42B002010B5244C23794BB952
:10D4A00023492448244AE52307F0C8FA2248E52105
:10D4B00007F0BBFA4FF08043D3F81814D3F81824C0
:10D4C000C8031AD502F00302012A01D092B9002242
:10D4D0004FF08043C3F818250022C3F80421D3F885
:10D4E000042101229A6022688AB9D3F80421002A13
:10D4F000FBD014E009F08BFCE9E7D3F81424D10742
:10D50000E5D5D3F81C249207F4D422681AB102227C
:10D51000C3F8042310BDD3F80421002AFBD0002255
:10D52000C3F80421D3F80431F4E700BFA42B002092
:10D53000A5E50200ACAC020006E6020008B5094B06
:10D540001B795BB908490948094A4FF4917307F000
:10D5500075FA07484FF4917107F067FABDE8084083
:10D5600009F055BCA42B0020A5E50200ACAC0200DC
:10D5700006E60200F8B54FF080431F4FD3F804438E
:10D58000012504F01A04002604B9F8BDB4FA84F0A9
:10D59000C0F11F00830003F580739BB203F1804349
:10D5A00005FA00F2196892B224EA02040029EBD0CD
:10D5B0001E601B684FF08043022AC3F808230FD176
:10D5C000D3F81814D3F81814890703D03B68C0B2F5
:10D5D0009847D9E7C3F81855C3F804239D60D3E7EB
:10D5E00006490748074A4FF4F57307F027FA05483C
:10D5F0004FF4F57107F019FAA42B002040E7020060
:10D60000ACAC020006E60200034A430900F01F002A
:10D61000D35C1844C0B2704752F5020010B50446FE
:10D620000846FFF7F1FF04EB4000838ADA051CD5BA
:10D63000C3F3432123F4F853838204F1120204F16B
:10D64000720032F8023F13F4807F03D0C3F3432308
:10D6500099420AD09042F4D104EBC10300225A60EF
:10D6600004F1780009F08CFB00B910BD05490648AB
:10D67000064A4FF4DB7307F0E1F904484FF4DB711D
:10D6800007F0D3F9B8DF0200ACAC020049E60200B3
:10D6900008B502680146104609F0D2FB58B9114995
:10D6A000114A12484FF4826307F0C8F94FF48261BF
:10D6B0000D4807F0BAF902F01F0352090B600BD0B6
:10D6C000012A0CD00A49084A084840F2194307F0D9
:10D6D000B5F940F21941EBE74FF0A04008BD05480D
:10D6E000FCE700BF62E402002FE40200ACAC0200E1
:10D6F00040E7020000030050072808B50BD908498D
:10D700000848094A40F2A73307F098F9064840F262
:10D71000A73107F08AF9800000F5807008BD00BFCE
:10D72000BCE60200ACAC020087E60200024611F043
:10D73000010030B515D18B07C1F3400022D5124945
:10D74000D1F8200550604FF08052C1F82005D2F882
:10D750003021082A08BFD1F82025003818BF012041
:10D7600010E04FF0A0444FF08055D4F820351360FE
:10D77000C4F82035D5F83051082D08BFD4F820451D
:10D78000002BD8D030BD00BF00030050F7B50446D1
:10D790000846FFF739FF04EB40060D46B38ADB0766
:10D7A0002AD5204609F03FFC2946204609F05AFBBD
:10D7B00050B1204609F085FB276807EB8000002365
:10D7C000C0F81035C0F81035204629460024FFF770
:10D7D00025FFB48201A80195FFF75AFF019B00EBDA
:10D7E0008300074BD0F80027134043F00203C0F832
:10D7F0000037204603B0F0BD6FF01500FAE700BF18
:10D80000F0F8FCFF2DE9F0430E4685B017460446BC
:10D8100058B95A495A485B4A40F25E4307F00EF93C
:10D82000584840F25E4107F000F90846FFF7ECFE69
:10D83000D7F800800546B8F1000F19D0204609F04E
:10D8400035FB18BBCDE900008DF80E008DF80F00F8
:10D8500043460DF10F020DF10E01304609F05AFB5F
:10D8600004EB4502938A23F0020343F00103938201
:10D870007B689BB33146204693F80080D3F8049030
:10D8800009F009FB28B1B9F1000F1FD06FF01500A6
:10D8900027E004EB4500838A23F4604323F0200350
:10D8A0008382B9F1000F11D0B8F1030FEED87B6875
:10D8B00021685B6893F800C04FEA8C031944B8F103
:10D8C000000F11D1C1F81085C1F8108504EB450295
:10D8D000938A23F01C0343EA88039382BB6843BB0B
:10D8E000002005B0BDE8F083D1F8102522F0030236
:10D8F000C1F8102522681344D3F8102522F44F32C2
:10D9000022F44072C3F810253202D3F8101502F445
:10D910007C5242EA08420A43C3F8102504EB4C0348
:10D92000A3F87C60838A43EA4C3343F0200383826C
:10D93000CCE7D3E9007831462046FFF76FFE002F91
:10D94000CED063689F4206D004F1780009F0FAF95E
:10D95000002804DAC5E7A3689845F5D1002004EB58
:10D96000C003C3E9017804EB4505C0B2AB8A43EAC2
:10D97000402343F48073AB82B2E700BFC6E60200E7
:10D98000ACAC020049E602002DE9FF410C46164608
:10D990001F46054658B93C493C483D4A4FF48D6303
:10D9A00007F04CF83A484FF48D6107F03EF808460E
:10D9B000FFF72AFE804616B3284609F06CFA18B91C
:10D9C000284609F04FFA08BB2146284609F055FAC7
:10D9D00010B17378012B19D001238DF80F3000237B
:10D9E000CDE90063721CB31C0DF10F01204609F054
:10D9F00091FA05EB4802938A43F003039382002FC8
:10DA00003FD02146284609F046FA20B96FF01500AC
:10DA100004B0BDE8F0813E782B6803EB860300225A
:10DA200005EB4800C3F81025C3F81025838A23F4BA
:10DA3000604323F02003838279784FEA860C01B398
:10DA40002A68BF7862440904D2F8103523F4991388
:10DA500023F4F853C2F81035230201F4403103F4E3
:10DA60007C530B433905D2F8105501F480110B4358
:10DA70002B43C2F81035838A43EA463343F0200330
:10DA800083820020C4E700BFC6E60200ACAC0200FF
:10DA900049E6020008B558B907490848084A40F263
:10DAA000714306F0CBFF064840F2714106F0BDFF1E
:10DAB000C0E9031208BD00BFC6E60200ACAC02001C
:10DAC00049E6020070B51546044658B91349144A90
:10DAD000144840F27A4306F0B1FF40F27A41104810
:10DAE00006F0A3FF4AB910490D4A0E4840F223330D
:10DAF00006F0A4FF40F22331F1E709F0B3F948B191
:10DB00000846FFF781FD04EB40040020A38A5B0B6D
:10DB10002B7070BD6FF01500FBE700BFC6E602007A
:10DB200049E60200ACAC0200D1E6020070B5044642
:10DB300058B916491648174A4FF4916306F07EFF0C
:10DB400014484FF4916106F070FF90F88C50D5B9ED
:10DB50006022294614300AF001FE2668E8B2013539
:10DB6000FFF7CAFD082DF9D10025C6F87C5146F310
:10DB70000730D6F87C31E7F7E1FB012384F88C30DD
:10DB8000A367284670BD6FF07700FBE7C6E602008A
:10DB9000ACAC020049E6020008B558B9084909488A
:10DBA000094A40F28F4306F049FF074840F28F418F
:10DBB00006F03BFF90F88C00003818BF012008BD2C
:10DBC000C6E60200ACAC020049E6020008B558B94E
:10DBD00007490848084A40F29D4306F02FFF0648CF
:10DBE00040F29D4106F021FFBDE80840FFF7CEBDA1
:10DBF000C6E60200ACAC020049E6020008B558B91E
:10DC000008490948094A40F2A44306F017FF0748AB
:10DC100040F2A44106F009FFBDE80840044809F0BD
:10DC2000AFB800BFC6E60200ACAC020049E6020095
:10DC30003405002010B50C4658B90A490A480B4A69
:10DC400040F2AB4306F0FAFE084840F2AB4106F062
:10DC5000ECFE074809F076F80028A4BF20700020E9
:10DC600010BD00BFC6E60200ACAC020049E60200EF
:10DC7000340500202DE9F3410D461646044658B9F7
:10DC80003849394A39484FF4A56306F0D7FE4FF4B6
:10DC9000A561354806F0C9FE09F0EFF848B93449E6
:10DCA000314A324840F2354306F0C8FE40F2354171
:10DCB000EFE7204609F0D6F82768F8B1204609F0CA
:10DCC000EAF88046D0B9204609F0FBF80546FFF790
:10DCD00013FD47F800803B58236803EB8503D3F816
:10DCE000102542F00102C3F8102526B12268012355
:10DCF000AB40C2F8043302B0BDE8F081D7F804337A
:10DD0000002BA4BF4FF00043C7F804334EB91949A4
:10DD1000154A164840F24F4306F090FE40F24F413C
:10DD2000B7E72846FFF770FC04EB4004A38AC3F36F
:10DD30008203042B12D0052B12D001A80195FFF706
:10DD4000A7FC019BD0F81015D94001F00101023168
:10DD5000284602B0BDE8F04109F029B90321F7E7F0
:10DD60000221F5E7C6E6020049E60200ACAC02007B
:10DD7000DBE60200FCE6020008B558B9074908488E
:10DD8000084A40F22F5306F059FE064840F22F5140
:10DD900006F04BFEBDE8084009F045B9C6E60200B2
:10DDA000ACAC020049E602002DE9F04F07468BB00B
:10DDB00058B975497548764A40F25C6306F03EFEF4
:10DDC000734840F25C6106F030FE8046082258F845
:10DDD00004ABDAF80413C9B241F00041504609F02F
:10DDE000F5F8051E2FDA0023032108A8CDE9083332
:10DDF000FFF79CFC674B02930DF120094FF0000BDD
:10DE0000029A654912F8013B0292DA0803F007030F
:10DE10008A5C22FA03F3DB071CD40BF10103022B0B
:10DE200009F104094FF0010BEAD14FF00041002243
:10DE3000504609F0CBF8032108A8FFF777FC00282B
:10DE4000D8D125F000450124002D40F086800BB08C
:10DE5000BDE8F08F514B5B440393D9F800100029C3
:10DE6000DBD0039B91FAA1F11C78B1FA81F141EA70
:10DE700044142046FFF7C8FB07EB40000794828A52
:10DE8000C808C2F3820319F800600193CDE90423A6
:10DE900001F00701012303FA01F126EA010109F863
:10DEA000001007A8FFF7F4FB0799049A059B01F5FA
:10DEB000E07112F0100F50F82160C6F3014633D024
:10DEC000019A2146404609F006F807A80794FFF793
:10DED000DFFB079B03F5E073F6B250F82330C3F382
:10DEE00001439E4207D10021204609F060F83146E7
:10DEF000204609F05CF807A80794FFF7C9FB079BC9
:10DF0000012202FA03F3C0F820354FF08053D3F812
:10DF10003031082B01BFD0F82035D0F82035D0F8AB
:10DF20002035D0F8203598E7022E14BF02210321B6
:10DF30002046049309F03BF8049B032B03D0022EE8
:10DF400007D1012BD7D1019A2146404608F0C3FFE3
:10DF5000D1E7032ECFD1022BF4E795FAA5F3B3FA5C
:10DF600083F304FA03F225EA020503F5A27207EB34
:10DF700043035AF82220B3F87C10C2F30142404612
:10DF800008F0A9FF60E700BFC6E60200ACAC0200E3
:10DF900049E6020062F50200E09A020062F5020022
:10DFA000F8B50F4614461D460F4E304609F069F885
:10DFB00010B96FF08300F8BDA2B2B3681B6863B9F3
:10DFC0000A490B4A0B487E2306F038FD0A4806F042
:10DFD00035FD07487E2106F028FD39463046984732
:10DFE0000028E6D12C60E6E7708A0200FDBC020042
:10DFF000C9BC0200ACAC02001DBD020038B54369CB
:10E0000005463BB90024EA68537843F00103537096
:10E01000604238BD984704460028F3D000F1FF0362
:10E02000FE2B0ED9094A0A490A48212306F006FDAB
:10E0300029680948224606F001FD0448212106F01E
:10E04000F4FCEB6844421C70DDE700BF07E7020008
:10E050002AE70200ACAC020042E702001FB504460A
:10E06000E6F70CFA064B029300231846CDE900337D
:10E070000449012209F010F8204609F01DF800BFFC
:10E0800067E70200CC8D02002DE9F041044686B01E
:10E090000E46EFF31188202383F31288BFF36F8FAE
:10E0A000042898BF2B4B2C4A98BF53F82030976810
:10E0B00088BF2A4B127C2A4903900025CDE90432FF
:10E0C000284B0293CDE900552B460122284608F043
:10E0D000E3FF6EB1F369C3F308034BB1224B204950
:10E0E0000095CDE9015301222B46284608F0D4FFC4
:10E0F0002FB1384609F0C4F808B1037803B91B48BA
:10E100001B4B02930023CDE90370CDE90033184681
:10E110001349012208F0C0FF31462046FFF79EFF59
:10E12000042C0CD11349144A1448872306F086FCAA
:10E13000134806F083FC1048872106F076FC88F32C
:10E140001188BFF36F8F384606B0BDE8F041E7F79E
:10E15000E9B900BFE49A0200AC2B002076E7020088
:10E16000CC8D020084E70200ACE7020008C4020084
:10E17000CDE7020007E80200E5E70200ACAC0200D0
:10E1800024E8020038B50A4B53F82040013053F818
:10E190002050A54200D838BD606830B1037EDB074F
:10E1A00001D4FFF72BFF0834F3E723689847FAE719
:10E1B000F89A020070B5364B364C374D86B00122C6
:10E1C00003201A70FFF7DEFF0420FFF7DBFFAC42ED
:10E1D000264628D93149324A3248452306F02EFCDA
:10E1E000314806F02BFC45212D4806F01EFC54F862
:10E1F0000C3C059354F8103C049354F8143C0393DE
:10E2000054F8183C029354F81C3C019354F8203CF9
:10E21000009354E90A2354E90C0101F0DDFE54F89F
:10E22000303C5E65D3E7AE4204F13004DFD302F048
:10E23000B9FE184CAC421FD91849194A194869232C
:10E2400006F0FCFB184806F0F9FB6921CCE7D4E99D
:10E250000A23B3F1FF3F08BFB2F1FF3F05D052EAF6
:10E260000301206803D101F035FF3034E2E70F49A4
:10E27000183003F0FDF8F8E7E9D302F001FFE4F706
:10E280008BFF0B4A938923F00103938106B070BD85
:10E2900016340020448C0200448C0200C4E80200C2
:10E2A000A3E80200ACAC020022B10200590A02004D
:10E2B0001811002070B5002386B00122CDE9042397
:10E2C000134E144D01930F22CDE90232124914234B
:10E2D00003FB005506EBC01604464FF4C07000FB6C
:10E2E00004110E4B00954FF4A072304601F074FEFD
:10E2F000337C0B4AEE6023F0040333744FF4046361
:10E3000004FB033313442C746B6006B070BD00BF74
:10E3100098100020AC2B00204051002069E701003C
:10E32000004900207FB50020FFF72CFF334B83F31B
:10E330000888334C636943F400736361E02384F815
:10E3400022300023E37723766376A37684F82030A7
:10E35000626A42F4E022626284F82330E6F7AAFFA0
:10E36000E7F7CAF84FF0FF33A362E362E7F73CFA3E
:10E37000E7F742F9E6F744F8224801F09FFE224B06
:10E38000224A93420ED92249224A2348CD2306F03D
:10E3900055FB224806F052FB1E48CD2106F045FBF6
:10E3A0001C33EEE7FCD30120FFF7ECFE0220FFF761
:10E3B000E9FE02F0EFFD1A4B1A4C5C611A4B059313
:10E3C00000250123194900954FF40062CDE903535C
:10E3D000CDE90155164B204601F0FEFD237C064693
:10E3E00023F004032046237402F026F92846FFF7A1
:10E3F00061FF0F4A31462046E7F760F840510020A0
:10E4000000ED00E0381200201C8A0200C48A0200DD
:10E41000F1E80200A3E80200ACAC020022B1020065
:10E42000AC2B00201811002009E90200C052002086
:10E43000B5E1010038B50D4C0D4DAC4213D90D4975
:10E440000D4A0E48252306F0F9FA0D4806F0F6FAB3
:10E450000948252106F0E9FAD4E90112204608F01E
:10E4600033FE1834E9E7F7D3002038BDC00500209B
:10E47000C00500207BE9020011E90200ACAC0200FB
:10E4800022B1020038B50E4C0E4DAC4212D90E49E5
:10E490000E4A0F48A22306F0D1FA0E4806F0CEFA33
:10E4A0000A48A22106F0C1FA204608F017FE20B95A
:10E4B0002034EAE7F8D3002038BD6FF01500FBE701
:10E4C00060050020C0050020B9E9020094E90200BF
:10E4D000ACAC020022B102002DE9F74305460F461D
:10E4E00091461C4600F10806EFF31188202383F3C0
:10E4F0001288BFF36F8F304602F07CFF60B9324A5A
:10E5000032493348842306F099FA3146314806F0FF
:10E5100095FA84212C4826E0304602F08FFF2B69C3
:10E520001BB33B601C68EB692C610133EB6114B9D0
:10E530006A6993421FD0EB68E41A09D4D5E9052330
:10E540005A43A24204D9B4FBF3F203FB124494B140
:10E550002149224A1E48F72306F070FA204806F0A7
:10E560006DFA1E48F72106F060FA59EA040214D148
:10E570003B606FF00B04304602F04AFFF0B9124ADC
:10E58000184913484FF4997306F058FA3146164863
:10E5900006F054FA4FF49971BCE7CDE900942A468D
:10E5A0004146304602F0A8FA044618B90F4B9B6862
:10E5B0005B693B60204603B0BDE8F08388F31188B7
:10E5C000BFF36F8FF6E700BF26AF02007FAF0200F8
:10E5D000ACAC020094AF0200D6E9020094E902005C
:10E5E00052EA020053AF02006AAF0200AC2B0020D7
:10E5F0002DE9F843C368CB1A05460E4623D4D0E96B
:10E600000512514399421ED9B3FBF2F102FB1133BB
:10E61000CBB900F10807EFF31189202484F31288A5
:10E62000BFF36F8F384602F0E5FED8B9414A424940
:10E630004248842306F002FA3946414806F0FEF9C2
:10E6400084213C480CE03F493F4A3C4840F21F13BC
:10E6500006F0F4F93D4806F0F1F93B4840F21F118D
:10E6600006F0E3F9384602F0E9FED5F81080B8F17B
:10E67000000F40D1EFF3118384F31288BFF36F8F43
:10E6800083F31188BFF36F8F5BB93149314A2B484F
:10E69000FA2306F0D3F9304806F0D0F9FA212D48D4
:10E6A000DEE72C68A54226D02CB3A3683BB92B49E2
:10E6B000284A2248E32306F0C1F9E321EFE7D4E931
:10E6C000003213605A60237CC4F8088023F00203F0
:10E6D0002374C4E9008804F1180002F0A9FF204661
:10E6E000C4F87880666101F0A7FF49463846BDE866
:10E6F000F84308F00DBE2B693360EB692E61013BD6
:10E70000EB61384602F084FE68B90A4A14490B48A6
:10E710004FF4997306F092F93946124806F08EF9D3
:10E720004FF499718DE789F31188BFF36F8FBDE8BE
:10E73000F88300BF26AF02007FAF0200ACAC02003E
:10E7400094AF020040E7020094E902006DEA020083
:10E75000BAEA02008FEA020078E90200D2EA020077
:10E7600053AF02006AAF020008B50D4B9B6893F9E6
:10E770000E30002B09DB2024EFF3118384F3128881
:10E78000BFF36F8F06F043FBF6E706490648074ADA
:10E790001C2306F053F905481C2106F046F900BF7A
:10E7A000AC2B00200AEB0200ACAC0200E9EA02004C
:10E7B0002DE9F341044617461E46EFF3058565B182
:10E7C0005449554A5548732306F038F9544806F021
:10E7D00035F95148732106F028F9EFF31188202309
:10E7E00083F31288BFF36F8F4E4802F003FE60B9C7
:10E7F0004D4A4E494948842306F020F949494C487E
:10E8000006F01CF984214848E5E7464802F016FE68
:10E81000484BE2689B6892B1A068984227D057EABB
:10E8200006022CD13F4802F0F3FD90B188F3118825
:10E83000BFF36F8F6FF00F0002B0BDE8F08193F966
:10E840000E10384821610132C4E9023202F0E0FDC5
:10E8500078B9354A384931484FF4997306F0EEF8E3
:10E860003049364806F0EAF84FF49971CBE7216950
:10E87000E7E788F31188BFF36F8F0020DCE793F997
:10E880000E1090F90E30994205DA9942A8BF194648
:10E8900008F046FC0546CDE900762248224641466E
:10E8A00002F02AF90028E8D0EFF31186202383F341
:10E8B0001288BFF36F8F1B4802F09CFD002897D091
:10E8C000184802F0BBFDA068C0B1236821699C42D2
:10E8D0000AD04BB193F90E309942A8BF19466FF098
:10E8E0007F039942B8BF194608F01AFC30B10D48B1
:10E8F000314608F00DFD6FF00A009DE7002DF6D1BE
:10E90000084802F085FD0028A3D086F31188BFF3E4
:10E910006F8FF0E754EB020032EB0200ACAC020068
:10E9200066EB0200CC2B002026AF02007FAF020076
:10E9300094AF0200AC2B002053AF02006AAF02007C
:10E94000F8B50546EFF3058363B15549554A564876
:10E95000EA2306F073F8554806F070F8EA215148AA
:10E9600006F063F88368002B00F09480504A9268A8
:10E97000934240F09280C3684BB94E49494A4A4895
:10E980004FF4817306F05AF84FF48171E7E7012BD9
:10E9900003D0013BC3600020F8BDEFF311872024B2
:10E9A00084F31288BFF36F8F434802F023FD60B9F0
:10E9B000424A43493C48842306F040F83E494148D6
:10E9C00006F03CF884213D48CAE73B4802F036FD9A
:10E9D0002969A86808F0A4FBEFF3118384F3128877
:10E9E000BFF36F8F83F31188BFF36F8F5BB9364925
:10E9F000364A2D48FA2306F021F8354806F01EF86D
:10EA0000FA213248ACE72C68A54215D10023C5E9AC
:10EA10000233294802F0FCFC002836D1274A2D4950
:10EA200021484FF4997306F009F823492A4806F063
:10EA300005F84FF49971C6E7002CE7D0A3683BB9FD
:10EA40002649224A1848E32305F0F8FFE321D8E7D6
:10EA5000D4E9003213605A60237C002623F00203BD
:10EA60002374C4E90066A66004F1180002F0E0FD1A
:10EA7000AC6094F90E302B612046A66701F0DCFDF6
:10EA80000D48394608F044FC85E787F31188BFF349
:10EA90006F8F80E76FF015007EE74FF0FF307BE768
:10EAA00054EB020032EB0200ACAC020066EB020059
:10EAB000AC2B00208BEB0200CC2B002026AF0200F9
:10EAC0007FAF020094AF0200BAEA02008FEA0200B0
:10EAD00078E9020053AF02006AAF0200D2EA0200F6
:10EAE00008B583684BB90B490B480C4AE32305F082
:10EAF000A5FF0A48E32105F098FFD0E90032136032
:10EB00005A60027C0023C0E9003322F00202027442
:10EB1000836008BDD2EA0200ACAC02008FEA0200BA
:10EB20002DE9F04704469DF820600D4691469A462F
:10EB300000F10807EFF31188202383F31288BFF355
:10EB40006F8F384602F056FC60B94B4A4B494C482F
:10EB5000842305F073FF39464A4805F06FFF84218E
:10EB600045481BE0384602F069FC06B16568EFF3E2
:10EB70001183202282F31288BFF36F8F83F31188F1
:10EB8000BFF36F8F63B94049404A3D48FA2305F00F
:10EB900055FF3F4805F052FF3C48FA2105F045FF7C
:10EBA000234653F80C6F9E4215D0A6B13046FFF7AE
:10EBB00097FF002406F1180002F03AFD3046B467D2
:10EBC000C6F8149001F038FD4146384608F0A0FB25
:10EBD0002046BDE8F087BAF1000F14D0082002F0FB
:10EBE000B3FF00283FD00122C0F804900260016802
:10EBF00001F003015DB922680A4302606268206087
:10EC00006AB960600BE0C9F800A04846EFE72A68DF
:10EC1000032A1DD801606168A1B9C4E9000000247D
:10EC2000384602F0F5FB08BB134A1A4914484FF462
:10EC3000997305F003FF3946174805F0FFFE4FF4BE
:10EC400099718DE70A6802F0030202430A60D8E76F
:10EC500022F003020A4302602A6802F0030240EA3B
:10EC600002032B60DBE76FF00B04D9E788F3118810
:10EC7000BFF36F8FACE700BF26AF02007FAF02008B
:10EC8000ACAC020094AF0200BAEA02008FEA0200C4
:10EC900078E9020053AF02006AAF0200F8B50446FB
:10ECA00000F10805EFF31186202787F31288BFF3E0
:10ECB0006F8F284602F09EFB60B92C4A2C492D48E4
:10ECC000842305F0BBFE29462B4805F0B7FE8421BE
:10ECD000264818E0284602F0B1FBEFF3118387F3D2
:10ECE0001288BFF36F8F83F31188BFF36F8F63B9FF
:10ECF0002249234A1F48FA2305F0A0FE214805F0C7
:10ED00009DFE1F48FA2105F090FE204650F80C4F5A
:10ED1000844213D094B12046FFF7E2FE04F11800BC
:10ED200002F086FC00232046A367636101F084FCA7
:10ED300031462846BDE8F84008F0EABA284602F015
:10ED400067FB68B9094A10490A484FF4997305F0FE
:10ED500075FE29460D4805F071FE4FF49971B7E72D
:10ED600086F31188BFF36F8FF8BD00BF26AF020096
:10ED70007FAF0200ACAC020094AF0200BAEA02001E
:10ED80008FEA020078E9020053AF02006AAF020086
:10ED90002DE9F743064690461F4600F10805EFF3BC
:10EDA0001189202383F31288BFF36F8F284602F066
:10EDB00021FB68B9244A25492548842305F03EFEF5
:10EDC0002946244805F03AFE84211F4805F02DFE0F
:10EDD000284602F033FB3468F4B12368726823F0EC
:10EDE000030394422046336008BF7360012108F09A
:10EDF0009FF90446284602F00BFBE8B9124A16496F
:10EE000013484FF4997305F019FE2946134805F08D
:10EE100015FE4FF49971D8E758EA0703EAD0CDE917
:10EE2000008706F10C024946284601F065FE38B914
:10EE30000B4B9B685C6903E089F31188BFF36F8F0C
:10EE4000204603B0BDE8F08326AF02007FAF02008A
:10EE5000ACAC020094AF020053AF02006AAF0200F4
:10EE6000AC2B002008B583684BB90B490B480C4A02
:10EE7000E32305F0E3FD0A48E32105F0D6FDD0E9E0
:10EE8000003213605A60027C0023C0E9003322F094
:10EE900002020274836008BDD2EA0200ACAC020038
:10EEA0008FEA020070B50446EFF31186202585F342
:10EEB0001288BFF36F8F2F4802F09CFA60B92E4A78
:10EEC0002E492F48842305F0B9FD2A492D4805F025
:10EED000B5FD8421284818E0264802F0AFFAEFF388
:10EEE000118385F31288BFF36F8F83F31188BFF30B
:10EEF0006F8F63B92449254A2148FA2305F09EFD06
:10EF0000234805F09BFD2148FA2105F08EFD256878
:10EF1000AC4212D08DB12846FFF7A4FF05F11800CE
:10EF200002F086FB00232846AB6701F085FB3146E3
:10EF30001048BDE8704008F0EBB9D4E902329A42BB
:10EF400018BF01330B48A36002F062FA68B90A4A9D
:10EF500010490B484FF4997305F070FD05490E48B0
:10EF600005F06CFD4FF49971B4E786F31188BFF397
:10EF70006F8F70BDD02B002026AF02007FAF020044
:10EF8000ACAC020094AF0200BAEA02008FEA0200C1
:10EF900078E9020053AF02006AAF0200F7B50446F9
:10EFA00016461D46EFF305837BB152EA05030CD0EC
:10EFB0002D492E4A2E48882305F040FD2D4805F0A6
:10EFC0003DFD2A48882105F030FDEFF3118720230D
:10EFD00083F31288BFF36F8F274802F00BFA60B9F2
:10EFE000264A27492248842305F028FD224925483E
:10EFF00005F024FD84212148E5E71F4802F01EFAB0
:10F00000A368D3B1013B1C48A36002F001FA68B9C0
:10F010001A4A1D4916484FF4997305F00FFD164919
:10F020001A4805F00BFD4FF49971E4E787F3118856
:10F03000BFF36F8F002003B0F0BD56EA05030BD17C
:10F040000D4802F0E5F90028E2D087F31188BFF3FC
:10F050006F8F6FF00F00EEE7CDE90065224639466D
:10F06000054801F049FDE6E7C2EB0200A2EB020011
:10F07000ACAC020078E90200D02B002026AF0200E1
:10F080007FAF020094AF020053AF02006AAF0200EC
:10F090002DE9F0410546EFF31188202787F3128808
:10F0A000BFF36F8F304802F0A5F9064660B92F4ACA
:10F0B0002F493048842305F0C1FC2B492E4805F028
:10F0C000BDFC8421294819E0274802F0B7F9002344
:10F0D000EFF3118287F31288BFF36F8F82F31188E9
:10F0E000BFF36F8F62B92549254A2248FA2305F0FC
:10F0F000A5FC244805F0A2FC2148FA2105F095FC66
:10F100002C68A5420FD074B12046FFF7ABFE04F186
:10F11000180002F08DFA6FF00A03A367204601F091
:10F120008BFA3346D4E70022AA608BB90E4802F06E
:10F130006FF998B90D4A14490E484FF4997305F0C8
:10F140007DFC0949114805F079FC4FF49971B9E744
:10F1500041460548BDE8F04108F0DAB888F3118867
:10F16000BFF36F8FBDE8F081D02B002026AF0200E7
:10F170007FAF0200ACAC020094AF0200BAEA02001A
:10F180008FEA020078E9020053AF02006AAF020082
:10F1900007B5074B0093074907484FF0FF334FF47B
:10F1A000006200F0CBFB002003B05DF804FB00BF61
:10F1B000109B0200005B0020981100202DE9FF4108
:10F1C000794E0446EFF31187202383F31288BFF3AF
:10F1D0006F8F764802F00EF968B9754A754976481E
:10F1E000842305F02BFC7149744805F027FC842129
:10F1F0006F4805F01AFC6D4802F020F9D4F88450ED
:10F20000F5B9022104F19C0007F0CCFF002840D0A2
:10F2100004F1940500220121284601F08DFF002809
:10F22000F8D1002302934FF0FF324FF0FF33CDE9C6
:10F230000023394604F18C025C4801F0F5FFC1E778
:10F24000D4F888202B68C4F88430954208BFC4F8ED
:10F250008830D4F89C30554843F00203C4F89C3001
:10F26000EB68D5F8048023F0040343F00103EB605E
:10F2700002F0CEF8F8B94E4A51494F484FF499730D
:10F2800005F0DCFB49494F4805F0D8FB4FF4997174
:10F29000AEE7D4F89C30DD06C3D5C4F89C004348E3
:10F2A00002F0B6F80028E6D087F31188BFF36F8F1D
:10F2B00004B0BDE8F08187F31188BFF36F8FB8F118
:10F2C000000F0AD140493C48404A4FF43D7305F0D5
:10F2D000B5FB3E484FF43D718BE72846C047EFF33E
:10F2E0001187202383F31288BFF36F8F2F4802F01A
:10F2F00081F800283FF471AF2C4802F09FF8EB68CA
:10F30000D90623F0010236D4EA60EB689A0716D5D5
:10F31000306823F00203EB6088B10368002270B10B
:10F3200041688D4235D103686ABB72683360904290
:10F3300000D17360002340F8083BFFF7B3FDD4F819
:10F340009C3023F00203C4F89C30DB0529D4D4F8A8
:10F350008450003D18BF0125144802F059F80028D8
:10F3600089D087F31188BFF36F8F002D3FF42AAF48
:10F3700000F0B2FF26E723F01103EB6005F1100067
:10F38000FFF790FDC1E713607368984208BF726091
:10F39000D0E702461BB1196818460B46BFE719466D
:10F3A000FAE70025D8E700BFD42B0020DC2B002093
:10F3B00026AF02007FAF0200ACAC020094AF0200A7
:10F3C00053AF02006AAF02005AEC020018EC0200D0
:10F3D00070B5C368C3F340069B0705460C460DD5C0
:10F3E0000122002104F1080007F0D0FE0023236071
:10F3F000054B65605A681AB9C3E90044304670BDD0
:10F4000014605C60FAE700BFD42B0020F8B5C36835
:10F410009A0704460E46C3F340054FD45F074FD406
:10F420000B680BB983680B60E368D80736D5A3680F
:10F430005BB925492548264A4FF4AC7305F0FEFA1E
:10F4400023484FF4AC7105F0F0FA336002253768B9
:10F4500067B3204B9A68D7F880309A4220D107F0E2
:10F4600006FF80F00100C0B2D7F89C30D907C3F383
:10F4700080021ED502B308B300232360D7F888307A
:10F4800083B9C7E92144384607F0A7FEE36843F093
:10F490000403E3603368A3602846F8BD0125D6E77E
:10F4A0000020E1E71C60C7F88840ECE76FF0150525
:10F4B00006E06FF0120503E01B07DDD56FF00F05C6
:10F4C00000233360E8E700BF39EC0200ACAC020077
:10F4D00018EC0200AC2B002073B50446EFF3118545
:10F4E000202383F31288BFF36F8F224801F082FF3D
:10F4F00068B9214A21492248842305F09FFA1D4911
:10F50000204805F09BFA84211B4805F08EFA194823
:10F5100001F094FF00230193D4E90423B3F1004FD9
:10F5200008BF012A11D0134801F072FFE0B9124A56
:10F53000154913484FF4997305F080FA0D491348A3
:10F5400005F07CFA4FF49971DEE70321201FA4F146
:10F55000100607F027FE0028E5D0A369019301A952
:10F560003046FFF753FFDEE785F31188BFF36F8F57
:10F5700002B070BDDC2B002026AF02007FAF02007E
:10F58000ACAC020094AF020053AF02006AAF0200BD
:10F5900038B50D46044648B90C490D4A0D489D231F
:10F5A00005F04CFA9D210A4805F03FFA39B90A499D
:10F5B000074A08489E2305F041FA9E21F3E71022EE
:10F5C000002109F0CBF8656038BD00BFF5EC020002
:10F5D00018EC0200ACAC02005AEC0200F8B5C368AB
:10F5E00003F00503002B06460C4614BF0127002735
:10F5F00029D085685DB91D491D481E4A4FF4E17345
:10F6000005F01CFA1B484FF4E17105F00EFA0122D7
:10F61000002104F1100007F0B9FD17492046FFF75B
:10F62000B7FFE36843F01003E360F3685B0712D5AC
:10F63000336823606BB9D5F8883033B9C5E9214404
:10F64000284607F0CAFD3846F8BD1C60C5F888405A
:10F65000F6E73460F4E7D5F884302360D5F88830D5
:10F66000C5F88440002BEBD1F0E700BF3FEC02006F
:10F67000ACAC020018EC0200BB71020038B50446C5
:10F68000EFF31185202383F31288BFF36F8F18489F
:10F6900001F0B0FE68B9174A17491848842305F0ED
:10F6A000CDF91349164805F0C9F98421114805F030
:10F6B000BCF90F4801F0C2FEE4680D4804F01F04D5
:10F6C00001F0A6FE68B90B4A0E490C484FF4997335
:10F6D00005F0B4F906490C4805F0B0F94FF49971FA
:10F6E000E4E785F31188BFF36F8F204638BD00BF74
:10F6F000DC2B002026AF02007FAF0200ACAC020082
:10F7000094AF020053AF02006AAF020037B50C4657
:10F71000019059B92849294A29484FF4BF7305F087
:10F720008DF94FF4BF71254805F07FF94B684BB94F
:10F730002449224A224840F27F1305F07FF940F223
:10F740007F11F0E7EFF31185202383F31288BFF3D5
:10F750006F8F1D4801F04EFE60B91C4A1C491848C5
:10F76000842305F06BF918491A4805F067F98421DC
:10F770001648D9E7144801F061FE204601A9FFF7B9
:10F7800045FE0446104801F043FE68B90F4A12498D
:10F790000B484FF4997305F051F90B490F4805F0E8
:10F7A0004DF94FF49971E3E785F31188BFF36F8F3B
:10F7B000204603B030BD00BFF5EC020018EC02009B
:10F7C000ACAC020054EC0200DC2B002026AF02009F
:10F7D0007FAF020094AF020053AF02006AAF020095
:10F7E0000146014807F033BD9811002070B50C4662
:10F7F000054658B93849394A39484FF4E77305F096
:10F800001DF94FF4E771354805F00FF9C368DB05C2
:10F8100009D53449314A324840F2CF1305F00EF988
:10F8200040F2CF11EFE707F022FD48B12E492B4AF5
:10F830002B484FF4E87305F001F94FF4E871E2E763
:10F840004CB92A49254A264840F2D11305F0F6F86A
:10F8500040F2D111D7E7EFF31186202383F312880A
:10F86000BFF36F8F224801F0C5FD60B9214A2249DC
:10F870001B48842305F0E2F81D49204805F0DEF816
:10F8800084211C48C0E71A4801F0D8FD28462146CB
:10F89000FFF7A4FE0546164801F0BAFD68B9154AFF
:10F8A00017490F484FF4997305F0C8F810491548E7
:10F8B00005F0C4F84FF49971E3E786F31188BFF3BC
:10F8C0006F8F3DB14FF0FF324FF0FF3304F1100066
:10F8D000FFF764FB284670BDF5EC020018EC02004F
:10F8E000ACAC020071EC0200AED20200A0EC02004F
:10F8F000DC2B002026AF02007FAF020094AF020095
:10F9000053AF02006AAF020008B558B90849094868
:10F91000094A40F2273305F091F8074840F22731B1
:10F9200005F083F8A022002108F018FF08BD00BFF1
:10F930003FEC0200ACAC020018EC0200F0B589B05C
:10F9400004460E9D58B92F492F4A30484FF455733D
:10F9500005F074F84FF455712B4805F066F849B975
:10F960002B49294A294840F2553305F067F840F2FF
:10F970005531F1E7D0F89C0010F0010009D025497D
:10F98000214A224840F2563305F058F840F25631E9
:10F99000E2E7C4E9210004F18C00C4E9230004F18A
:10F9A0009400C4E9250055B32879002840F20110DD
:10F9B00008BF0120C4F89C0000204FF0FF364FF034
:10F9C000FF37CDE90330CDE90100CDE90667124BE1
:10F9D0000094204600F0D6FB55B1296811B12046AD
:10F9E00007F04BFC6B791BB1A38943F00103A381A2
:10F9F000204600F06FFBC4F8804009B0F0BD012044
:10FA0000D8E700BFE8EC020018EC0200ACAC020042
:10FA1000EEEC0200B4EC0200BDF1010038B50D4679
:10FA2000044658B90F49104A10484FF4826305F054
:10FA300005F84FF482610C4804F0F7FF49B90C490E
:10FA4000094A0A4840F2114304F0F8FF40F211411C
:10FA5000F1E73022002108F081FE4FF480736560E9
:10FA6000E36038BDF4EC020018EC0200ACAC02001C
:10FA70005AEC0200F7B50C46019016461D4658B9DF
:10FA80003349344A344840F2874304F0D7FF40F208
:10FA90008741304804F0C9FF49B930492D4A2E4802
:10FAA0004FF4916304F0CAFF4FF49161F1E7EFF373
:10FAB0001187202383F31288BFF36F8F284801F04A
:10FAC00099FC60B9274A28492348842304F0B6FFEB
:10FAD0002349264804F0B2FF84212248DAE720486F
:10FAE00001F0ACFCE36813F01E0F27D155EA0602C3
:10FAF00016D1204601A9FFF789FC0446184801F0F9
:10FB000087FCE8B9174A1A4913484FF4997304F06F
:10FB100095FF1349174804F091FF4FF49971DCE702
:10FB200043F00803E360019BA36204F11000124953
:10FB300032462B4601F09CFC0124DFE70024DDE780
:10FB400087F31188BFF36F8F204603B0F0BD00BF6D
:10FB50003FEC020018EC0200ACAC0200F4EC020036
:10FB6000DC2B002026AF02007FAF020094AF020022
:10FB700053AF02006AAF0200D9F401000146014808
:10FB8000FFF778BF98110020F7B50C460190164694
:10FB90001D4658B93249334A334840F2AA4304F06B
:10FBA0004DFF40F2AA412F4804F03FFF49B92F49C9
:10FBB0002C4A2D4840F2AB4304F040FF40F2AB41E9
:10FBC000F1E7EFF31187202383F31288BFF36F8FE0
:10FBD000274801F00FFC60B9264A274922488423B0
:10FBE00004F02CFF2249254804F028FF84212148F5
:10FBF000DAE71F4801F022FC204607F0DFFA55EA59
:10FC0000060316D1204601A9FFF700FC0446184858
:10FC100001F0FEFBE0B9174A194913484FF49973F4
:10FC200004F00CFF1249174804F008FF4FF49971D3
:10FC3000DDE7E368144943F00803E360019BA36236
:10FC400004F1100032462B4601F012FC0124DEE7DD
:10FC500087F31188BFF36F8F204603B0F0BD00BF5C
:10FC60003FEC020018EC0200ACAC0200F4EC020025
:10FC7000DC2B002026AF02007FAF020094AF020011
:10FC800053AF02006AAF0200D9F4010001460148F7
:10FC9000FFF77ABF9811002038B5044658B92349B8
:10FCA0002348244A40F2CC4304F0C8FE214840F2E5
:10FCB000CC4104F0BAFEEFF31185202383F31288C0
:10FCC000BFF36F8F1C4801F095FB60B91B4A1C49BC
:10FCD0001748842304F0B2FE17491A4804F0AEFE18
:10FCE00084211648E5E7144801F0A8FB204607F0F8
:10FCF00065FA204607F078FA04460F4801F088FBC1
:10FD000068B90E4A10490A484FF4997304F096FEF8
:10FD100009490E4804F092FE4FF49971E1E785F32A
:10FD20001188BFF36F8F204638BD00BFF4EC02008E
:10FD3000ACAC020018EC0200DC2B002026AF020065
:10FD40007FAF020094AF020053AF02006AAF02001F
:10FD50002DE9F0410E46054658B93A493A4A3B4822
:10FD600040F2DD4304F06AFE40F2DD41364804F023
:10FD70005CFE49B93649344A344840F2DE4304F067
:10FD80005DFE40F2DE41F1E707F071FA044648B14A
:10FD900030492D4A2D4840F2DF4304F04FFE40F237
:10FDA000DF41E3E7EFF31188202383F31288BFF3E9
:10FDB0006F8F294801F01EFB60B9284A2849234863
:10FDC000842304F03BFE2449264804F037FE8421B6
:10FDD0002248CCE7204801F031FBEB6803F01F0319
:10FDE000002B14BF012700270AD0284607F0E6F9A8
:10FDF000284607F0F9F931462846FFF7E9FA0446A4
:10FE0000154801F005FB68B9144A17490F484FF42B
:10FE1000997304F013FE1049144804F00FFE4FF4D8
:10FE20009971D5E788F31188BFF36F8F3CB14FF01C
:10FE3000FF324FF0FF3306F10800FFF7AFF8384606
:10FE4000BDE8F081F4EC020018EC0200ACAC02005A
:10FE5000A0EC0200AED20200DC2B002026AF020094
:10FE60007FAF020094AF020053AF02006AAF0200FE
:10FE700008B583684BB90B490B480C4AE32304F0DF
:10FE8000DDFD0A48E32104F0D0FDD0E90032136023
:10FE90005A60027C0023C0E9003322F0020202749F
:10FEA000836008BDD2EA0200ACAC02008FEA020017
:10FEB0002DE9F8430546EFF31188202787F31288D0
:10FEC000BFF36F8F3A4801F095FA60B9394A3A4961
:10FED0003A48842304F0B2FD3549394804F0AEFDB8
:10FEE0008421344818E0324801F0A8FAEFF3118376
:10FEF00087F31288BFF36F8F83F31188BFF36F8F7F
:10FF000063B93049304A2D48FA2304F097FD2F4851
:10FF100004F094FD2C48FA2104F087FD2C68A542DA
:10FF200027D034B32046FFF7A3FF04F1180001F0F7
:10FF30007FFB0026B146C4F87890204600F07CFB99
:10FF40000136EFF3118387F31288BFF36F8F83F3CA
:10FF50001188BFF36F8F002BD3D02C68A54222D01D
:10FF60000CB32046FFF784FF04F1180001F060FB9A
:10FF7000E1E70F4801F04CFA68B90E4A14490F48FE
:10FF80004FF4997304F05AFD0949124804F056FDE4
:10FF90004FF49971A5E788F31188BFF36F8F00269E
:10FFA0003046BDE8F8830248414607F0B1F9F7E76B
:10FFB000E02B002026AF02007FAF0200ACAC0200B5
:10FFC00094AF0200BAEA02008FEA020078E9020068
:10FFD00053AF02006AAF02002DE9F04385B0054639
:10FFE0000F9C0F2C0E461F4645D12E4B9F4246D1EB
:10FFF000073222F007027F321099A98105F15803D8
:020000022000DC
:1000000022F03F02C5E91633042100233F2AC5E947
:100010000633AB602974AC73EB7306F14009A2F1AF
:10002000400805D883F31188BFF36F8F084602DFBD
:10003000B41821462846E4F7EBFD07300E9B20F06C
:100040000700A866C5E9189802930D9B0193241A2E
:100050000C9B009322463B4631462846E5F7FCF9C7
:1000600000236B65104B9B6803B1DB6EEB6620468B
:1000700005B0BDE8F08304F110031E2BB8D90B4A7C
:100080000B490C4840F24E2304F0D8FC0A482146A4
:100090006FF00F030E2204F0D1FC044840F24E2111
:1000A00004F0C3FC69E70100AC2B002009ED02005D
:1000B0002CED0200ACAC0200ACED02000123037495
:1000C00083810023C0E91833C366014B98607047F1
:1000D000AC2B002038B50446EFF31185202383F3C1
:1000E0001288BFF36F8F204801F084F968B91F4A66
:1000F0001F492048842304F0A1FC1B491E4804F03A
:100100009DFC8421194804F090FC174801F096F9F1
:10011000237C5B0710D504F1180001F089FA237CD9
:1001200023F004032046237407F0DAF829460E482A
:10013000BDE8384007F0ECB80B4801F069F968B940
:100140000A4A0E490B484FF4997304F077FC0649AC
:100150000B4804F073FC4FF49971D3E785F31188D1
:10016000BFF36F8F38BD00BFE42B002026AF020025
:100170007FAF0200ACAC020094AF020053AF0200AC
:100180006AAF0200F0B587B0DDE912760446EFF3FE
:10019000058575B119491A4A1A4840F21A3304F014
:1001A0004DFC194804F04AFC154840F21A3104F09D
:1001B0003CFC0595109D04950F9D03950E9D0295A1
:1001C0000D9D01950C9D0095FFF706FFB6F1FF3FD1
:1001D00008BFB7F1FF3F05D056EA070305D1204617
:1001E000FFF778FF204607B0F0BD3A46334604F1EA
:1001F0001800064901F03CF9F4E700BF54EB020097
:1002000009ED0200ACAC0200DDED0200590A02006B
:1002100070B504468689EFF31185202383F3128895
:10022000BFF36F8F224801F0E5F868B9214A2249EF
:100230002248842304F002FC1D49214804F0FEFBFF
:1002400084211C4804F0F1FB194801F0F7F8237CE5
:100250001A0716D5164801F0DBF868B9154A19498E
:1002600016484FF4997304F0E9FB1149164804F05D
:10027000E5FB4FF49971E4E785F31188BFF36F8FC5
:1002800070BD01222946204600F01CFAF307F7D57D
:100290000E4A0F49094840F2EB5304F0CFFB0D48DA
:1002A000214604F0CBFB094840F2EB51CAE700BFFE
:1002B000E42B002026AF02007FAF0200ACAC0200AE
:1002C00094AF020053AF02006AAF020009ED0200D2
:1002D00002EE02000DEE020008B5EFF3058373B1E4
:1002E00009490A4A0A4840F25B6304F0A7FB09483F
:1002F00004F0A4FB054840F25B6104F096FBBDE806
:10030000084000F033BB00BF54EB020009ED0200CF
:10031000ACAC020078E9020038B590F91020037CFB
:10032000002A01461BDA224A03F07F03904203743D
:1003300009D12049204A21483D2304F07FFB3D217B
:100340001D4804F072FBDC0707D51D491A4A1B48FB
:100350003E2304F073FB3E21F2E706F093FF194DB4
:100360002A46AB6852F8184F944200D004B9EC68A2
:100370008B4214D05BB91449144A1048EA2304F0A4
:100380005DFB134804F05AFB1048EA21D9E71A7CB8
:10039000D20604D1DA897F2A01D9A2692AB1A342FF
:1003A00002D0204600F0A0FF23466B6138BD00BF9D
:1003B0009810002055EE02002BEE0200ACAC0200BB
:1003C00076EE0200AC2B0020BBEE02008FEE0200A6
:1003D00078E9020070B590F91020037C002A49DB0F
:1003E000D90647D163F07F030374264B984209D1A5
:1003F00025492648264A352304F020FB2448352188
:1004000004F013FB234C2246E16952F8183F934253
:1004100007D1C0E900210860E0610FE09942F8D0FF
:100420001B68002BF5D093F90E6090F90E50AE4288
:10043000F4DD5968C0E9003108605860A56995424B
:1004400000D005B9E568A3685BB91349134A0F48A2
:10045000EA2304F0F3FA124804F0F0FA0F48EA2114
:10046000CEE71A7CD20606D1DA897F2A03D9AA6997
:100470000AB9636170BDAB4202D0284600F034FF78
:100480006561F7E79810002055EE0200ACAC020061
:100490002BEE0200AC2B0020BBEE02008FEE020020
:1004A00078E9020008B583684BB9094909480A4A46
:1004B000E32304F0C3FA0848E32104F0B6FA06F097
:1004C000E1FE037C23F0020303740023836008BD74
:1004D000D2EA0200ACAC02008FEA020008B5124A70
:1004E000936880B1197C11F0090F0CD10F49104AA3
:1004F0001048E32304F0A2FA0F4804F09FFA0C48D6
:10050000E32104F092FA6FF00A0199670B495867EA
:100510004B6843F080534B60002383F31188BFF393
:100520006F8F9368986F08BDAC2B00200CEF020012
:10053000E2EE0200ACAC020075EF020000ED00E05C
:1005400070B504460D46F9B9EFF30586E6B91A4BC6
:100550005A699B689A4217D000F05AFF78B9174A37
:100560001749184840F2731304F068FA21461648F8
:1005700004F064FA40F27311104804F056FA304661
:10058000BDE87040FFF7AABF204600F041FF68B900
:100590000A4A0B490B484FF4997304F04FFA21466D
:1005A000094804F04BFA4FF49971E5E785F3118897
:1005B000BFF36F8F70BD00BFAC2B002026AF0200D1
:1005C00053AF0200ACAC02006AAF020038B5184C61
:1005D000A168E0690B68814214BF1A46002249688D
:1005E0000B605960A368E1692AB9124AC3E9002186
:1005F0000B60E3610AE092F90E5093F90E00854218
:1006000012DD5168C3E900210B605360A569094BF5
:100610009D4200D005B9E568A3689D4202D02846F6
:1006200000F062FE656138BD8A42DED01268DBE709
:10063000AC2B0020C42B002038B50446EFF3118505
:10064000202383F31288BFF36F8F174800F0D2FE88
:1006500068B9164A16491748842304F0EFF912497D
:10066000154804F0EBF98421104804F0DEF90E4837
:1006700000F0E4FE2046FFF7ADFE0B4800F0C8FE98
:1006800068B90A4A0D490B484FF4997304F0D6F93A
:1006900005490B4804F0D2F94FF49971E4E785F36A
:1006A0001188BFF36F8F38BDE42B002026AF020006
:1006B0007FAF0200ACAC020094AF020053AF020067
:1006C0006AAF02002DE9F84F171E027C0CBF4FF0F5
:1006D00010094FF0080919EA020F04460E46884631
:1006E00028D149EA0203D20946D10374B9F1080FAF
:1006F0005FD04FF0000ADFF8C0B15B4653F8185FD7
:100700009D4200D00DB9DBF80C50DBF80830AB424D
:1007100002D0284600F0E8FDB9F1100FCBF81450D4
:1007200008D0204604F069FBBAF1000F02D06348FC
:10073000FFF7C4FC604B9B68A34240F0B080EFF32E
:100740000585002D40F0AB80A389DB0740F1838055
:100750005B4800F05DFE002858D15A4A5A495B4870
:100760004FF4997304F06AF95549594804F066F951
:100770004FF4997153480DE0564A03F07F039042BD
:10078000037409D15449554A50483D2304F056F9A1
:100790003D21524804F049F9DA0707D550494F4A3C
:1007A0004A483E2304F04AF93E21F2E706F06AFD8A
:1007B0009CE7A36813B12046FFF774FE04F118000C
:1007C00000F036FFA56D04F1580AAA4511D04FF08C
:1007D000000B75B12846FFF765FE05F1180000F023
:1007E00027FFC5F878B02846FFF7F4FDA56DAA45A8
:1007F000EFD1314B9B689C427FF47BAFEFF3058ACE
:10080000BAF1000A18BF4FF0010A74E786F31188A5
:10081000BFF36F8F85F31188BFF36F8F04231846E2
:1008200002DFEFF31188202383F31288BFF36F8F69
:10083000234800F0DFFD58B9224A2A49234884237F
:1008400004F0FCF81E49284804F0F8F8842191E7E8
:100850001B4800F0F3FD1A4800F0DAFD68B9194AA8
:1008600019491A4840F2731304F0E8F8144918487B
:1008700004F0E4F840F273117CE74046FFF72EFEE7
:10088000BFB11A491A4A114840F2471304F0D6F88A
:10089000184804F0D3F8164840F247117AE70848A0
:1008A00000F0B6FD00283FF458AF86F31188BFF37F
:1008B0006F8FBDE8F88F00BFAC2B002038120020EE
:1008C000E42B002026AF020053AF0200ACAC0200C4
:1008D0006AAF02009810002055EE02002BEE0200D5
:1008E00076EE02007FAF020094AF0200BFEF02007D
:1008F0009DEF0200CAEF020070B5164D2B4606466A
:1009000053F8184F9C4200D004B9EC68AB6863B947
:100910001149124A1248EA2304F090F8114804F0F1
:100920008DF80E48EA2104F080F81A7CD20604D132
:10093000DA897F2A01D9A2692AB1A34202D02046CE
:1009400000F0D2FC23466B6131460748BDE8704099
:10095000FFF7F6BDAC2B0020BBEE02008FEE0200CD
:10096000ACAC020078E90200E42B002070B5EFF394
:100970001186202383F31288BFF36F8F2D4800F078
:1009800039FD68B92C4A2D492D48842304F056F8C6
:1009900028492C4804F052F88421274804F045F8EF
:1009A000294C244800F04AFDA168E0690B688142A7
:1009B00014BF1A46002249680B605960A368E169B8
:1009C0002AB9224AC3E900210B60E3610AE092F9E7
:1009D0000E5093F90E00854223DD5168C3E90021D2
:1009E0000B605360A569194B9D4200D005B9E568BD
:1009F000A3689D4202D0284600F076FC0D48656150
:100A000000F006FD88B90C4A11490D4840F27313F5
:100A100004F014F807490F4804F010F840F273117D
:100A2000BBE78A42CDD01268CAE73046BDE87040C5
:100A3000FFF754BDE42B002026AF02007FAF020079
:100A4000ACAC020094AF0200AC2B0020C42B002001
:100A500053AF02006AAF020038B50446EFF31185C8
:100A6000202383F31288BFF36F8F1C4800F0C2FC71
:100A700068B91B4A1B491C48842303F0DFFF174950
:100A80001A4803F0DBFF8421154803F0CEFF13481A
:100A900000F0D4FCD4E90423B3F1004F08BF012ACD
:100AA00011D00E4800F0B4FC90B90D4A10490E4820
:100AB0004FF4997303F0C2FF08490E4803F0BEFFDC
:100AC0004FF49971E0E7A4F1180006F00DFCE8E797
:100AD00085F31188BFF36F8F38BD00BFE42B002072
:100AE00026AF02007FAF0200ACAC020094AF020060
:100AF00053AF02006AAF02002DE9F047DFF8D4A03F
:100B0000354D364B1746A842DAF808201A60DDE961
:100B1000089804460E460BD131493248324A40F219
:100B2000E91303F08BFF304840F2E91103F07DFF39
:100B3000EFF31183202383F31288BFF36F8F2846CE
:100B400000F058FC60B9294A29492648842303F05B
:100B500075FF2946274803F071FF84212348E5E704
:100B6000284600F06BFCDAF808503946284606F0B3
:100B700091FBB8F1FF3F08BFB9F1FF3F06D01E4916
:100B80004A46434605F1180000F072FC204600F08A
:100B90003FFC68B91949154A124840F2731303F033
:100BA0004DFF2146164803F049FF40F27311D5E787
:100BB000094800F02DFC40B910490C4A094840F2A0
:100BC000731303F03BFF0449ECE73046BDE8F04700
:100BD000FFF784BCAC2B0020E42B0020E82B002086
:100BE000ECEF0200ACAC02009DEF020026AF020069
:100BF0007FAF020094AF0200590A020053AF020017
:100C00006AAF02002DE9F04104460D46EFF311876B
:100C1000202383F31288BFF36F8F594800F0EAFB5B
:100C200060B9584A58495948842303F007FF54498A
:100C3000574803F003FF8421524818E0504800F061
:100C4000FDFB237C03F01F02002A0CBF01260026B7
:100C500062D103F07F0323744E4B9C4209D14E496D
:100C60004E4A4A483D2303F0E9FE3D214B4803F03C
:100C7000DCFE204606F006FB237C43F080036DB2C9
:100C8000DA07A573237407D54549444A3F483623FC
:100C900003F0D4FE3621E9E7DFF808814246D8F8B0
:100CA0001C1052F8183F934208D1C4E900210C608F
:100CB000C8F81C400DE08B42F7D01B68002BF4D025
:100CC00093F90E00A842F6DD5968C4E900310C60C2
:100CD0005C60D8F81840944200D00CB9D8F80C40A9
:100CE000D8F808309C4202D0204600F0FDFAC8F83F
:100CF0001440234800F08CFB00283AD1214A2A49AD
:100D000022484FF4997303F099FE1D49274803F0D8
:100D100095FE4FF499718FE79B0728D5A16841B9DB
:100D200023491A48234AE32303F088FE2148E3219C
:100D30009DE720466DB206F0A5FAA5730B689942AF
:100D400009D14B68C4E900131C604C60D1E74A68C4
:100D50009342F6D01B68002BF3D093F90E20AA42E1
:100D6000F5DD5A68C4E9003214605C60C1E7A57320
:100D7000BFE787F31188BFF36F8F3046BDE8F0817E
:100D8000E42B002026AF02007FAF0200ACAC0200D3
:100D900094AF02009810002055EE02002BEE0200E6
:100DA00076EE0200AC2B002053AF02006AAF0200C7
:100DB000D2EA02008FEA0200034648B9EFF3058247
:100DC00032B9064A51699268914201D0FFF786BB59
:100DD00083F31188BFF36F8F704700BFAC2B0020E7
:100DE000F8B506460C46EFF3058363B14049414A26
:100DF0004148332303F022FE404803F01FFE3D48E4
:100E0000332103F012FE50EA010303D1FFF764FA25
:100E10000020F8BDEFF31187202383F31288BFF37E
:100E20006F8F374800F0E6FA60B9364A36493248E3
:100E3000842303F003FE3249344803F0FFFD84218C
:100E40003048DEE7324D2E4800F0F8FA314BA86802
:100E5000186006F047FAA8682F4923463246183032
:100E600000F006FBAA68137C43F0040304461374E5
:100E7000234800F0CDFA68B9224A28491E4840F2BA
:100E8000731303F0DBFD1E49254803F0D7FD40F244
:100E90007311D5E7AB687FB11A7C12F0090F0BD143
:100EA0002049214A1448E32303F0C8FD1F4803F0FA
:100EB000C5FD1D48E321A4E76FF00A029A671C4AAA
:100EC0005F67536843F080535360002383F31188B6
:100ED000BFF36F8FAA68D2E90A12B2F1004F08BFC0
:100EE000994295D106F02DFA201A20EAE07090E799
:100EF00054EB020025F00200ACAC020078E90200DD
:100F0000E42B002026AF02007FAF020094AF020066
:100F1000AC2B0020E82B0020590A020053AF02003E
:100F20006AAF02000CEF0200E2EE020075EF020071
:100F300000ED00E070B506460D46EFF3058464B1A0
:100F40001049114A11485F2303F078FD104803F05F
:100F500075FD0D485F2103F068FDFFF741FFB5F116
:100F6000FF3F08BFB6F1FF3F1FBF47F6FF734FF4C7
:100F70007A72E0FB0234D80B14BF40EA44404FF0D1
:100F8000FF3070BD54EB020025F00200ACAC020053
:100F900078E90200024B03F11802C3E90622704708
:100FA000AC2B002038B5EFF31185202484F3128890
:100FB000BFF36F8F264800F01DFA60B9254A264915
:100FC0002648842303F03AFD2149254803F036FDE5
:100FD0008421204810E01E4800F030FAEFF305832A
:100FE00063B12049204A1D481F2303F027FD1F48F5
:100FF00003F024FD1F211C4803F017FD1C4B9A68C9
:10100000D37B012B0AD11B49174A1448234603F00E
:1010100015FD164803F012FD2146ECE7013BD373A2
:101020000B4800F0F5F968B90A4A13490B484FF428
:10103000997303F003FD0649104803F0FFFC4FF4D9
:101040009971C6E785F31188BFF36F8F38BD00BF74
:10105000E42B002026AF02007FAF0200ACAC020000
:1010600094AF020054EB020047F0020078E902005E
:10107000AC2B00206DF0020053AF02006AAF0200FB
:1010800010B5EFF31184202383F31288BFF36F8F21
:101090001C4800F0AFF968B91B4A1C491C4884235E
:1010A00003F0CCFC17491B4803F0C8FC1648842108
:1010B00003F0BBFC134800F0C1F9174B9A68D37BCF
:1010C0005BB91649164A12482E2303F0B7FC15489F
:1010D00003F0B4FC2E211248EAE7EFF3058151B189
:1010E00011490F4A0A482F2303F0A8FC0D4803F0CA
:1010F000A5FC2F21EFE70133D3732046BDE8104054
:10110000FFF7FABBE42B002026AF02007FAF0200FE
:10111000ACAC020094AF0200AC2B00209EF00200A9
:1011200047F0020078E9020054EB0200014B986896
:10113000704700BFAC2B00202DE9F84306468946D6
:101140001746EFF31188202383F31288BFF36F8FC4
:101150002C4800F04FF9054660B92B4A2B492C4822
:10116000842303F06BFC27492A4803F067FC8421A1
:10117000254814E0234800F061F93468A64235D0D0
:10118000002C35D0A368C4F8789067614BB9224928
:101190001F48224AE32303F051FC2048E32103F0D7
:1011A00044FCD4E9003213605A60227C002322F010
:1011B0000202C4E900332274A36004F1180000F0B5
:1011C00037FA204606F08CF80E4800F021F988B96D
:1011D0000D4A13490E484FF4997303F02FFC094947
:1011E000104803F02BFC4FF49971C1E70025EBE7A1
:1011F0002546E9E788F31188BFF36F8F2846BDE8DD
:10120000F88300BFE42B002026AF02007FAF02006E
:10121000ACAC020094AF0200D2EA02008FEA0200F6
:1012200053AF02006AAF0200D3B5DDE90667089C40
:10123000CDE90067FFF760FC1CB1034B9B685B695D
:10124000236002B0D0BD00BFAC2B0020027C12F0A6
:101250001F02034610D10A4988420DD00949086887
:1012600068B1D9897F2909D893F90E20064B1B68EC
:101270009A42B8BF00207047002070471046704760
:101280009810002038050020EC2B002008B568B12C
:101290000F4B98420AD303F11802904206D2C01AAB
:1012A0001822B0FBF2F302FB13034BB109490A48C1
:1012B0000A4A402303F0C2FB0848402103F0B5FB73
:1012C000074BC0105843074B01221A5408BD00BFFA
:1012D000B8120020F7F00200ACAC0200CFF0020020
:1012E000ABAAAAAA1734002070B50C4B0C4C1E7C7C
:1012F000FFF7ACFF182303FB06440546204600F029
:1013000097F9084B00229A553DB12A46EB17204623
:101310000549BDE8704000F0ABB870BDAC2B0020B3
:10132000B8120020173400208D12020038B5EFF3F8
:101330001185202383F31288BFF36F8F234800F0B9
:1013400059F868B9224A23492348842303F076FBDD
:101350001E49224803F072FB84211D4803F065FBFF
:101360001A4800F06BF81E4B1E4A9C681068A04299
:1013700013D1FFF7B9FF154800F04AF800BB144A33
:10138000194915484FF4997303F058FB0F49174852
:1013900003F054FB4FF49971DFE700211B7C1160CF
:1013A000134AD35C002BE6D02046FFF74FFF0028FE
:1013B000E1D0237CDB0601D1FFF708F92046D8E70E
:1013C00085F31188BFF36F8F38BD00BFE42B002079
:1013D00026AF02007FAF0200ACAC020094AF020067
:1013E000AC2B0020E82B002053AF02006AAF0200B4
:1013F00017340020006838B1044B1B7C00F0030058
:10140000C01A18BF0120704701207047AC2B002084
:10141000002302680360EFF30581074B986811B160
:10142000017CC90705D41B7C1843831A58425841D4
:1014300070470120704700BFAC2B0020024B1A7C84
:101440009B68134303607047AC2B0020024B186865
:10145000984208BF002070473C050020034B1B68E2
:101460000BB9FBF7A3BD0020704700BFF02B002095
:10147000B3F1FF3F08BFB2F1FF3F2DE9F84F04463B
:10148000994615469A4600F0B580D0F800B0BBF1F9
:10149000000F0CD059495A4A5A48662303F0CEFA35
:1014A000594803F0CBFA5648662103F0BEFA816032
:1014B000EFF31188202383F31288BFF36F8F534813
:1014C000FFF798FF074660B9514A52494D488423B7
:1014D00003F0B4FA4D49504803F0B0FA84214C4867
:1014E000E3E74A48FFF7AAFFB9F1000F4B4B25DBB2
:1014F000FFF7B4FF4A4A494B1268B2FA82F2451923
:101500004FEA521249EBE0795219D3E9005349F1FD
:101510000001C4E904215519064641EB030AFFF70F
:1015200095FFDFF800E1DEF804900346E3B9C4E973
:1015300000E9C9F80040CEF8044027E0D3E90001F3
:101540006FF00102131A4FF0FF3262EB01025B1BD6
:1015500062EB0902012B72F10001BCBF01235A4664
:10156000C4E904320027DAE7D3E9041CD4E90420F3
:101570008A4270EB0C0B2CDA891A5A686CEB00006B
:10158000C3E90410C4E9003214605C60FFF75EFF39
:1015900084420CD1224B1B684BB917B9FFF75EFF91
:1015A0000646304605F0B6FE0021FBF7D9FC174889
:1015B000FFF72EFFB0B9164A1B4912484FF4997332
:1015C00003F03CFA1149194803F038FA4FF49971C5
:1015D00085E7521A60EB0C004B45C4E90420A6D005
:1015E0001B68A3E788F31188BFF36F8F2846514625
:1015F000BDE8F88F0025AA46F8E700BFC6F2020052
:10160000A2F20200ACAC020078E90200F42B002048
:1016100026AF02007FAF020094AF0200D01200207C
:10162000F02B00203C05002053AF02006AAF0200FF
:10163000F8B50446EFF31186202383F31288BFF335
:101640006F8F3348FFF7D6FE68B9324A32493348C4
:10165000842303F0F3F92E49314803F0EFF9842194
:101660002C4803F0E2F92A48FFF7E8FE2268002A36
:1016700038D0FFF7EBFE2B4B5B689C4208D0D2E9D9
:101680000431D4E90475DB1941EB0501C2E90431E9
:10169000D4E9003200251360A0425A604FF00002E6
:1016A0004FF00043C4E90055C4E9042312D00024DC
:1016B0001748FFF7ADFE20BB164A1B4917484FF4E9
:1016C000997303F0BBF91249184803F0B7F94FF4C6
:1016D0009971C5E7FFF7C2FE05F01CFE2946FBF72E
:1016E0003FFCE4E7D4E90423B3F1004F08BF012A2B
:1016F00004D100224FF00043C4E904236FF0150425
:10170000D6E786F31188BFF36F8F2046F8BD00BF80
:10171000F42B002026AF02007FAF0200ACAC020029
:1017200094AF02003C05002053AF02006AAF0200F4
:101730002DE9F74FDFF82091DFF82081C9F800008C
:101740000246FFF783FE0D46044601264FF0004790
:10175000D8E900014FEAE27E5CB1D4E904BC5A4505
:101760007EEB0C0321DABBEB02036CEB0E06C4E943
:10177000043612184FF0000441EB0E012046C8E970
:101780000021C9F8004005F0C5FD2146FBF7E8FB44
:101790003348FFF73DFEF8B185F31188BFF36F8F33
:1017A00003B0BDE8F04FFFF7C1BD1BEB000041EBFC
:1017B000EB71C8E900014FF0000AD4E90032A168DA
:1017C000274813605A60C4E900AAC4E9046701917C
:1017D000FFF71EFE019978B9224A234923484FF4A6
:1017E000997303F02BF91E49214803F027F94FF4B0
:1017F00099711C4803F019F985F31188BFF36F8FB5
:1018000020468847EFF31185202383F31288BFF326
:101810006F8F1348FFF7EEFD58B9124A1549134868
:10182000842303F00BF90E49134803F007F98421D0
:10183000DFE70B48FFF702FEFFF708FE044618B18A
:10184000D0E904231343B8D0D9F80020A2EB0B024F
:10185000C9F800207CE700BFF02B0020D012002048
:10186000F42B002026AF020053AF0200ACAC020004
:101870006AAF02007FAF020094AF020010B5EFF331
:101880001184202383F31288BFF36F8F0B48FFF777
:10189000B1FD68B90A4A0B490B48842303F0CEF81E
:1018A00006490A4803F0CAF80548842103F0BDF848
:1018B0000248FFF7C3FD204610BD00BFF42B0020F7
:1018C00026AF02007FAF0200ACAC020094AF020072
:1018D00070B5EFF31186202383F31288BFF36F8F67
:1018E0001A48FFF787FD68B9194A1A491A4884232C
:1018F00003F0A4F81549194803F0A0F8842114480E
:1019000003F093F81148FFF799FDFFF7A7FD144A7C
:10191000D2E90045041945EBE0750C48FFF778FD66
:1019200068B90B4A0F490C484FF4997303F086F8D5
:1019300006490D4803F082F84FF49971DFE786F30A
:101940001188BFF36F8F2046294670BDF42B00200D
:1019500026AF02007FAF0200ACAC020094AF0200E1
:10196000D012002053AF02006AAF02002DE9F84FF9
:1019700005460C46924605F07AFC002863D1344BAC
:101980009B68DE6E002E5ED06F1E3D420BD031494B
:10199000314A3248182303F051F8314803F04EF829
:1019A00018212D481CE004344DD245F0040B06F1FB
:1019B0001408EFF31189202383F31288BFF36F8F8C
:1019C0004046FFF717FD68B9264A27492348842374
:1019D00003F034F84146254803F030F884212148CB
:1019E00003F023F84046FFF729FD224659463046CA
:1019F000D04704464046FFF70BFD68B9194A1C4919
:101A000016484FF4997303F019F84146194803F04A
:101A100015F84FF49971E2E789F31188BFF36F8FDE
:101A20008CB144F8046B7DB13C420DD00A4A124996
:101A30000A48352303F002F8214610482A4602F0EE
:101A4000FDFF3521ADE700242046BDE8F88F00BF3B
:101A5000AC2B002091AC0200E6F20200ACAC02001C
:101A6000C9AC020026AF02007FAF020094AF0200B3
:101A700053AF02006AAF02000AF302003CF3020017
:101A8000F8B500284CD050F8045C071F05F1140489
:101A9000EFF31186202383F31288BFF36F8F204664
:101AA000FFF7A8FC60B91F4A1F492048842302F0B1
:101AB000C5FF21461E4802F0C1FF8421194813E0EA
:101AC0002046FFF7BBFC2B4653F80C2F9A420DD053
:101AD00062B11849184A15484E2302F0AFFF174863
:101AE00002F0ACFF14484E2102F09FFF2846394611
:101AF000E1F774FC2046FFF78BFC68B9094A1049EE
:101B00000A484FF4997302F099FF21460D4802F0FC
:101B100095FF4FF49971D1E786F31188BFF36F8F6A
:101B2000F8BD00BF26AF02007FAF0200ACAC0200E0
:101B300094AF020064F30200E6F202008FF30200A9
:101B400053AF02006AAF02000146024A0020FFF7CD
:101B50000DBF00BFA1490200054B5A78022A04D1EB
:101B60001878C31F5842584170470020704700BF83
:101B7000F82B00200E4B0340B3F1607F06D1B1F586
:101B8000885F0CBF00206FF086007047B3F1707F54
:101B90000BD101F4E043B3F5005F06D111F4E06F1F
:101BA00014BF00206FF0860070476FF0860070470A
:101BB0000000C07F8A42F8B506460D4600F0D2808C
:101BC0006C4B22F4FF7121F00101994222F0FF07D2
:101BD0000FD003F588539F420BD022F47F7121F080
:101BE0000301A3F57063994203D003F5A0639F42FC
:101BF00027D1604B25F4FF7121F00101994210D0EB
:101C00005D4925F0FF038B420BD025F47F7020F057
:101C10000300A1F57061884203D001F5A0618B42F9
:101C20000FD115F0FF000BD0544B40F000709842DC
:101C300040F09A8082EA0500FF288CBF0020012036
:101C4000F8BD05F0FE43B3F1A06F11D102F0FE43E1
:101C5000B3F1A06F71D182EA050333F47E136CD126
:101C60002C046AD5C5F30540C2F305429042E4E76F
:101C7000B3F1407F61D102F0FE43B3F1407F5CD10C
:101C800082EA050030F47E1457D131462846FFF72A
:101C900071FF002868D13A4912F47C1001EA020170
:101CA00016D0B1F1607FC2F3054335D1D1B241F016
:101CB000007101F17E410339102901D8314C645C77
:101CC00015F47C1F2ED19C4214BF00200120B7E7E1
:101CD000B1F1607F0AD1D3B243F0007303F17E43C8
:101CE000033B102B44D82849CB5CDFE7B1F1707F70
:101CF00016D106F4E043B3F5005F37D1C6F30221F5
:101D000001238B4006F4E041B1F5005FD8D1C6F362
:101D100002260124B440D3E7B1F1707FD0D1F1E7BE
:101D20000346CDE718B9C5F30541A1421AD02904ED
:101D300003D5C5F3054098427FE725F47F03B3F14F
:101D4000106F0AD102F0FE43B3F1106F0CD10F48AF
:101D5000104040F01060A842B6E70D4B9D4203D101
:101D6000AF42B1E701206BE7002069E70346C9E70E
:101D700003469BE70002000600130006FF00000276
:101D80000000C07F64F5020064F502000000FFF669
:101D90000001000A37B505460C46FFF7DDFE78B1B5
:101DA000002301930A46084801AB2946FCF7F8F8DE
:101DB00020B9019BA34218BF6FF0930003B030BD60
:101DC0006FF08800FAE700BFFC2B0020F0B5044656
:101DD000084624F47F01B1F1106F87B026D1456821
:101DE0002D0A00F1200121D1068806F44F45B5F5F2
:101DF000824F1BD10F4D104F254045F01065BD425D
:101E000014D1F6B2122E11D14588B5F5807F0DD1CF
:101E10000E9D04950D9D03950C9D0092CDE9013515
:101E20002346426E06F0BAF807B0F0BD6FF08500A9
:101E3000FAE700BF0000FFF6000002092DE9F843B1
:101E4000884617461C4600F0D5F90546002844D1BF
:101E5000D8F80060B6F8009009F4E043B3F5804F7D
:101E6000B36808BF27F0010737EA03032DD1A4B3F5
:101E7000244B24F4FF7222F001029A4210D0224A2D
:101E800024F0FF0393420BD024F47F7121F003016F
:101E9000A2F57062914203D002F5A06293421FD175
:101EA00014F0FF0304D0194A43F0007393421ED08C
:101EB000F16822464846FFF77DFE074668B931695A
:101EC00022464846FFF776FED0B96FF0840500231E
:101ED000C8F80030304605F05BFF2846BDE8F883BF
:101EE00004F0FE43B3F1407F04D12304E0D56FF04A
:101EF0008605ECE7B3F1A06FF7D0044B9C42D6E720
:101F00003D46EAE70002000600130006FF0000025B
:101F100038B500F0FE43B3F1407F04460D4602D0D1
:101F20006FF0860038BDFFF725FE0028F8D114F4C5
:101F30007C1F18D0C4F30543032B137022D9224A07
:101F40002240B2F1607F31D1E4B244F0007404F178
:101F50007E44033C102CE3D81C4A125D9342DFD828
:101F6000202BDFD90EE0184B2340B3F1607F0FD157
:101F7000E3B243F0007303F17E43033B102B04D91B
:101F8000002313706FF08500CCE71149CB5CD3E7D9
:101F9000B3F1707FF4D101F4E043B3F5005FEFD10A
:101FA000C1F3022101238B40DBB2C5E7B2F1707FA0
:101FB000B6D105F4E042B2F5005FB1D1C5F3022518
:101FC0000122AA40CAE700BF0000C07F64F50200FA
:101FD00064F5020007B5002300911A46024905F096
:101FE000F8FD03B05DF804FB1C9B020010B5114C1A
:101FF0002378580744BF03F0FB032370990705D5E6
:1020000000F096F8237823F00203237063781BB165
:10201000094A002363605360002307486370082166
:1020200000F0F8FB2378DA0744BF23F001032370A4
:1020300010BD00BFF82B0020FC2B002038B5FFF7A7
:102040008BFDD8B9124C2378DA075CBF43F001034B
:1020500023709D0707D400F063F8237843F0020350
:102060002370054688B9627832B9D90704D5094981
:1020700062604A6002226270580702D50025284635
:1020800038BD43F004032370F8E7FFF7AFFFF6E72E
:10209000F82B0020FC2B002000F140420F2A30B525
:1020A0000CD81E4B682404FB02331A7E022A02D18C
:1020B0005A69824226D06FF08B001CE0421E6FF0FE
:1020C00040439A420ED2154A00241346157E022D33
:1020D00002D15569854212D00134102C02F16802F8
:1020E000F4D1E8E700F1004303F58033B3F5704F16
:1020F000E9D36FF0870030BD6FF09600FBE76822F0
:1021000002FB04331A7E022AF6D1DA69501CF3D09E
:102110000132DA6100200B60EDE700BF042C0020E3
:10212000024B012283F8802600207047042C0020F7
:102130002DE9F0410A4C002526464FF001080327FF
:10214000C4F81C8027762046013505F0A3FA102D2F
:1021500004F16804F4D1002386F88036BDE8F081EC
:10216000042C0020F8B5214D95F8803606460F4620
:10217000002B34D000242B462246197EF9B13CB9FD
:10218000022905D1D96919B91979002918BF1C4646
:102190000132102A03F16803EFD114B96FF08C00FB
:1021A0000BE0237E022B04D1E3695A1C1CBF0133D0
:1021B000E361204605F06EFA10B100240DE01C46E4
:1021C000237E7BB90123237636B1094B651BED10C5
:1021D0005D4305F18045356000203C60F8BD6FF03F
:1021E0008800EAE76FF09600E7E700BF042C0020C4
:1021F000C54EECC438B5094B00250D6093F8803608
:1022000043B1FFF749FF10F18C0F02D10D606FF061
:10221000870038BD6FF08800FBE700BF042C00206A
:1022200010B500F0FE44B4F1A06F07D0B4F1806F98
:1022300001D0094C00E0094CA04202D06FF08500AB
:1022400010BD0120B1F5105F1070F7D10BB900205F
:10225000F6E702221A70FAE70002C00300444004C5
:102260007FB5036816460E4A23F47E1393420D464B
:1022700013D16946043006F069F9044620B93246A4
:102280006946284606F043FA6846102100F0C2FA73
:10229000204605F05DF904B070BD6FF08800FAE7E4
:1022A0000002C00310B5036804464BB1094A23F489
:1022B0007E13934206D1043000F0D6FA0023236047
:1022C000002010BD4022002106F048FA6FF088007F
:1022D000F7E700BF0002C0032DE9F843D0F80090F3
:1022E00005460E461746B9F1000F30D123F47E148F
:1022F0000360184B9C420FD100F10408404606F0E1
:102300005BF8318872884B46204605F071FD014626
:1023100058B96FF0850416E04022494606F01EFACF
:102320006FF085042046BDE8F883404600F0B8FA17
:1023300020B972883946404606F05DF805F008F984
:1023400004460028EED02846FFF7ACFFEAE76FF01E
:102350008804E7E70002C00310B503685BB1074CCF
:1023600023F47E13A34206D1043006F06AF8BDE8D8
:10237000104005F0EDB86FF0880010BD0002C003FA
:10238000043004289ABF034B33F910006FF0830028
:10239000704700BFF4A80200014B05F0DABE00BF91
:1023A000C49B020070B5144688B006460D46204610
:1023B00021460C4A05F02BFF224621466846FFF7CE
:1023C000EBFF6A4631463046FFF7E6FF2246694694
:1023D0006846FFF7E1FF6A4629462846FFF7DCFF1B
:1023E00008B070BDC49B020030B5044689B005F04A
:1023F00075FE0C4A2146684605F008FE0121054697
:10240000684605F0E7FD6A462146684605F0FEFD90
:102410002DB1003818BF0120404209B030BD4FF047
:10242000FF30FAE7809B020030B589B0044605F022
:10243000EDFD21460546054A684605F0D1FD2A46D0
:102440006946204605F0F9FD09B030BDC49B020085
:1024500070B5044690B00D461146164605F03EFE96
:10246000234A214608A805F0D1FD012803D04FF0EA
:10247000FF3010B070BD1146204605F0A7FE06F1F2
:102480002001284605F02AFE194A294608A805F029
:10249000BDFD0128EBD11146284605F097FE2A46DE
:1024A00029466846FFF778FF2246214608A8FFF72D
:1024B00073FF08A922460846FFF76EFF08A92246C7
:1024C0000846FFF7B1FF08A922460846FFF7ACFF10
:1024D00008A922460846FFF7A7FF08A90846044BAB
:1024E000044A05F021FE08A9684605F0B7FDC0E7DB
:1024F000C49B0200609B020070B598B004460D4674
:1025000008A811461646FFF747FF344B08AA214694
:10251000684605F009FE08AA214610A8FFF784FFC7
:1025200010AA694608A8FFF737FF08AA11466846AF
:102530002A4B05F0F9FD294B08AA6946684605F0C3
:10254000F3FD2A46294610A8FFF726FF10AA234BC1
:102550001146104605F0E8FD10AA214608A8FFF72D
:102560001BFF08AA1D4B1146104605F0DDFD10AA01
:1025700011461046FFF710FF10AA184B11461046DF
:1025800005F0D2FD6A4669462046FFF705FF08AA16
:1025900021462046FFF748FF08AA21462046FFF7BC
:1025A00043FF324629463046FFF7F6FE0B4B3246D4
:1025B0003146304605F0B8FD224608A92846FFF707
:1025C00033FF6A4629462846FFF7E6FE10AA294649
:1025D0002846FFF729FF18B070BD00BFC49B02005A
:1025E0002DE9F04FA3B00C462C9E3149054692468A
:1025F00002A83246994605F009FDD6F800B03146EA
:102600000BF0010202A80DF1480805F016FD0021AB
:10261000404605F0DFFC4A4641460AA8FFF704FFA2
:1026200001225146284605F008FD01224946204670
:1026300005F003FD1F4A01211AA805F0DDFD6FEA30
:102640000B0202F001020AA9204605F0F6FCFF2762
:102650007B0922AA02EB830307F01F0253F8806C68
:10266000D64086EA0B06F24302F001024946404694
:1026700005F0E3FC06F001020AA9404605F0DDFC86
:102680001AAA21462846FFF737FFCDF800805346A7
:102690001AAA2146284605F0FCFD013FD8D11AAA06
:1026A00021462846FFF77EFE23B0BDE8F08F00BF2D
:1026B000809B0200C49B02002DE9F74306460D46AD
:1026C000174698464FF004092021304605F042FE97
:1026D00080B931462846FFF787FE044638B9084BD3
:1026E000084A009541463846FFF77AFF04E0B9F101
:1026F0000109E9D14FF0FF34204603B0BDE8F08373
:10270000209B0200409B020030B599B00D4610ABF3
:10271000694608AAFFF7D0FF20210446684600F06A
:1027200079F86CB9084A08A9284605F0A0FD064AC0
:1027300010A905F1200005F09AFD204619B030BD22
:102740004FF0FF34F9E700BFC49B020070B5AAB098
:1027500002AD064628461446FFF746FEC8B9224693
:1027600012A90AA8FFF774FE0446A8B90AAA22A96A
:102770001AA8009512ABFFF733FF094A1AA9304691
:1027800005F075FD2846202100F044F820462AB0C7
:1027900070BD6FF00204F5E76FF00104F2E700BFCF
:1027A000C49B020070B59AB002AE05463046FFF7F2
:1027B0001BFE0446C0B90E4B0E4A009612A90AA889
:1027C000FFF70EFF2021304600F024F80A4A0AA93C
:1027D000284605F04CFD084A12A905F1200005F035
:1027E00046FD20461AB070BD6FF00204F9E700BF45
:1027F000209B0200409B0200C49B0200014B1B680F
:10280000184700BF48050020014B1B68184700BF50
:102810004405002010B50A46044619B1024B0021B8
:102820001B68984710BD00BF089C0200F0B50C4B18
:102830000C4E0446586800B9F0BDC579C5F384054F
:1028400056F825502D78A54208D1457905F00F0797
:10285000B1EB871F02D1B2EB151FEDD00833E9E7CA
:10286000109C02000C9C020010B50446A8B1806BBD
:1028700010B1242105F096FD606B40B12368074A32
:10288000DB79C3F3840352F823305B699847204611
:102890003C21BDE81040FFF7BDBF10BD0C9C0200FD
:1028A00038B505460C46A9B13C22002105F056FF7B
:1028B000E3790A4AC3F3840352F823301B6913B93E
:1028C0002C60002038BD984768630028F8D16FF06D
:1028D0008C00F7E76FF08600F4E700BF0C9C020065
:1028E00070B4DCB2012C25D804681CB3E57905F07E
:1028F0000305012D05D8657905F00F05B2EB851F9D
:1029000018D142600372E5790C4E406BC5F3840523
:10291000012B56F8255008D0637903F0F004302CD1
:1029200003D003F0E003402B02D1AB6870BC184722
:10293000EB68FBE76FF0860070BC70470C9C0200F0
:10294000F0B40468049F1CB96FF08600F0BC7047B7
:1029500000243C6006683EB3347914F01F0423D091
:10296000767906F0F006102E11D1A2421ED13A60FF
:1029700002680F4CD279C2F3840254F822205468C2
:102980000A46A44690F90810406BF0BC6047994293
:1029900008D1C369002BD7D1B2FBF4F304FB132297
:1029A000002AD1D10348D1E70348CFE70348CDE758
:1029B0000C9C0200809FFFFF809CFFFF809DFFFF1B
:1029C00070B50C230024CD5822462EBA42EA4602A6
:1029D00012BAC250043B1A1DC5F3C014F3D1084B00
:1029E0001A680B7882EAD31253085B4252421343AF
:1029F000DB17C27B03F087035340C373002070BD15
:102A000088320020C02AF0B544D0B2F5807F43D090
:102A1000802A40F0BA800A2303600346002452094A
:102A200043F8044F01EB820251F8044B43F8044F82
:102A30008A42F9D103680C2B30D00E2B5ED00A2BC2
:102A400026D1534D534900F1A006426955F8044B75
:102A50008768C2F307237C40CB5C6340140E1030C0
:102A60000C5D83EA0443D4B20C5D83EA0463C2F3D1
:102A700007440C5D83EA042350F8044C83606340F0
:102A80000468C36063405A40036142618642DCD1FE
:102A90000020F0BD0C23BFE70E23BDE73C4C3D49B1
:102AA00000F1C005C26954F8046B8768C2F30723BC
:102AB0007E40CB5C7340160E18308E5D83EA064371
:102AC000D6B28E5D83EA0663C2F307468E5D83EA63
:102AD000062350F80C6C8360734050F8086CC36098
:102AE000734050F8046C036173400668436173409F
:102AF0005A408361C2618542D4D1C9E7244D25493A
:102B000000F1E006446A55F8042B8768C4F30723F4
:102B10007A40CB5C87695340220E20308A5C83EA7E
:102B20000243E2B28A5C83EA0263C4F307428A5C2E
:102B300083EA022350F8142C8360534050F8102C81
:102B4000C360534050F80C2C03615340DAB2436128
:102B50008A5C7A401F0ECF5D82EA0762C3F30727C3
:102B6000C3F30743CF5DCB5C82EA072282EA0343CB
:102B700050F8042C836153400268C36153405C40A9
:102B8000036244628642BDD182E76FF01F0080E796
:102B9000609C020075F602002DE9F04FC9B002AD4D
:102BA000044628460E46174605F0A6FD002331468A
:102BB00063603A462846FFF725FF0646002835D1D0
:102BC000029F039B3448DFF8D4C0276004A903EBBD
:102BD000870301EB830251F82330A3605368E3605D
:102BE00093682361D368636104F1180E103A7B1E69
:102BF000984671469146B8F1000F20DC002F4FEA4D
:102C00000313C8BF1C46C3F10003D8BF002302EB67
:102C10000300D8BF00240EEB0401D3584EF8043053
:102C200043684B6083688B60C368CB6002A84FF435
:102C30008C71FFF7EFFD304649B0BDE8F08F01F130
:102C40001004A9F1040B01945BF8044F250E1CF845
:102C5000055050F825A0E5B21CF8055050F8255055
:102C600085EA3A2AC4F30725C4F307441CF8055043
:102C70001CF8044050F8255050F824408AEA356585
:102C800085EA344541F8045B019CA142DCD108F19E
:102C9000FF38A9F11009AEE7889C020075F6020022
:102CA0002DE9F04F012993B08C469E4600F27483C3
:102CB0004368176856689568D46850F8082B4FEA3F
:102CC0006208990008F1FF38BCF1000F40F0BC81A8
:102CD000421850F8233087EA030A5368734002937E
:102CE00093686B400393D3686340DDE90204049367
:102CF0001E46D34B3032554652E9069BCDF814B0F0
:102D000052F810BCCDF818B052F80CBCCDF81CB07D
:102D100052E9081752F808BCCDF820B0B8F1000FFE
:102D200052F804BCCDF824B002F1200200F3CA80AE
:102D3000BCF1000F03D1DDE90204049E55465FFAA1
:102D400085FC020E53F82CC053F8222081EA0C01B6
:102D500081EA3221C6F307225FFA80FC53F8222071
:102D600053F82CC081EA3261C4F3074287EA0C07AA
:102D700053F8222081EA3241220E5FFA84FC53F894
:102D8000222053F82CC00E9187EA3227C5F3072280
:102D900089EA0C0953F8222087EA3267C6F3074212
:102DA000C4F3072453F8222053F8244087EA32471B
:102DB000320EF6B253F8222053F826600F9789EAB4
:102DC0003229C0F30722C0F3074053F8222053F8FA
:102DD000200089EA3269C5F307422D0E53F82220FC
:102DE00053F82550974B89EA3248059ACDF8408030
:102DF000724082EA352585EA346484EA30403C0E2C
:102E0000069A1D5D1190CCB21C5D544084EA0564A5
:102E1000C0F30725079A5D5D84EA0524C8F30745DA
:102E20005D5D84EA05444FEA18650A945E5DFDB273
:102E30005D5D554085EA0665C1F307269E5D85EA1E
:102E40000625C0F307469E5D85EA0645060E0B95EE
:102E500013F806C0089ACEF800405FFA88F6C0B2B0
:102E60009E5D564086EA0C66C7F3072C099A13F854
:102E70000CC086EA0C26C1F3074C090E13F80CC0EF
:102E800086EA0C4613F801C0195C0C965140C8F351
:102E90000722C7F307479A5CDB5D81EA0C6181EA90
:102EA000022282EA03430D930AA8CEF80450CEF81A
:102EB0000860CEF80C302021FFF7ACFC002013B0E6
:102EC000BDE8F08F4FEA106C08F1FF3853F82CB0D2
:102ED0005FFA85FC53F82CC081EA0C0CC6F307217D
:102EE0008CEA3B2C53F821108CEA316CC4F3074177
:102EF00053F821108CEA314C210E53F821B0C1B2A5
:102F000053F821107940C5F3072781EA3B2153F894
:102F1000277081EA3761C6F3074753F8277081EAC3
:102F20003741370EF6B253F827B00191E7B253F8A4
:102F3000266053F82770059989EA0707C0F3072927
:102F400087EA3B2753F8299087EA3969C5F3074791
:102F50002D0EC4F3072453F8255053F8244053F89A
:102F60002770C0F30740714053F8200081EA3526EE
:102F7000019986EA34665FFA8CF486EA3046080ED8
:102F800053F82450069953F82000694081EA30250F
:102F9000C6F3072089EA374753F82000079985EAE6
:102FA0003065C7F3074053F8200085EA3045380EF6
:102FB00053F820409DF8040053F82000414081EA76
:102FC0003420CCF3072453F8244080EA3460C6F35D
:102FD000074453F8244080EA3440340EF6B253F8E4
:102FE0002490FCB2C7F3072753F82440089953F8FC
:102FF000266053F82770614081EA39240199C1F3B2
:103000000729099953F8299084EA3964CCF30749D0
:103010004FEA1C6C714053F82CC053F8299081EA98
:103020003C260199C1F3074186EA376653F821101F
:1030300084EA394486EA31464FF0010C5CE600BF71
:10304000889C020075F5020050F82330D44A0144F0
:103050007B4002934B68734003938B686B400493EF
:10306000CB68DDE903056340029C059330311E46C1
:103070004FF0000C51F810BCCDF818B051F80CBC52
:10308000CDF81CB051E9083751F808BCCDF820B094
:1030900051E906A9B8F1000F51F804BCCDF824B0ED
:1030A00001F1200100F3BA80BCF1000F03D1DDE98A
:1030B0000305059E029C5FFA84FC310E52F82CC079
:1030C00052F8211083EA0C0383EA3123C0F307216D
:1030D0005FFA80FC52F8211052F82CC083EA316369
:1030E000C5F3074187EA0C0752F8211083EA314300
:1030F000210E0E9352F8211087EA3127C5F30721DC
:1031000052F8211087EA3167C6F3074152F82110BF
:1031100087EA3147E9B22D0E52F8211052F82550B6
:103120000F978AEA010C010EC0F3074052F82110F4
:1031300052F820008CEA312CC6F30721F6B252F87F
:10314000211052F826608CEA316CC4F30741C4F3B5
:10315000072489EA060652F8244052F82110914AC1
:1031600086EA352585EA346484EA3040040E069EFA
:10317000155D1190DCB28CEA3141145D1091744000
:1031800084EA0564C7F30725555D84EA0524C1F385
:103190000745555D84EA05481D0E079C565DCDF830
:1031A0002880FDB2555D654085EA0665C1F30726B6
:1031B000965D85EA0625C0F30746965D85EA0645D5
:1031C0003E0E0B9512F806C0089CCEF80080CEB2D9
:1031D000090E965D664086EA0C66C0F3072CC0B205
:1031E00012F80CC086EA0C26C3F3074CC3F307237E
:1031F00012F80CC0D35C86EA0C4612F801C0115CD0
:1032000009980C96C7F307474140D25D81EA0C61EB
:1032100081EA032383EA02430D9345E64FEA166CE5
:1032200008F1FF3852F82CB05FFA84FC52F82CC039
:1032300083EA0C0CC0F307238CEA3B2C52F82330B2
:103240008CEA336CC5F3074352F823308CEA334CD5
:10325000C3B252F823305F40230E52F8233087EA7E
:103260003327C5F3072352F8233087EA3367C6F3C1
:10327000074352F8233087EA33430193030EC0F328
:10328000074052F823B052F82000079FEBB22D0EF2
:1032900052F8233052F825508AEA0303C6F3072A6E
:1032A000F6B252F82AA052F8266083EA3B2383EA5A
:1032B0003A6AC4F30743C4F3072489EA060652F8BE
:1032C000244052F8233086EA352686EA346686EAB8
:1032D00030465FFA8CF08AEA334352F82040069871
:1032E00060400446300E52F8200084EA30240198F1
:1032F000C0F3072052F8200084EA3064C3F307408B
:1033000052F8200084EA30444FEA1C6052F8205002
:103310009DF8040052F82000474087EA3520C3F3A7
:10332000072552F8255080EA3560C6F3074552F864
:10333000255080EA3540019D2D0E52F82590DDB2D2
:103340001B0E52F82550089F52F823306F4087EA31
:103350003925C6F30729F6B252F8299052F82660AB
:10336000099F85EA3965CCF30749CCF3072C7740F0
:1033700087EA332652F82C3052F8299086EA3366D1
:10338000019BC3F3074785EA394552F827304FF0D0
:10339000010C86EA33466DE66FF086008FE500BFCC
:1033A00088A0020075F602000CB430B58BB004465C
:1033B0000D462022002102A805F0D0F902238DF845
:1033C0000A30002D0C4B0393069412DB01D06B1EC8
:1033D0001C440FAA0E99079402A8019200F00EF85F
:1033E00015B1069B00221A700BB0BDE8304002B048
:1033F00070470024EDE700BF618902002DE9F04F1E
:103400008BB04368009383789C078046924640F1D6
:10341000F98000250878002800F0F68025280AD0D9
:103420004B1C019301354146009B98470028C0F290
:10343000E3800199EEE74E788B1C252E0193F1D0A5
:103440000027B9463C460A221F2C22D8A6F12003A9
:10345000102B20D8DFE803F0141F1F1A1F1F1F0BAB
:103460001F1F1F121F171F1F090044F00104019B9B
:1034700013F8016B0193002EE6D13AE044F0020408
:1034800044F00404F3E744F00804F0E744F01004C7
:10349000EDE77F2C24D8A6F13003092B08D860066D
:1034A0004EBF02FB073702FB093944F02004DEE778
:1034B0002A2E0DD161065AF8043B53D4002BA7BF26
:1034C00044F020049946C3F1000944F02804CEE7F3
:1034D0002E2E05D1630600F1978044F04004C6E724
:1034E0006C2E2ED028D8682E32D06A2E37D04C2E93
:1034F00035D0002F46F02003B8BF24F04004A3F1DC
:103500006502BCBFA4B20027022A01D9612B2BD1CE
:103510000AF1070A2AF0070A9C4E0AF1080A07274F
:10352000210760D506EB070B34465C455DD1AE1B29
:10353000A219A9EB070959E1742E98D07A2E96D0DA
:10354000D7E7260648BF44F4007444F080048EE7B1
:10355000E00548BF44F4007444F4807487E744F401
:10356000207484E71F4682E7A6F16302122A00F264
:10357000D880DFE812F013004D00D600D600D60048
:10358000D6004D00D600D600D600D600D600E80002
:10359000D100D600D6001A00D600A0005AF8043B8D
:1035A0008DF81030012704AEBAE75AF8046B784B57
:1035B000002E08BF1E4614F0400F14BF39464FF0CE
:1035C000FF31304605F0E2F80746A9E7009B414687
:1035D0002020984700280FDB013CA742F6D34D443A
:1035E0002D1BA1469EE74C46F7E714F8010B009B04
:1035F00041469847002898DA98F8023043F00403CF
:1036000088F802304FF0FF3528460BB0BDE8F08F48
:10361000220630D5A3052AD50AF1070A2AF00703A6
:103620009A4659685AF8080B24F0100B00291FFA23
:103630008BFB2FDA404261EB41014BF4806B04AC11
:103640000A23224605F0AEF81BF0400FA0EB04025F
:1036500000F08E802BF001049742A4B240F38F80DB
:10366000002E40F08E802BF01104A4B21DE05AF819
:10367000040BC117D8E7E0055AF8041B01D408462B
:10368000F7E7A2054BBF48B208B241F3C01141F3BE
:10369000C031C9E750EA0103D1D16306CFD5002F6D
:1036A000CDD124F01104A4B23A463B4640F2064183
:1036B0000C4262D124E024F01004A4B20A2314F0D6
:1036C000800243D014F400711FBF0AF1070A2AF0E8
:1036D00007029246516814BF5AF8080B5AF8040BB7
:1036E00050EA01023ED124F0160B62061FFA8BFB52
:1036F0003CD5002F3AD124F01704A4B23A463B46F9
:1037000021075AD4E10705D5994572DDA9EB0303DA
:103710009F184B469B464AE044F01004102378263D
:10372000CDE7782B04D1C6F1780343F01003C6E748
:10373000009B4146252098470028FFF65DAF0235E3
:103740004146304670E608230026B8E714F480713D
:103750005AF8040BC4D014F400711ABFC0B2114659
:1037600080B2BDE724F006041FFA84FB04AC68E7CE
:1037700013465C46E10699D52EB90133C0E71346DE
:10378000F8E73B46F6E70233BAE700BFD4F302009E
:10379000CDF30200CDE902324146009B202098473C
:1037A0000028FFF629AFDDE902320BF1010BD94504
:1037B000F0DCEB1A03EB0B055B46E10627D5CDE900
:1037C00002324146009B302098470028FFF614AF94
:1037D000DDE902327EB901352F44791B8A4229DBAB
:1037E000144604AE9CBB2A44A9EB03091546914438
:1037F00042E017468EE7CDE90232023541463046B7
:10380000009B98470028DDE90232E5DAF4E640F251
:1038100006410C42E0D014F0020F14BF2B202020F0
:1038200014F4806FCDE9023205F10105414618BF5D
:103830002D20E5E7CDE902324146009B3020984734
:103840000028DDE9023205F10105C6DAD4E6013CC3
:10385000CDE90232305D009B414698470028DDE902
:103860000232BFDAC8E6009B414620209847002874
:1038700005F10105FFF6C0AEA9EB0503002BF2DC54
:10388000D7E500BFF8B521F00046B6F1FF4F03467B
:1038900005D820F00042B2F1FF4F074604D9184680
:1038A000DCF7F0FD034610E0B1F17E5F03D1BDE827
:1038B000F84000F0EBBD8C1704F0020444EAD07429
:1038C0006AB9022C03D0032C04D01846F8BD354940
:1038D0003548E5E733493548DCF7D2FDE2E736B94C
:1038E000002F304901DA3248F6E73248D8E7B6F11E
:1038F000FF4F21D1B2F1FF4F16D1022C08D0032C7B
:103900000CD0012C274901D02B48C9E72B48E3E70D
:103910002B492948DCF7BEFE2249C1E72949264840
:10392000DCF7B8FE1F49D7E7022CD0D0032CD1D04A
:10393000012C33D00023C8E7B2F1FF4FD0D0921B47
:10394000B2F1F45F4FEAE25010DB1F491948DCF78F
:1039500097FD0346012C17D0022C18D0002CB4D0B0
:103960001A491846DCF78EFD0F49B5E7002901DA40
:103970003C3007DB1846DCF741FF20F0004000F048
:1039800085FDE6E70023E5E703F100439DE70F49E6
:103990001846DCF777FD014603489DE74FF00043EA
:1039A00093E700BF6042A20DDB0F4940DB0F49C027
:1039B000DB0FC9BFDB0FC93FDB0F493FDB0F49BF3F
:1039C00000004040000040C02EBD3B332EBDBB3345
:1039D00007B5184A20F00043934205D8002103B0F0
:1039E0005DF804EB00F0CAB9B3F1FF4F04D303B0A4
:1039F0005DF804EB00F0BAB9694600F01DF800F07C
:103A00000302012A0098019907D0022A0AD062B95C
:103A100000F0B4F903B05DF804FB00F0C5FC00F160
:103A20000040F7E700F0AAF9F9E7012200F0BCFC3A
:103A3000F0E700BFD80F493F2DE9F04FA34A20F02F
:103A40000046964289B00C46824604D8002308609E
:103A50004B6000271DE09E4A96424FD820F000455B
:103A600000289C499C4F25F00F0524DDDCF708FD5C
:103A7000BD42064611D09949DCF702FD01460546D4
:103A80003046DCF7FDFC9549DCF7FAFC01272560A0
:103A90006060384609B0BDE8F08F9149DCF7F0FC72
:103AA00090490646DCF7ECFC014605463046DCF75B
:103AB000E7FC8C49E8E7DCF7E5FCBD4206460FD0A1
:103AC0008649DCF7DFFC014605463046DCF7D8FCCA
:103AD0008249DCF7D7FC4FF0FF3725606060D8E7FC
:103AE0007F49DCF7CFFC7F490646DCF7CBFC01467B
:103AF00005463046DCF7C4FC7A49EAE77A4A964242
:103B000000F2948020F0004578492846DCF7C2FD99
:103B10004FF07C51DCF7B6FCDCF782FF0746DCF7A0
:103B200065FD6C498346DCF7B5FD01462846DCF7A8
:103B3000A7FC6A4981465846DCF7ACFD0146804641
:103B40004846DCF79DFC1F2F054609DC684A791EB4
:103B50002AF0004352F8212023F0FF03934207D1BB
:103B6000C5F3C752C2EBD652082A4FEAE65301DC2E
:103B7000256027E05A4903935846DCF78BFD05463C
:103B800001464846DCF77CFC014606464846DCF721
:103B900077FC2946DCF774FC524905465846DCF7A9
:103BA00079FD2946DCF76CFC014680463046DCF79F
:103BB00067FC039BC0F3C7529B1A192B054615DC03
:103BC0002060B14629464846DCF75AFC4146DCF7FE
:103BD00057FCBAF1000F6060BFF65BAF05F100451E
:103BE00000F10040256060607F4252E7414958463D
:103BF000DCF750FD054601463046DCF741FC014646
:103C000081463046DCF73CFC2946DCF739FC3A4972
:103C100005465846DCF73EFD2946DCF731FC0146F7
:103C200080464846DCF72CFC0546A1E7B6F1FF4F7D
:103C300005D30146DCF724FC6060206009E7F71536
:103C4000863FA6EBC7563046DCF7EAFEDCF7CEFC33
:103C5000014605903046DCF713FC4FF08741DCF756
:103C600019FD0646DCF7DCFEDCF7C0FC01460690D9
:103C700005463046DCF704FC4FF08741DCF70AFDCF
:103C800000210790DCF79AFEF0B100212846DCF70E
:103C900095FE002814BF01230223184A0192022234
:103CA000009221463A4605A800F0E2F8BAF1000F6A
:103CB0000746BFF6EEAE236803F100432360636856
:103CC00003F1004363608FE70323E6E7D80F493F22
:103CD000E3CB1640800FC93FD00FC93F434435376F
:103CE0000044353708A3852E800F494384F9223FCD
:103CF00088A4020000A3852E32318D2408A502007D
:103D000007B5194A20F00043934206D8002200214B
:103D100003B05DF804EB00F047BBB3F1FF4F04D3F1
:103D200003B05DF804EB00F021B86946FFF784FEAC
:103D300000F00303012B0098019908D0022B09D051
:103D400073B9012200F030FB03B05DF804FB00F012
:103D500015F8F9E7012200F027FB00F10040F3E736
:103D600000F00CF8F9E700BFD80F493F08B504F0A0
:103D7000C0FD014808BD00BF0000C07F2DE9F04133
:103D800020F00045B5F1485F064688465BD3014602
:103D9000DCF780FC4FF07C510446DCF77BFC2B49C0
:103DA00007462046DCF776FC2949DCF76BFB214609
:103DB000DCF770FC2749DCF763FB2146DCF76AFC83
:103DC0002549DCF75FFB2146DCF764FC2349DCF77F
:103DD00057FB2146DCF75EFC2149DCF753FB21460B
:103DE000DCF758FC2146DCF755FC414604463046DA
:103DF000DCF750FC01462046DCF742FB194B9D42A4
:103E000004460AD801463846DCF73AFB01464FF033
:103E10007E50DCF735FBBDE8F081134B9D428CBF33
:103E2000124D05F17F4529464FF07E50DCF728FB07
:103E3000294606463846DCF723FB2146DCF720FB03
:103E400001463046E5E74FF07E50E4E74ED747ADF8
:103E5000F6740F317CF29334010DD037610BB63A12
:103E6000ABAA2A3D9999993E0000483F0000903E38
:103E70002DE9F04FDBB002920493649ABC4B05909D
:103E800053F822300193049B0091013B0393029B62
:103E90001A1DC0F29580DC1E48BF1C1DE410671C73
:103EA000FB000693029B039AA3EBC707019B03EB5E
:103EB0000209659BA4EB020803EB880A1EAE0025ED
:103EC0004FF0000B4D457DDD049B1EAD05EB8305DA
:103ED0000DF58C7A4FF000090023019A914540F3CB
:103EE00097800AAB03EB82030893659B03EB840383
:103EF000079314465AAB03EB84030DF1280853F8DB
:103F000050BC464625464FF087490DF58C7A002D6A
:103F100000F383803946584600F0BCFB4FF07851DF
:103F20000546DCF7B7FB00F001FC4FF08241DCF7FF
:103F3000B1FB01462846DCF7A3FA0546DCF770FD25
:103F40000646DCF753FB01462846DCF799FA002FBA
:103F500081467FDD611E0AAAC7F1080052F8215090
:103F600045FA00F31E448340ED1AC7F1070342F8F7
:103F700021501D41002D7BDD0022013692469442E6
:103F800000F3AC80002F05DD012F00F0B880022F78
:103F900000F0BE80022D6BD149464FF07E50DCF719
:103FA0006FFA8146BAF1000F62D039464FF07E5069
:103FB00000F070FB01464846DCF762FA814657E0A4
:103FC00000246CE718EB050F07D45AF82500DCF73E
:103FD0000DFB46F8040B013574E75846F9E70793E3
:103FE000059B5BF8041D53F82800DCF753FB0146E2
:103FF0003046DCF747FA079B064608F10108039AAA
:104000009045ECDD4AF8046B09F10109043564E7D9
:10401000AB461E464FF00008F1E74FF06E51584690
:10402000DCF738FBDCF7FCFCDCF7E0FA49460990EA
:10403000DCF730FB01465846DCF722FADCF7F0FCEF
:10404000013D46F8040B5AF825100998DCF71AFAD6
:1040500083465CE705D1631E0AAA52F82350ED118E
:1040600088E74FF07C51DCF7C7FC0546002833D1C8
:1040700000214846DCF7A2FC002800F09280631E75
:1040800000220AA801998B4249DA002A74D0013C27
:10409000083F0AAA52F82430002B7FD039464FF04F
:1040A0007E5000F0F7FAA14607460DF1280A4FF0BE
:1040B0006E58B9F1000F80F2A28027460022002F2F
:1040C000C0F2CC8046A92B4B01EB870B90464FF0FA
:1040D000000AA4EB0709B5E002254DE758F8043BB8
:1040E000BAF1000F08D123B1C3F5807348F8043C3E
:1040F000012301329A4642E7C3F1FF03F6E7611E4E
:104100000AAA52F8213003F07F0342F8213041E738
:10411000611E0AAA52F8213003F03F03F5E750F878
:104120002310013B0A43ADE7013352F8041D002977
:10413000FAD0049AA5181EAA661C02EB85051C4439
:104140000DF58C79B442FFF6D5AE079B53F82600E7
:10415000DCF74CFAAB4628604FF0000A4FF000083D
:10416000039B9A450BDD49F8268004350136E9E7C3
:104170004CA8020020A80200089A0123D5E7059B5D
:104180005BF8040953F82A10DCF784FA014640462C
:10419000DCF778F90AF1010A8046E1E7013C083FC3
:1041A00078E7069B029A4846991A00F073FA4FF096
:1041B00087418046DCF720FCF8B14FF06E51404655
:1041C000DCF768FADCF72CFCDCF710FA4FF08741DB
:1041D0008146DCF75FFA01464046DCF751F9DCF72F
:1041E0001FFC0AAB083743F8240001344846DCF7CB
:1041F00017FC0AAB43F8240050E74046F7E75AF8AB
:104200002900DCF7F3F93946DCF744FA46AB4146BE
:1042100043F829003846DCF73DFA09F1FF39074633
:1042200047E753F8040B5BF8041B03920293DCF797
:1042300031FA01464046DCF725F9DDE902328046D5
:104240000AF1010A01998A4501DCCA45E9DD5AAB48
:1042500003EB8909013F49F8A08C30E7649B022BEE
:1042600007DC002B4EDC2ED006F007005BB0BDE86B
:10427000F08F649B032BF7D10DF1C80B0BEB840778
:10428000B846A246BAF1000F49DCA146B9F1010FC8
:1042900060DC0020012C76DC329A339B002D78D133
:1042A00000990A604B600A469060DDE757F82410D9
:1042B000DCF7E8F8013C002CF8DA0DB100F1004021
:1042C000009B1860D0E7002032AFF4E757F82810C1
:1042D000DCF7D8F808F1FF38B8F1000FF6DAADB125
:1042E00000F10043009A014613603298DCF7C8F8E9
:1042F0004FF0010844450BDA0DB100F10040009B7E
:104300005860B1E7A046002032AFE5E70346E9E791
:1043100057F8041FDCF7B6F808F10108EAE7D8F807
:10432000003058F8042C0293194610460192DCF72D
:10433000A9F8019A014681461046DCF7A1F8029BD4
:104340001946DCF79FF848F804090AF1FF3AC8F863
:10435000009097E757F8043CD7F800A00193514626
:104360001846DCF78FF8019B014680461846DCF7BB
:1043700087F85146DCF786F847F8040909F1FF3958
:10438000C7F8008082E75BF82410DCF77BF8013C7B
:1043900080E7009902F1004203F100430A604B609C
:1043A0000A4600F100407FE72DE9F84320F0004382
:1043B000B3F1485F04460F46914634D30146DCF71B
:1043C00069F9054601462046DCF764F928490646A6
:1043D0002846DCF75FF92749DCF752F82946DCF775
:1043E00059F92549DCF74EF82946DCF753F92349FA
:1043F000DCF746F82946DCF74DF92149DCF742F8AD
:104400008046B9F1000F11D101462846DCF742F988
:104410001C49DCF735F83146DCF73CF9014620460B
:10442000DCF730F804462046BDE8F8834FF07C51B5
:104430003846DCF72FF9414681463046DCF72AF949
:1044400001464846DCF71CF82946DCF723F93946D3
:10445000DCF716F80C4905463046DCF71BF9014637
:104460002846DCF70DF801462046DCF709F8D9E7C5
:10447000D3C92E2F342FD7321BEF3836010D5039C8
:104480008988083CABAA2A3EABAA2ABE20F000438A
:10449000B3F1A14F2DE9F0410446804612D3B3F1A8
:1044A000FF4F06D90146DBF7EDFF04462046BDE885
:1044B000F0810028634901DD6348F4E76348DBF7D6
:1044C000DFFFF2E7624A934257D8B3F1445FEDD37E
:1044D0004FF0FF3621462046DCF7DCF80146074660
:1044E000DCF7D8F85B490546DCF7D4F85A49DBF726
:1044F000C9FF2946DCF7CEF85849DBF7C3FF294648
:10450000DCF7C8F85649DBF7BDFF2946DCF7C2F8EF
:104510005449DBF7B7FF2946DCF7BCF85249DBF713
:10452000B1FF3946DCF7B6F8504907462846DCF7B4
:10453000B1F84F49DBF7A4FF2946DCF7ABF84D494A
:10454000DBF79EFF2946DCF7A5F84B49DBF798FF20
:104550002946DCF79FF84949DBF792FF2946DCF74B
:1045600099F801463846DBF78DFF2146DCF792F8D3
:10457000731C014651D12046A1E7414A934220F0E5
:1045800000442AD8A2F5D002934214D821462046EE
:10459000DBF778FF4FF07E51DBF772FF4FF0804181
:1045A00005462046DBF76EFF01462846DCF726F974
:1045B000002604468EE74FF07E512046DBF760FF71
:1045C0004FF07E5105462046DBF75CFF014628464A
:1045D000DCF714F9012604467CE72A4A934215D8F1
:1045E0004FF07F512046DBF74BFF4FF07F510546E0
:1045F0002046DCF74FF84FF07E51DBF743FF0146D2
:104600002846DCF7FBF80226044663E721461E48ED
:10461000DCF7F4F8032604465CE71C4B53F826103D
:10462000DBF72EFF2146DBF72BFF194B014653F832
:104630002600DBF725FFB8F1000F0446B8BF00F1F4
:10464000004433E76821A233DA0FC93FDA0FC9BF4C
:10465000FFFFDF3ED769853C59DA4B3D356B883D1E
:104660006E2EBA3D2549123EABAAAA3E21A215BD27
:104670006BF16E3D95879D3D388EE33DCDCC4C3E34
:10468000FFFF973FFFFF1B40000080BF58A80200BC
:1046900068A8020038B5C0F3C7540D46034620F0A1
:1046A000004184B941B34FF09841DBF7F3FF1A4B57
:1046B000C0F3C7549D42A4F1190406DABDE838409E
:1046C000C00F04F055B9FF2C08D04CF250339D4276
:1046D00009DDBDE83840C00F00F020B80146DBF727
:1046E000D1FE034608E02B19FE2BF2DC002B05DD82
:1046F00020F0FF4040EAC353184638BD13F1180FAD
:10470000DCDB193320F0FF404FF04C5140EAC3503E
:10471000DBF7C0FFE5E700BFB03CFFFF08B1024890
:1047200070474FF0FF407047000080FF38B5C0F37E
:10473000C7537F3B162B014620F0004519DC002BA8
:10474000024608DA00281BDA002D0E4908BF4FF098
:104750000041084638BD0C4818410842F9D00029EC
:10476000BEBF4FF4000141FA03F3D21822EA000160
:10477000EFE7B5F1FF4FECD3DBF784FE0146E8E746
:104780000021E6E7000080BFFFFF7F0070471FB5F4
:1047900001240294CC680194BDF81840009401F003
:1047A000DCFD04B010BD1FB502240294CC68019456
:1047B000BDF81840009401F0D0FD04B010BD07B55D
:1047C00004210DEB010000F09FFB019803B05DF8A0
:1047D00004FB7FB50BAB059303930A9B0293002365
:1047E000CDE900331846DFF7E1FE07B05DF804FBC2
:1047F00070B586B006460D4614460021182268465C
:1048000003F0ACFF69460020CDE90165ADF80C402E
:10481000E8F74AFD06B070BD00EBC10040884008D3
:10482000704708B5FFF7F8FF084408BD7FB50BAB2C
:10483000059303930A9B02930023CDE900330122E1
:104840001846DFF7B3FE07B05DF804FB08B5034672
:10485000FFF7E2FFB0FA80F2C2F11F021846BDE88E
:104860000840DEF747BD2DE9F843B1FA81F3C3F103
:104870001F0800EB88090546D9F810600A46A6B95A
:10488000C3F120034FF0FF349C40EB681C401CD068
:1048900094FAA4F6B6FA86F6331D284655F8234056
:1048A0002146DEF76BFD32460BE0344603272146F6
:1048B0002846FFF7B1FF90420AD32846DEF75EFD97
:1048C000424621462846DEF715FD2046BDE8F8831E
:1048D00005EBC404013FE488C9F81040D0D0A642DB
:1048E000E5D1CDE738B50446FFF796FF0D46034600
:1048F00011462046FFF790FF1A1892B204EBC50547
:1049000053006B802046FFF78CFF24F8302038BD21
:1049100070B50546FFF780FF0B46511A89B205EBCB
:10492000C3049B1A03444E0066809CB205EBC2038D
:104930006000588025F8321028461146FFF771FFB5
:1049400025F8304070BD70B509B9002070BD05680C
:1049500001F007030B33CC0804EBD304AB689C4293
:1049600028BF1C4621462846FFF77DFF0646002843
:10497000EBD001462846FFF74FFFA04207D9321976
:104980002846FFF7C5FF11462846DEF765FC05EB14
:10499000C6021046538843F0010353800430D5E724
:1049A0001146FFF7D0BF2DE9F04706460D461746E2
:1049B00098462BB398F8004093F80190DB78A40058
:1049C00004EB430498F802301C4444444FF0000ABE
:1049D000CA4509D3D8F8042008F1080339463046FF
:1049E000AC46BDE8F047604714F8013B48F8234067
:1049F0002046DCF77DF8013004440AF1010AE7E7BC
:104A00006FF01500BDE8F0870020704700F0BDB8DA
:104A10000FB407B504A951F8040B019100F0B5F8E3
:104A200003B05DF804EB04B07047002383F31188F2
:104A3000BFF36F8F0423184602DF70470FB407B52A
:104A400004A951F8040B0191FFF7E0FF03B05DF8F2
:104A500004EB04B07047036800220BB91846704796
:104A60008B4210D10B6842B942680360914200D179
:104A7000436000230B600120704713604368994234
:104A800008BF4260F5E71A461B68E6E7838B13F020
:104A9000070306D10368002B18BF032008BF0020BE
:104AA0007047022B05D1C08BB0FA80F0400980001E
:104AB0007047012B04D10368002B18BF0520EDE7D8
:104AC0000020704710B50C4600B111B96FF0150009
:104AD00010BD081D00F02FF80028F9D1A368032BA2
:104AE000F6D9F3E72DE9F0410D4607461946281D92
:104AF00090461E46DFF792FB044638B133464246E5
:104B000029463846A446BDE8F0416047BDE8F0813B
:104B100038B50C46054658B151B10B6843B14B68E6
:104B200033B12022002103F019FE2C61002038BD92
:104B30006FF01500FBE7034658B1426802F003022C
:104B4000012A03D0032A04D1026812B10020986020
:104B500070476FF01500704770470020704702F0F3
:104B6000DBB80346BFF35B8F53E8000F421C43E8FA
:104B700000210029F8D1BFF35B8F704708B50021F1
:104B80000846DFF79DFB002008BD1FB50023CDE9D7
:104B90000201CDE900331A4619461846DFF706FD33
:104BA00005B05DF804FB7047002070474368DA7178
:104BB00043681960436801225A71FFF7F4BF70B56A
:104BC0000E4615461946044618B9BDE87040DFF791
:104BD0008BBC33B1C2F34A231030120D184403F0DA
:104BE00096FDC4E900562046BDE87040DFF794BC4E
:104BF0007FB50BAB059303930A9B02930023CDE98A
:104C0000003302221846DFF7D1FC07B05DF804FB41
:104C1000F8B506460D4614461F4604B9F8BD2146B0
:104C200028463A46B047241A0544F6E707B5D1E9C5
:104C300000328DF80700526801210DF107009847F6
:104C4000002003B05DF804FB0A2838B504460D4681
:104C500002D10D20FFF7EAFF29462046FFF7E6FFC5
:104C6000002038BD2DE9F043054689B008460E887E
:104C700091F80090D1F808800C461746DFF70EFD3A
:104C8000011EC6F38216C9F3C2091FDB4846DFF7CF
:104C90007FFC03462146608851F8102B0296C2F330
:104CA0004A22002A01EB0204C0F30B1008BF0021C6
:104CB0000022CDE90507CDE90314CDE900224146E4
:104CC0002846DFF717FD09B0BDE8F0830023E1E7D0
:104CD00043681B685B680020196170472DE9F0414B
:104CE00043681B685A68012111751D68D5E90136B2
:104CF000D3E900482F681CB96B681C60BDE8F081DF
:104D0000214630464246B847241A0644F3E770B5B8
:104D100043681D686B6818690C46DFF75BFB21462A
:104D200003460F222868BDE870401847F0B587B0E9
:104D30001F4604460D46164600F05DFA0223029314
:104D40000DF116030193BDF83030ADF81600009355
:104D500032463B462946204601F0FFFA07B0F0BD37
:104D60002DE9FF411F460D4616460446E2F78EFC2C
:104D70008046DBF7BDFEBDF82830009380B2CDE958
:104D800001803B4632462946204601F0E6FA04B04F
:104D9000BDE8F08103F0E2BC03F0B9BC7FB50BAB1A
:104DA000059303930A9B02930023CDE9003301226C
:104DB0001846DFF7FBFB07B05DF804FB014600680F
:104DC000DFF7C0BE08B5DFF71FFFBDE80840E0F71A
:104DD00099BB7FB50BAB059303930A9B029300230A
:104DE000CDE9003301221846DFF7E0FB07B05DF89C
:104DF00004FB00210120DFF7A5BE6FF0850070479E
:104E000061B662B680F31188BFF36F8F704772B6D8
:104E1000002383F31188BFF36F8FBFF34F8F30BF31
:104E200062B6BFF36F8F704772B6002383F31188A9
:104E3000BFF36F8FBFF34F8F20BF80F31188BFF395
:104E40006F8F62B67047202809D9B0F1004F08D89B
:104E50000138B0FA80F0C0F11F0040007047082010
:104E600070473E2070477FB50BAB059303930A9BB9
:104E700002930023CDE9003301221846DFF796FBA9
:104E800007B05DF804FB08B5D1E90431984700206C
:104E900008BD08B5E0F7ECFD002008BD7047416A89
:104EA0008968E0F7CDBE03680B6043684B60836898
:104EB0008B60704738B50D4614461146E1F7B4F9DA
:104EC00022462946BDE8384003F021BC10B50C4607
:104ED0000121E1F7A9F9047010BD10B50C460121BC
:104EE000E1F7C2F9047010BD10B503681C78012108
:104EF000E1F7DAF9204610BD10B503681C880221DD
:104F0000E1F7D2F9204610BD0022E1F747BA7FB59C
:104F100014460A888B78ADF8002006460D22002141
:104F20000DF103008DF8023003F018FC6A46694663
:104F30003046F4F797FA28B9BDF800209DF8023002
:104F40002280A37004B070BD13B50C4601AA0331D2
:104F5000FFF7DDFF48B9032201A9204603F006FC54
:104F6000B0FA80F0400902B010BD0020FBE770B538
:104F7000CE1C05460C4630460321F4F771FA60B9A1
:104F8000637903F03F0343F04003637122463146E7
:104F90002846BDE87040FFF7BABF70BD10B50C469B
:104FA000017822788A4288B00ED06946E1F7FAFA91
:104FB00004A92046E1F7F6FA10220DEB020168463B
:104FC00003F0D4FB08B010BD012A06D0022A07D096
:104FD00072B940886388C01AF4E740686368FAE7EA
:104FE0001022611C013008B0BDE8104003F0BEBBC8
:104FF0006FF01500E6E7042A0AD0102A0DD0022A25
:105000004FF0000315D103700B88438001207047D7
:10501000012303700B684360F8E7022300F8013BAB
:1050200001F1100351F8042B40F8042B9942F9D1F7
:10503000ECE718467047012310B50621044600F836
:10504000013BF4F70DFA18B9A37963F03F03A3719C
:1050500010BD0B6803608B8883808B798371037824
:1050600023F00203037070470078C0F340007047DC
:1050700038B50446807AE0F7A1FD6169054649B17B
:10508000637ADB0704D4436A1B6820469B68984711
:105090000023636121462846BDE8384002F068B825
:1050A000438A23B9C068B0FA80F0400970470020F5
:1050B0007047D0F8A43083B15A7CD1070DD5D20601
:1050C0000DD51B7C102B0CBF042303234372807A65
:1050D00098428CBF0020012070470223F6E703238B
:1050E000F4E70F2806D80D280BD8052814BF022096
:1050F00003207047132804D01A2814BF022001206F
:1051000070470120704710B50346BFF35B8F53E82B
:10511000000F40EA010243E80024002CF7D1BFF35E
:105120005B8F10BD7FB50BAB059303930A9B029376
:105130000023CDE900331846DFF738FA07B05DF8F1
:1051400004FBBFF35B8F50E8003F0B4040E80032A8
:10515000002AF8D1BFF35B8F704710B5E3F786FCE8
:105160006FF4807104461030FFF7EBFF2046BDE876
:10517000104000F0E8B9C368DB78012B01D1FFF7DC
:10518000ECBF7047C0F307231070000E5370D0704F
:105190000023C1F30720090E9370137150719371AE
:1051A000D1717047C368DB78012B01D1FFF7D5BF00
:1051B00070470120704710B5028843889A4218D87A
:1051C000052A16D9B3F5486F13D88488B4F5FA7F49
:1051D0000FD2C188A1F10A0292B240F67640824213
:1051E00007D804FB0333B3EB810F34BF0120002049
:1051F00010BD0020FCE740F24130704708B5E9F7E8
:105200000BFE18B1408A003818BF012008BD70B5E8
:1052100006460D464FF0FF304FF0FF31E2F7A2F89F
:10522000044668B103210C30E0F7FEFF068085706C
:1052300021460022BDE8704040F20640E2F7A6BADF
:105240006FF0680070BDC368187808B1E1F782BFDD
:105250001846E2F789BB38B54FF0FF3105464FF0ED
:10526000FF30E2F77FF8044668B102210C30E0F726
:10527000DBFF2B88038021460022BDE8384042F244
:105280001600E2F783BA6FF0680038BDF8B507463C
:105290000E464FF0FF304FF0FF311546E2F762F84F
:1052A000044678B106210C30E0F7BEFF3B8803804E
:1052B0004680858021460022BDE8F84042F2220067
:1052C000E2F764BA6FF06800F8BD033138B5C9B2CF
:1052D00005460E20E2F79AFE032104460C30E0F763
:1052E000A3FF01230370A0F80150204638BD70B51C
:1052F00005460E460F200421E2F788FE04210446ED
:105300000C30E0F791FF0122067042704580204684
:1053100070BD08B5072203F029FAB0FA80F0400901
:1053200008BD0B6803608B8883808B79837170471D
:10533000F8B50F46144638BB4FF0FF304FF0FF3141
:10534000E2F710F8054610B327210C30E0F76CFFA8
:105350003946FFF7E6FF06462246C31D04F1100159
:1053600052F8040B43F8040B8A42F9D110220021B1
:1053700006F1170003F0F2F929460022BDE8F840D3
:1053800042F22700E2F702BA6FF01500F8BD6FF0A5
:105390006800FBE7037A5B07024605D501462E321B
:1053A00011F8010BFFF7C4BF70477FB50BAB059336
:1053B00003930A9B02930023CDE900331846DFF7DD
:1053C000F5F807B05DF804FB38B54FF0FF3105463E
:1053D0004FF0FF30E1F7C6FF044658B129460C30C4
:1053E000FFF774FD21460022BDE8384042F22D004F
:1053F000E2F7CCB96FF0680038BD10B400F11003CB
:10540000BFF35B8F53E8002F22F4005143E80014F0
:10541000002CF7D1BFF35B8F930403D510BC01219F
:1054200000F08FB810BC704700F11002BFF35B8F23
:105430000369BFF35B8FDB050ED5BFF35B8F52E8CB
:10544000003F43F4005342E800310029F7D1BFF395
:105450005B8F002100F075B8704710B50C4630B96D
:1054600019B1E9F787FC00B1441C204610BD0024A7
:10547000FBE718B111B10846E2F736BE6FF0150030
:10548000704713B5044680B106216846F3F7E8FF7C
:1054900048B99DF80530694603F03F0320468DF872
:1054A0000530FFF7E6FF02B010BD6FF01500FAE718
:1054B000003818BF01207047037AD90704D523F0BC
:1054C00001030372E2F7F4BE990704D523F0020347
:1054D0000372E2F7B7BF70477FB50BAB0593039339
:1054E0000A9B02930023CDE900331846DFF75EF8EC
:1054F00007B05DF804FB70B5064686B00D464FF068
:10550000FF304FF0FF31E1F72DFF0446B0B10C3012
:1055100095B10121FFF7DAFC06F1100203A920463C
:1055200000950823E1F70CFF0022214642F20A0011
:10553000E2F72CF906B070BD2946EBE76FF0680082
:10554000F8E7FFF7D8BF1830FAF7A6BB7FB50BAB6B
:10555000059303930A9B02930023CDE90033184679
:10556000DFF724F807B05DF804FB00230B60436805
:1055700013B9C0E900117047196041607047D0F855
:10558000B400003818BF0120704710B50346BFF3C0
:105590005B8F53E8000F40EA010243E80024002C2F
:1055A000F7D1BFF35B8F10BD7FB50BAB05930393B2
:1055B0000A9B02930023CDE900331846DEF7F6FF7D
:1055C00007B05DF804FB2438E4F744B80368002210
:1055D0000BB9184670478B4210D10B6842B942682C
:1055E0000360914200D1436000230B6001207047AB
:1055F00013604368994208BF4260F5E71A461B688A
:10560000E6E710B50446006918B1E0F7BBFC0023DB
:10561000236110BD10B50446D0F8A40028B9207A43
:1056200004F17001E9F7F8FB38B1E278438A2AB94E
:1056300003F02100003818BF012010BD03F0240042
:10564000F8E738B58378012B044627D1437B072B35
:1056500027D10B0601F07F050CD54FF40041043033
:10566000FFF793FFA5722046E8F7C6FD08B1637AFD
:10567000A37238BD437AAB4216D2837AAB4213D2BF
:10568000BFF35B8F031D53E8001F21F4004143E883
:105690000012002AF7D1BFF35B8FE3E76FF015002C
:1056A000E7E76FF07F00E4E70020E2E78378012B73
:1056B0000CBF407A0020704738B5037A8B4204460D
:1056C000154615D100F170010722284603F04EF867
:1056D00080B1E378072243B904F17E01284603F044
:1056E00045F8B0FA80F0400938BD04F17701F5E7DC
:1056F0000020F9E70120F7E7F8B507460D464FF01F
:10570000FF304FF0FF31E1F72DFE0646D0B10E21FC
:105710000C30E0F789FD0E220446002103F01EF84C
:105720003B8823802B8863806B88A380AB88E380D1
:10573000EB88238131460022BDE8F84042F2130095
:10574000E2F724B86FF06800F8BD70477FB50BAB87
:10575000059303930A9B02930023CDE90033184677
:10576000DEF724FF07B05DF804FB10B50446FBF735
:1057700019FC234653F8442BD2F8B41061B9616484
:10578000D2F8B81061B9C2E92D33FBF779FC206873
:10579000BDE81040E4F752B98B42F6D00968EDE756
:1057A0000B60C2F8B830F0E770472DE9F843446B5E
:1057B0002CB154F8085905B1083D00270CB9BDE8D3
:1057C000F883D4E900682EB3FBF7ECFBD6F8B430CD
:1057D00004F14401002263B1994233D1636C4ABBA6
:1057E000D6F8B820C6F8B430914201D1C6F8B83026
:1057F0006764FBF745FC04F13009002200234846AA
:10580000F9F7C6FA064600BBD8F804300BB12046BB
:1058100098472760E3680BB120469847D8F82030B6
:105820000BB120469847DDB1AB6803B1083B2C466D
:105830001D46C3E71360D6F8B830994208BFC6F8D2
:10584000B820D5E71A461B68C5E7B36923B1F169EB
:1058500020686FF06D0298473046E0F793FBCCE785
:105860002B46E4E738B5406B0D4620B150F80849A7
:1058700004B1083C00B938BD43689B680BB12946A8
:1058800098472CB1A36803B1083B20461C46F1E7BA
:105890002346FAE7406B30B1838B8B42A0F10800BE
:1058A00001D08068F7E7704710B54AB989B2FFF7B1
:1058B000F1FF28B143689B6913B1BDE81040184758
:1058C00010BD38B50D460521FFF7E4FF00231A4649
:1058D0002946E5F7A1F8044610B12846E0F752FB47
:1058E000204638BD406B30B183898B42A0F108005F
:1058F00001D08068F7E7704770470346006828B119
:10590000596802681A60884208BF5A6070470346A7
:10591000002003B970471A8A5B681044F9E710B594
:10592000D4682378023113B92170012010BD8B4255
:10593000FBD0038A023B038200201061F6E773B5B7
:105940001446014605464FF49572206800F073FD39
:10595000207530B92068294600F027FE20B90823B9
:105960002375002002B070BD237AB3B1A3F11802F1
:10597000534253419B000193638A0093AE68238A8C
:10598000E26820682946B047002808DB238A834262
:105990000CD1002323750120E4E70223EBE710F18B
:1059A000FF0F03D34042C0B22075DAE70E20FBE7B9
:1059B000F8B59368166805460F46144663B95068F3
:1059C00001210C30E0F730FCA0602B681B78002B25
:1059D00014BF022301230370A3681B78012B03D09B
:1059E000022B1FD000201CE02B681B78002BF9D164
:1059F000606804210C30E0F717FCE06007802A683B
:105A0000E36852885A806168728D738B088A9A4263
:105A100094BFC0EB0200C0EB0300042894BF002039
:105A20000120F8BD2B681B78022BDBD160681221A6
:105A30000C30E0F7F9FBE06007802B68E268591C46
:105A40000232113351F8040B42F8040B9942F9D198
:105A50006168728D738B088A9A4294BFC0EB020012
:105A6000C0EB03001228D9E770B40668326A5AB353
:105A7000144654F8A03903B1A03B002211467CB96A
:105A8000438D408B8B4201D890421FD9824238BF50
:105A900002469942306838BF194670BCE7F75ABDD4
:105AA000844207D0658D648BA94238BF2946A24243
:105AB00038BF224633B1D3F8A05005B1A03D1C46F3
:105AC0002B46DCE71D46FAE71146D9E770BC704764
:105AD000D0680378043113B90170012070478B42FC
:105AE000FBD091680B8A0020043B0B821061704749
:105AF0007FB50BAB059303930A9B02930023CDE97B
:105B000000331846DEF752FD07B05DF804FB2DE9BF
:105B1000F04104468868FFF7FAFE638B628D93427A
:105B200028BF134683420D461DD36165D1F8088016
:105B300000278F60FBF736FA41462046E5F71EFB4B
:105B4000064638B1C5F808806765FBF799FA304614
:105B5000BDE8F081618D638B994228BF19462846C4
:105B600000F020FDF1E76FF07906F0E738B5044664
:105B70000D46E5F703FB30B1294604F15800BDE8B6
:105B8000384001F0EABA38BD2DE9F041CB681F88F2
:105B9000BBB2162B05461BD90321E5F7FBF90646D8
:105BA000C0B102210C30E0F73FFB00244FF0410868
:105BB00080F80080447031462846FFF7D7FF28461A
:105BC000A5F81A806F85FFF74FFF2046BDE8F081EA
:105BD0000420FBE70E20F9E71FB5CDE901230023E0
:105BE00000931A46E6F726FF05B05DF804FB03684C
:105BF000002203B970478B420FD10B683AB9426853
:105C00000360914200D1436000230B607047136032
:105C10004368994208BF4260F6E71A461B68E8E706
:105C2000BFF35B8F50E8003F43F0080240E80021DB
:105C30000029F7D1BFF35B8FC3F3C000704737B5BE
:105C40000C46054601F10C00FFF756F9228A019235
:105C5000E26800920346132212212846E5F70CFC65
:105C600003B030BD37B50C46054601F10C00FFF717
:105C700043F9228A0192E26800920022034611460B
:105C80002846E5F7F9FB03B030BD07B5CA681388AD
:105C9000528800920C210D22E5F758FC03B05DF804
:105CA00004FB07B5CB6800221B8800920A210B2257
:105CB000E5F74CFC03B05DF804FB70B504460E46F6
:105CC000002200230846F9F763F8054658B101465B
:105CD0002046E5F753FA044618B12946304601F04C
:105CE00047FA204670BD6FF00104FAE72DE9F04F46
:105CF000064685B0104690469946FFF708FE738B1E
:105D0000728D934228BF134683428B4675D97368C0
:105D100003934046E0F7C0F94FF0000A04464046BE
:105D2000FFF7F5FDE168228A658A6369778BCB1AF4
:105D3000AD1AED1A738D9F4294BFC0EB0700C0EB04
:105D40000300854228BF054625BB98F80A00DFF707
:105D500035FF00220023FFF7A2F8044608B9574692
:105D600027E001464046E0F7DDF94046FFF7CFFD6A
:105D7000E168228A658A6369778DCB1AAD1AED1ABC
:105D8000738B9F4294BFC0EB0700C0EB03008542BA
:105D900028BF0546CDF80090DBF8047003980A444C
:105DA000ABB25946B847071E07DABAF1000F18BF61
:105DB0005746384605B0BDE8F08F0E9BABB9394663
:105DC00004F10C00E0F730FA4046FFF7A0FD738DB8
:105DD000728B934228BF1346B9448342BA441FFAD8
:105DE00089F9BCD9AF429AD0B9E70F9A0E9B3946D0
:105DF000204698470028E2D1B1E70027D9E72DE9EE
:105E0000F3411768D7F80480002314461373014642
:105E100006469522404600F00EFB0546207330B939
:105E20003146404600F0BFFB28B908232373002009
:105E300002B0BDE8F081A068798B7A8D038A914227
:105E400094BFC3EB0103C3EB0203012BEFDD02217F
:105E50000C30E0F7E9F9CDE900558046A388A26847
:105E600031463846FFF742FF031E06DA13F1FF0FF3
:105E700026BF5B42DBB20E23D8E7A8F80030012032
:105E8000D6E72DE9F3411768D7F8048000231446BC
:105E90001373014606469522404600F0CCFA0546AB
:105EA000207330B93146404600F07DFB28B9082305
:105EB0002373002002B0BDE8F081CDE900553146E2
:105EC000A388A2683846FFF711FF002807DA10F10F
:105ED000FF0F26BF4042C0B20E202073E9E7012029
:105EE000E8E7F8B50546071F00F14C0350F8044CED
:105EF000BFF35B8F53E8001F21F0040143E8001259
:105F0000002AF7D1BFF35B8FFCB12B6D83B96368B7
:105F100073B1201DFFF7F1FC064601463846FFF736
:105F2000F6FD90B163683360A368666003B9A6604C
:105F300005F154013846FFF7C0FE30B104F10C0101
:105F40003846BDE8F840FFF7B8BEF8BD2DE9F0418E
:105F5000046A074644B154F8A06906B1A03E002285
:105F6000154607F104080CB9BDE8F081636D9BB9D3
:105F700005B98AB94046FFF7C0FC054658B101464D
:105F80002046FFF7C4FD0028EED07B682B60BB687D
:105F90007D6003B9BD60224636B1D6F8A03003B1AA
:105FA000A03B34461E46DEE73346FAE738B50546E1
:105FB000BFF35B8F0B68BFF35B8FDB0716D550F821
:105FC000040C98B12B6D8BB90430FFF796FC044696
:105FD00060B10146281FFFF79AFD38B155F8043C1F
:105FE0005A6822609A685C6002B99C6038BDE6F726
:105FF00083BC08B500230A8AC968E6F78BF800203D
:1060000008BD0120704708B5E5F7CAFE98B1036ADC
:106010008BB1BFF35B8FA03B03F1500252E8000F3E
:1060200020F0080042E800010029F7D1BFF35B8FA0
:10603000D3F8A030ECE708BD08B50421FFF752FC07
:1060400030B1BFF35B8FC06CBFF35B8FC0F3C00098
:1060500008BD70B51C460E461546E4F775FFC0E94D
:1060600003650123C380047570BD10600020704774
:1060700010B5029CA36833B1B1F5807F28BF0E2113
:10608000CAB221469847A37DE268013BDBB2A37503
:1060900022B11BB92046BDE81040104710BD10606A
:1060A000918000207047BFF35B8F0068BFF35B8F68
:1060B000704708B5072202F059FBB0FA80F040099A
:1060C00008BD10B50346BFF35B8F53E8000F40EAED
:1060D000010243E80024002CF7D1BFF35B8F10BD11
:1060E0000B6803608B8883808B798371704770B5F0
:1060F0000D46064611F8010BE4F720FA044610B1EC
:106100002C89E3F72DFCA87A05F10B01E4F716FAC8
:1061100028B16B8A9C4238BF1C46E3F721FCAB8A4E
:10612000A34207D0AB69AC8223B121463046BDE81B
:106130007040184770BD38B5BDF81040A2421546F2
:106140000CD84CB16BB1A41A8C42A8BF0C46A4B2B7
:106150002246591902F0DBFA204638BD6FF00604DA
:10616000FAE76FF00D04F7E730B585B0C96814465B
:106170001D46E6F7DFF900B10089ADF80E000223F5
:106180000093BDF820200DF10E0329462046FFF7AD
:10619000D2FF05B030BD1FB50C461946E3681C7828
:1061A0001046BDF818203CB110240133069404B009
:1061B000BDE81040FFF7BFBF5B88ADF80E3002238B
:1061C00000930DF10E03FFF7B6FF04B010BD30B51C
:1061D00085B01D46002314468DF80C30E6F756F9BD
:1061E00010B1037A8DF80C3001230093BDF8202004
:1061F00003AB29462046FFF79EFF05B030BD7FB5B3
:106200000BAB059303930A9B02930023CDE9003364
:106210001846DEF7CBF907B05DF804FBF0B5076868
:106220003D7889B006461446DDB97B88B3F5245F16
:1062300004D010D8A3F52053032B12D8ADF80A10C0
:1062400002220DF10A012046E6F7FCF968B16FF071
:106250001503E36406E003F55643FF339BB2042BBA
:106260001FD90125284609B0F0BD7B88ADF80A305A
:1062700002220DF10A012046E6F7E4F90028E6D1F2
:10628000009003AA776813233146B847021E01DA4B
:10629000E264E7E703A92046E6F7D4F90028E0D056
:1062A000D5E7ADF80A1002220DF10A012046E6F703
:1062B000C9F90028CBD17B88ADF80A3002220DF154
:1062C0000A01E8E708B5E6F713F918B100230360FF
:1062D0004360836008BD70B500F170060546314625
:1062E000007AFEF78BFF04463146287A1CB1BDE8E0
:1062F0007040FFF7E7BFE6F7FBF810B104604460B9
:10630000846070BD022A10B508D1002300F170012D
:106310001A46007AE6F7C4F9022010BDFFF7DBFF4A
:10632000FAE701210C30FFF7CCBE38B5044615461C
:10633000FFF767FE40B12046E6F7A8F820B1037AE0
:10634000DB0701D5FFF7EDFF35B9207A04F17001C5
:10635000E6F7CEF800B1856038BD38B5BDF810104D
:10636000BDF81840059DA14210460CD84CB16DB146
:10637000641A9C42A8BF1C46A4B22246294402F0DB
:10638000C6F9204638BD6FF00604FAE76FF00D0439
:10639000F7E713B5044610B9002002B010BD002382
:1063A0008DF80430006842F6030301A9ADF8063009
:1063B000FEF7F4FD0028EFD1E36898880028ECD1BF
:1063C0002046E6F7EFFA013080B2E6E770B5CC6818
:1063D00088B008461E46A3798DF80C301546FFF7A5
:1063E000D8FFADF80D00246823786BB96388ADF849
:1063F0000F3005230093BDF8302003AB314628460B
:10640000FFF799FE08B070BD631C0DF10F02113447
:1064100053F8041B42F8041BA342F9D11323E9E704
:106420001FB5CDE90123002300931A46E6F702FBCE
:1064300005B05DF804FB38B54C8AD3070546C4F3B4
:106440000E0404D514F0950F2AD04B6843B390077F
:1064500004D514F4957F25D08B681BB3144014F435
:10646000DE7F0DD0EB7A2BB92846FFF7D3F8D8B9E9
:10647000052038BD14F0300F04D114F4C07F07D1CB
:106480000020F6E72846FFF711F90228F5D8EFE7D4
:10649000D5F8A430002BEBD05B7CDB06E8D5EFE72A
:1064A0000220E6E70320E4E70F20E2E7F8B5144610
:1064B0000F46942261680646FFF7BDFF20BB616866
:1064C00001223046E6F70AFC08B3A2891B210232FA
:1064D0003046E5F7ABFD0546E0B1A1890C3002314D
:1064E000DFF7A2FE20F8027BA289A16802F00FF973
:1064F000D4E9041228460123FFF7ABFD29463046B4
:10650000BDE8F840E5F734BF4FF0FF30F8BD6FF05D
:106510001500FBE76FF00B00F8E72DE9F0410546A9
:106520008846E5F7B3FF044608B3037ADA071ED5B9
:1065300000F10C063046FFF7B6FD10F0010716D14A
:10654000B8F1000F14D0BFF35B8F56E8003F23F083
:10655000020246E800210029F7D1BFF35B8F9B07B9
:10656000284608D5FFF74FFD2046FFF7DAFE012742
:106570003846BDE8F081FFF744FD0028F8D02846F2
:10658000FFF75AFD0028F3D0BFF35B8F56E8003FBA
:1065900023F0020346E80032002AF7D1BFF35B8FF5
:1065A0002846DFE77047012070470120704713B588
:1065B000C068144668B100238DF8043001A94FF477
:1065C000C053ADF80630FEF7E9FC10B9236801337B
:1065D0002360012002B010BD07207047BFF35B8F1E
:1065E0000068BFF35B8F084100F00100704738B5C9
:1065F0000A46034609B9012038BD488A10F0240F25
:10660000F9D0197D5D7B147CA94228BF29468C42B4
:1066100001D90020F0E7800607D4517CC9070BD4CC
:10662000187A003818BF0120E6E70521181DFFF78A
:10663000D5FF0028F1D1ECE7197A0029E9D005212E
:10664000181DFFF7CBFF18B9197A01390129E0D9D4
:10665000527CD207CFD4E3E701238B40DB43BFF367
:106660005B8F50E8002F1A4040E800210029F8D144
:10667000BFF35B8F7047072070477FB50BAB059367
:1066800003930A9B02930023CDE900331846DDF7FC
:106690008DFF07B05DF804FB01238B40BFF35B8FD8
:1066A00050E8002F1A4340E800210029F8D1BFF339
:1066B0005B8F704708B50E21FFF7EEFF002008BD85
:1066C00070B5051D0E4628460421FFF787FF68B107
:1066D0000022002100230846E4F73EF9044640B9B1
:1066E00004212846FFF7D8FF204670BD4FF47022E2
:1066F000EFE701210C30DFF797FD0670F4E738B5BE
:1067000004210446FFF7DCFF054698B110210C3048
:10671000DFF78AFD04F1270304F1370253F8041B65
:1067200040F8041B9342F9D120462946E6F7DAFFE8
:10673000002038BD0820FCE770B5D0F8EC30DB78DD
:10674000012B044619D1CD68061D10213046FFF7F4
:1067500083FF2B4604F1B70205F1100153F8040B37
:1067600042F8040B8B42F9D107213046FFF736FF80
:1067700028B109213046FFF78FFF002070BD0A21A4
:106780003046FFF72BFF0028F3D12046BDE87040CC
:10679000E7F758B907207047072070470720704770
:1067A00030B5012303FA01F1CA43BFF35B8F50E810
:1067B000003F03EA020440E80045002DF7D1BFF393
:1067C0005B8F01EA0300003818BF012030BD38B5E7
:1067D0000446031D0025BFF35B8F53E8002F43E8F9
:1067E00000510029F9D1BFF35B8F04F59C70F9F7D4
:1067F00053FA2572BFF35B8F54E8003F44E8005220
:10680000002AF9D1BFF35B8F20460121BDE8384053
:10681000FFF742BF70B500F1700605460C4607222F
:106820000968304601F0A2FFB8B963681A682A67A0
:106830009A88A5F874209B7985F87630D5F8A4302D
:106840005BB1A268934208D062681168C3F8011076
:106850009188A3F805109279DA7170BD2DE9F84F8F
:10686000DDF82C80BDF82890044692461F46E6F7D6
:1068700063FF054600285CD0061DB9F1000F27D143
:106880005AEA070324D103213046FFF7A7FEF8B1E7
:1068900001213046FFF7A2FED0B12C7D6B7B9C42DC
:1068A00028BF1C46224605F14701404601F02FFF54
:1068B0000F2C06D8C4F11002494608EB040001F081
:1068C0004DFF30460121FFF7E7FE0120BDE8F88FBC
:1068D000D4F8A43083B904F1700B217A5A462020F1
:1068E000E8F71EFAC4F8A40030B9217A5A4601200C
:1068F000E8F716FAC4F8A400B9F1000F0CD15AEA6F
:10690000070709D1D4F8A41031B14B8A9B0603D5EF
:106910000C7C1E312246C8E70F213046FFF75EFE91
:1069200020B1022206212046E3F79CFD2846FFF70E
:106930004EFF0020CAE76FF08500704770B504462F
:106940000820E6F77FFE0546E0B1061D0821304627
:10695000FFF782FEBCB30721FFF77EFE234605F159
:10696000970204F1200153F8040B42F8040B8B4208
:10697000F9D10A213046FFF731FE70B109213046C6
:10698000FFF78AFE0720E6F75DFE0446E8B1E6F76A
:1069900011FFD0B10821204612E010213046FFF748
:1069A0001DFE09210028EAD13046FFF717FE002816
:1069B000E8D02846E7F746F801460028E2D0284606
:1069C000E7F76EFDDEE70B21F9E770BD70B5044611
:1069D000A0F1EC0650F84C3BE83CD3F8A450F9F792
:1069E0005BF903212046FFF7F9FDA0B108213046ED
:1069F000E7F7C4FC3DB16B8A13B16B7C9B0702D5F2
:106A00002846E8F76BFA30464FF4B872BDE870409C
:106A1000002101F0A3BE01212046FFF7DFFD002881
:106A2000E4D10F212046FFF7D9FD0028DED1E1E7B0
:106A300010B5431E00F11002073013F8011F12F8C1
:106A4000014D1C7083421170F7D110BDF0B597B0A5
:106A500014460E462022014605A81D461C9FE8F755
:106A60005FFA202231460DA8E8F75AFA2146102293
:106A700001A88DF85450E8F753FA3B46412205A986
:106A800001A8E8F70FFB044610B93846FFF7D0FF1E
:106A9000204617B0F0BD2DE9F04397B004461646E6
:106AA00005A810221D46DDE91F98219FE8F738FA56
:106AB0001022314609A8E8F733FA102229460DA81A
:106AC000E8F72EFA1E99032211A8E8F729FA494699
:106AD000D9F8010011F8013B8DF8473012908B88EE
:106AE000ADF84C30062212A8E8F71AFA4146062201
:106AF00011F8013B8DF84E30D8F80130CDF84F3009
:106B00000DF14F008B88ADF85330E8F709FA2146B4
:106B1000102201A8E8F704FA3B46412205A901A882
:106B2000E8F7C0FA044610B93846FFF781FF20465F
:106B300017B0BDE8F0837FB50BAB059303930A9BB9
:106B400002930023CDE9003301221846DDF72EFD24
:106B500007B05DF804FBF8B5069F04690546C9B2A5
:106B6000EFF3118C202080F31288BFF36F8F0C2677
:106B700006FB0146B06C00F0070EBEF1010F10D10C
:106B8000B76400268CF31188BFF36F8F3EB90C20D9
:106B900041430C44C4E910236B685B589847304666
:106BA000F8BD00F0C00087420CBF6FF077064FF0D1
:106BB000FF36E7E713B580240094FFF7CCFF02B05F
:106BC00010BD0069CBB200EB431000211047104606
:106BD000F8F768B9F6F7B2BCF6F75EBC8022F5F7B5
:106BE00039B843685B68D3F810350B6000207047F4
:106BF00043685B6802EA010021EA0201C3F8080564
:106C0000C3F80C150020704743685B680020C3F888
:106C10000815704743685B680020C3F80C1570477F
:106C200043685B68D3F8042521EA02001140C3F8E9
:106C30000805C3F80C1500207047F7F7B5B830B554
:106C400043681360057A446804EBC504A34202D389
:106C50006FF0010030BD5C798C4203F10803F0D184
:106C60000020F7E743681B68D3F88004C3F880046A
:106C7000704742681368D3F8100150B1D269002000
:106C800012780A70C3F81001D3F8102101221A609B
:106C900070474FF0FF30704702680346D2F8580142
:106CA00040B95B68DB0706D4D2F82001003818BF72
:106CB000012070470120704743681B68D3F8042304
:106CC000D20517D5D3F82021A2B1EFF311822021EC
:106CD00081F31288BFF36F8FD3F8201131B10021F7
:106CE000C3F82011D3F820110121D96082F3118853
:106CF000BFF36F8FD3F85831704713B501AA04461C
:106D0000FFF79DFF002805DB019B226819791868B1
:106D1000F5F7C4FD02B010BD08B5F5F7ADFF08BD2D
:106D20004FF08053D3F83021082A03BFD3F8340141
:106D3000B0FA80F040090020704703460020184751
:106D400000F09BB910B502461168B1B1BFF35B8F7B
:106D5000B1FA81F3C3F11F000123834021EA030349
:106D600052E8004F8C4204D142E8003CBCF1000FD5
:106D7000F6D1BFF35B8FE7D110BD6FF00B00FBE7DF
:106D800010B50368CB40DB0714D401238B400268A5
:106D9000BFF35B8F43EA020150E8004F944204D1F5
:106DA00040E8001CBCF1000FF6D1BFF35B8FEED1C1
:106DB000002010BD6FF01500FBE770B50C460021F8
:106DC000054608461646F6F7DFF948B93378DB0082
:106DD00003F1804303F5F833C3F81055C3F81445A5
:106DE00070BD08B5F6F726FBBDE80840F6F7C2BB54
:106DF0004FF08053D3F83021082A06D1D3F834015C
:106E000002288CBF0020012070470020704738B551
:106E10004FF080440223C4F808330123E3600023C9
:106E2000C4F80431D4F8043142F21075D4F818349F
:106E3000DB0304D50120FFF783FF013DF6D138BD08
:106E400043090AD0012B0BD14FF6FF7300F01F004E
:106E500023FA00F000F0010070474FF0FF33F5E730
:106E60000020704710B504460846F6F7CDFB04EB4A
:106E70004004207DC0F3401010BD10B50446084604
:106E8000F6F7C2FB04EB4004A08A00F01C000038B7
:106E900018BF012010BD10B504460846F6F7B4FB34
:106EA00004EB4004207DC0F3400010BD10B5044643
:106EB000FFF7F1FF20B12046BDE81040FFF7D2BF39
:106EC00010BD10B504460846F6F79EFB04EB4004DF
:106ED000A08A400B10BD70B5044608461646F6F76A
:106EE00093FB08300D4634F81030DA0509D5C3F3AA
:106EF000432304EBC302314654F83330526828462A
:106F00009847A3682BB1E26831462846BDE8704037
:106F1000184770BD2DE9F341019001A8DDE908583B
:106F20000C4617461E46F6F7B3FB019B391E18BFE9
:106F3000012100EB8300231E18BF0123002E43EA2A
:106F400041030CBF00210C21002D43EA01030CBFBB
:106F500000214FF4E061B8F1000F43EA0103D0F8DB
:106F600000270CBF00214FF440310B4322EA0303FA
:106F700004B124780FB13F787F001C430EB13678FE
:106F8000B6003C438DB1297809023443B8F1000FB3
:106F900003D098F800804FEA0848214341EA0801ED
:106FA000C0F8001702B0BDE8F0812946EDE71FB533
:106FB0000DF10F03019300238DF80F1000931A4673
:106FC0001946FFF7A7FF05B05DF804FB2DE9F04770
:106FD000002504468846D7B22E464FF00109AA463E
:106FE000AF420CD1D4F87C3133B10023C4F87C31EA
:106FF000D4F87C3146F000463046BDE8F08728469C
:10700000F6F77AFBA0F580739B0809FA03F318EAF8
:10701000030F05D022581AB144F800A022581E438D
:107020000135EDB2DCE738B504460D46FFF71AFF2F
:10703000A8B12046FFF72FFF88B92046FFF741FF90
:10704000226801238340C2F80833236803EB8000E1
:10705000D0F8103523F00303C0F8103538BD2846AA
:107060000021BDE83840FFF7A2BF08B5FAF7E6FFF8
:10707000002818BF6FF0040008BD08B1DFF76CB935
:10708000704740B1C368587810F001001EBF1878EF
:10709000B0FA80F0400970477FB50BAB05930393BE
:1070A0000A9B02930023CDE9003301221846DDF745
:1070B0007DFA07B05DF804FBEFF31183202383F31F
:1070C0001288BFF36F8FFEE710B400F10C04C0E923
:1070D00003440024446110BCDCF7ACBA10B58269EB
:1070E0006AB1C36842EA0301890708D14169A2FB7A
:1070F000011424B95B182CBF0121002102D36FF0C9
:10710000150005E001619B1A42698A4201D80020FE
:1071100010BD02691A608269036101319B1AF3E7AD
:1071200090F90E308B4201D0F9F76CBD002070470A
:1071300010B5044630B10268930703D0446809B122
:10714000FAF79EFC204610BD0023C0E9003383609F
:1071500000F10C03C0E90333704707B50123009326
:1071600000230A461946F7F7DBFC03B05DF804FB81
:1071700007B500230A4600931946F7F7D1FC03B080
:107180005DF804FB00680021FFF7D2BF3AB18A42E4
:1071900005D3C0E90212C0E90000002070476FF07B
:1071A00015007047026801238B4022EA0303036045
:1071B00022FA01F000F001007047704710B503217A
:1071C00004460C30FFF7EEFF30B104F11000FAF77F
:1071D0002FFAB0FA80F0400910BD20B1002211460C
:1071E0008C30F9F7A9BF704770B5C368C3F3400688
:1071F0009B07044616D4856802210C30FFF7D2FFA6
:1072000080B1D5F884206AB194421DD122689EB91C
:10721000D5F88830C5F884209C4201D1C5F8882073
:1072200000232360E36813F01F001EBF43F0020336
:10723000E36040F0020070BD3260D5F888209442CF
:1072400008BFC5F88860EBE716461268DBE710B5A3
:10725000F8F75CFA041E08DDEFF31180202383F3B6
:107260001288BFF36F8FF9F7A7FD204610BDEFF32B
:107270000580003818BF012070476FF05700704735
:1072800000207047D0E9003213605A600023C0E943
:107290000033704738B504460D46F9F73DF8237CB6
:1072A00043F002032374D5B1A5602B689D4209D138
:1072B0006B68C4E900531C606C6010E06A689A4215
:1072C000F6D01B68002BF3D093F90E1094F90E2022
:1072D0009142F3DD5A68C4E9003214605C6038BD45
:1072E000F9F778B8F9F718B810B5037C13F0280F40
:1072F00004460CD183680BB1F9F7D4F8237C23F052
:10730000040323742046BDE81040F9F763B810BDAC
:10731000F9F716B908B50246FAF798F870B1D0E94E
:1073200004319B1A61EBE272B3F1004F72F100017C
:1073300004DA002AACBF1846002008BD6FF00040F8
:10734000FBE708B5FAF7C4FA08BDFAF7C1BAB3F11A
:10735000FF3F08BFB2F1FF3F70B506461D46144619
:1073600014D01A4316D0002B08DBFAF7B1FA04192F
:1073700041EB0501C6E90041304670BD6FF00103E5
:107380001C1B4FF0FF3363EB0501F3E74FF0FF34B5
:107390002146EFE70024FBE7B3F1FF3F08BFB2F15E
:1073A000FF3FF8B5074616461C4610D054EA0203C4
:1073B00011D0FAF78DFAB0420A46A14103460AD22B
:1073C000F31A64EB0204C7E900343846F8BD4FF005
:1073D000FF331C46F7E70023FBE700F4E040B0F57D
:1073E000805F04D0A0F500535842584170470120F7
:1073F00070473AB1002918BF0023D21A212118443E
:1074000001F0ACB9704738B513464FF480420D46D1
:10741000FAF714FD044640B9286843681B0A04D0F3
:1074200000F0B6FC2C606FF08504204638BD2DE9D5
:10743000F04F89B09B4600238DF81B30159BDDF87B
:107440005080002B91460B460E460CBF4FF4006255
:107450004FF4806207A9DDE912A7FAF7EFFC0446B2
:10746000F0B9079D0DF11B0229883046FAF750FD4F
:107470000446A8B99DF81B30BB4223D868686A6EE1
:10748000000A05F1200120D1CDE90338CDE901BA88
:10749000CDF800903346284600F0D9FC044608B1E8
:1074A000C8F80070D8F800303A4621465046FFF739
:1074B000A0FF079800F06CFC002C18BF204609B014
:1074C000BDE8F08F6FF08904EAE76FF08604E7E724
:1074D0002DE9F341D0F804804769044640460E4642
:1074E00000F058FC054660BB5FFA88F31BB93FB15A
:1074F0006FF0860525E0013F6FF040439F42F7D2D1
:10750000A06820F47F4020F003000028F0D16288BA
:107510004FF6F8739A4218D8277907B901A831466F
:10752000FAF720FE054660B90FCCD6F800C06646D3
:107530000FC694E8030086E8030017B9019BCCF856
:107540001430284602B0BDE8F0816FF08505F8E7F9
:1075500000F6FF7240F67E739A4243D9434213F01D
:107560007F0306D0202BC3F1000015D16FF08500FA
:10757000704710F1920F0FDA10F5994F2AD02CDCDA
:1075800010F5C54F26D010F5C14FEFD010F5C74FFD
:1075900023D16FF09600704710F11F0F15DA10F12C
:1075A0003D0F1DD010F13C0F07DA10F1400F14BF52
:1075B0006FF083006FF09300704710F1220F14BF3B
:1075C0006FF083006FF085007047002818BF6FF0E0
:1075D000830070476FF0860070476FF0830070473C
:1075E0006FF09300704741F2052398421AD8B0F526
:1075F000905F09D241F2010398420CD0B0F5885F48
:1076000009D06FF085007047A0F5905080B2292313
:10761000C340DB07F5D511F0070F14BF6FF08600EC
:1076200000207047B0F5105FEBD121F04003802BB4
:1076300006D0B1F5807F14BF6FF086000020704740
:1076400000207047F8B504460F4600881E461546D0
:1076500092B1FFF7C2FE78B1089BD1001960208873
:10766000FFF7C1FF044628B93946304601F04FF80C
:10767000079B1D602046F8BD6FF08504FAE710B542
:10768000436E04461BB141212030FBF7C3F80020B4
:10769000606610BD38B50446FFF7F1FF237E012B6D
:1076A0000FD0023B012B0FD8E369012B14BF6FF001
:1076B0009605002568220021204601F04FF8284653
:1076C00038BDE369002BF1E76FF09605F2E708B1EA
:1076D000FFF7E0BF704713B5A0B101A9FAF78AFD23
:1076E00080B90198037E022B0ED103230376037920
:1076F000FF2B0CBF6FF08404002400F034FB002843
:1077000008BF204602B010BD6FF09604F5E770B5D3
:1077100014460288049E10461D46FFF75EFE68B9B7
:1077200022F4405044F20103984207D002F44F4241
:10773000B2F5824F02D0B2F5844F0ED1B4420FD8C9
:107740002246284600F0E3FF321B0021281901F0F1
:1077500005F8059B00201C6070BD6FF08500FBE7FD
:107760006FF08900F8E72DE9FF4188461F4616466D
:1077700012B300233B60012203A9FAF75FFB044622
:1077800098B9039D6B686A6E1B0A05F1200110D140
:10779000CDE9006743462846FFF7B9FF044628466F
:1077A00000F0F6FA002C08BF0446204604B0BDE8FD
:1077B000F0816FF08604F2E76FF08904F5E770B5A9
:1077C00014460288049D02F4E040B0F5804F1CD1BD
:1077D00022F4405644F20100864207D002F44F42A0
:1077E000B2F5824F02D0B2F5844F0ED1AC420FD821
:1077F0001846224600F08BFF2A1B0021204400F08F
:10780000ADFF059B00201C6070BD6FF08500FBE79D
:107810006FF08900F8E7F0B50F4685B01E461546B3
:1078200002B3002333601A4603A9FAF707FB0446A4
:1078300090B9039803885B0411D5CDE900563B4607
:10784000426E00F1200100F0B1FA0446039800F006
:107850009FFA002C08BF0446204605B0F0BD6FF02B
:107860008604F3E76FF08904F6E72DE9F04F9846B8
:1078700089B00023064689460693C8F800301546AD
:10788000002A6DD0B2F1005F6DD206A9FFF720FE8D
:10789000044650B9069FD7F864A0BAF1000F0FD183
:1078A00073681B0A05D06FF086040698FFF70FFF78
:1078B00052E0412D02D96FF08504F6E77D66AA46B5
:1078C00072687B880793120A07F1200307F16407A7
:1078D000E9D10DF11C0BCDE9017BCDF800A02A46C2
:1078E00049463046059300F0E5FA10F1860F059BF6
:1078F000044609D1CDE9017BCDF800A02A464946CE
:107900003046FFF79FFE0446002CCED10699079B18
:107910004A88E2B94B80079A4FF6F8739A42CAD860
:107920003388069A13B111889942BCD1738813B178
:1079300051889942B7D15369C8F80030137E012BA2
:1079400008D00023C8F800306FF09604ADE79A42E3
:10795000A9D1E0E702231376204609B0BDE8F08FF5
:107960006FF08604F8E76FF08504F5E710B504467C
:10797000006858B101280AD104F10800FAF792FC16
:1079800000232360A3886FF30803A38010BD6FF06A
:107990008600F5E72DE9F0430C4685B0016898466E
:1079A0000023054617460393002941D100F1080939
:1079B0004022484600F0D2FEB8F1000F20463B4678
:1079C0000CBF4FF400624FF4806203A9FAF736FA55
:1079D000044678BB039C2A1D21883846FAF798FA9A
:1079E000064660BB6B7968F300036B716168636E78
:1079F000090A04F12002B8F1000F12D009BB009768
:107A00002146484600F010FA044698B901232B603D
:107A1000039800F0BDF9002E18BF304605B0BDE850
:107A2000F08371B900972146484600F000FAEBE771
:107A30006FF088042846FFF799FF2646E8E70446DA
:107A4000F8E76FF08604F5E70123FFF7A3BF38B529
:107A50000546006898B112B90024204638BD0128B7
:107A60000AD105F10800FAF777FC04460028F3D0A4
:107A70002846FFF77BFFF0E76FF08604F8E76FF02A
:107A80008804EAE72DE9F041054600680F461646EE
:107A9000984610B36A79D2071FD52A79EAB1B24263
:107AA0001ED801281FD105F1080000F0C3F90446D3
:107AB00018B10023C8F800602B7137B1D8F8003036
:107AC000324621463846FFF794FC2846FFF74EFF22
:107AD000002C18BF2046BDE8F0816FF08804E8E76D
:107AE0006FF08904E5E76FF08604E2E71FB5012433
:107AF0000394089C0294079C0194069C0094FFF751
:107B000096FC04B010BD03681943B1FA81F0400936
:107B100070472DE9F04786B005469A460023059345
:107B200005F0FE43B3F1106FDDE90E67DDF840802C
:107B30000846914634D12A4605A9FFF764FC04465D
:107B400080BB0599088820F0FF00B0F5E24F02D015
:107B5000B0F5E44F04D14B880733B7EBD30F24D3F0
:107B6000CDE90178009653464A462846FAF72EF9A1
:107B7000044666B90023C8F80030059800F008F9FB
:107B8000002C08BF0446204606B0BDE8F087002858
:107B9000F3D039463046FAF7FDF8C8F80070ECE744
:107BA0006FF08604002EE5D0F3E76FF08904F9E763
:107BB000FAF7F0B808B50088DDE90221FFF70DFCFF
:107BC00020B1BDE808401046FAF7E4B86FF0850030
:107BD00008BD2DE9F04F89B01F46DDF8489000231D
:107BE000C9F800300693438805460E469046002BA0
:107BF00000F0B280038803F4E043B3F5804F00F057
:107C0000AB8039463046FFF77EFF002800F0A480A5
:107C100006A92846FFF75CFC0446002851D1069BC4
:107C2000D3F864A0BAF1000F21D16B681B0A66D1AA
:107C30002A8869881046FFF7D0FB00283AD0104602
:107C4000FFF7D1FC044600283BD147F201039A42DA
:107C50004ED14C080134E40804EBC4043B340794CF
:107C6000DDE9063ABAF1410F29D8C3F864A06A6881
:107C7000120A03F1200B03F1640367D12A8851042F
:107C800045D4CDE901A3CDF800B03B46424631468C
:107C90002846FFF78FFF0446002C59D1069B5A69EE
:107CA000C9F800201A7E012A4AD0C9F800406FF0B6
:107CB000960406E002F44F43B3F5824F05D06FF00F
:107CC00085040698FFF703FD3CE002F4E043B3F5BA
:107CD000E04FF4D147F201039A42BAD0CC1D22F012
:107CE000FF02E408B2F5824F04BF64000134B6E736
:107CF00044F201039A42F1D1CC081034AFE707A94E
:107D0000284600F04EF804460028A9D0D9E702F42E
:107D10004F41B1F5824FB4D147F212118A42B0D12E
:107D20006A88B2F5807FACD1524659462846059301
:107D300000F01FF910F1860F059B0446ACD1A0E7B7
:107D400002221A76204609B0BDE8F08F6FF0860453
:107D50000698FFF794FCB4E76FF08604F2E7182268
:107D6000002100F0FBBC034668B1017E8A1E012A97
:107D70000BD80329C26903D1012A01D1FFF78ABCBC
:107D80001AB1013ADA61002070476FF0960070472F
:107D9000FFF7E9BFC0B2002814BF6FF085000020D4
:107DA000704700230B606FF0860070472DE9F347A2
:107DB00047683F0ADDE90A9A04460D46164698468A
:107DC00011D1CDE9009A00F0ADF810F1860F0CD179
:107DD0004346324629462046CDE90A9A02B0BDE81C
:107DE000F047FFF7ECBC6FF0860002B0BDE8F0870B
:107DF00073B515461C4600260DF107030DF106026A
:107E00008DF80760FAF70CFA58B99DF8070004B12D
:107E100020709DF80620294602B0BDE87040FAF7B0
:107E200005BD304602B070BD009BFAF755BA009B05
:107E3000FAF752BA38B51C460368154623B1FAF76B
:107E40000FFA00B9256038BD6FF08800FBE72DE917
:107E5000F04190B004460D461E464022002168467F
:107E6000DDF85C80199F00F079FC214633462A46F4
:107E70006846FAF731FA044648B9B8F1000F0DD157
:107E800018993A466846FAF7EBF9044678B168461D
:107E9000FAF708FA204610B0BDE8F081169942467C
:107EA0006846FAF759FA04460028E9D0EFE71A9B2A
:107EB0001F60ECE7F8B5089F1E463B68144633F494
:107EC00080720D462BD1028844F212118A4213D1DE
:107ED000412C03D01BB36FF08600F8BD681C00F086
:107EE00041FA0028F7D14FF480733B60069B9C4217
:107EF0000CD96FF08900F0E747F212118A420ED1D7
:107F0000202CE7D1284600F03BFAEAE72246294632
:107F1000304600F0FCFB079B00201C60DDE76FF0A3
:107F20008500DAE770B50446184626886488B4F5FB
:107F3000807FDDE9043513D147F21214A6420FD138
:107F4000202A10D1402B11D9042300F8013BFAF765
:107F500029FC08B941232B60BDE87040FAF710BA3C
:107F60006FF0850070BD6FF08600FBE76FF0890051
:107F7000F8E730B5202A91B0084614461D4609D1CD
:107F80006946FAF7C1FB00B92C6011B0BDE830407A
:107F9000FAF7F6B96FF0890011B030BD70B514462C
:107FA000202CDDE90426DDE90603089D0CD1412ED5
:107FB0000AD11F2B0BD90132FAF7C8FB00B92C608C
:107FC000BDE87040FAF7DCB96FF0860070BD6FF065
:107FD0008900FBE740F8041B1C22002100F0BEBB17
:107FE000F0B5002405462646204652F8247051F884
:107FF0002430DB1946EB06071B1845F8243004F142
:10800000010447F10000082CEFD1F0BD002370B54A
:108010000646184652F8235051F82340641B65EB7E
:108020000505241A46F8234003F1010365F1000514
:10803000082BC5F10000EDD170BD70B50439564272
:10804000041F013A1C3054F8043F51F8045F1340F8
:1080500035402B4384422360F5D170BD002330B5F9
:108060000446184654F8232051F8235001336A403F
:10807000082B40EA0200F5D130BD70B50446056812
:10808000166800200346E1FB665325605668656864
:10809000E1FB665365609668A568E1FB6653A560E1
:1080A000D668E568E1FB6653E56016692569E1FB82
:1080B0006653256156696569E1FB6653656196699A
:1080C000A569E1FB6653A561D569E269E1FB65231A
:1080D000E261226A9B182362404170BD10B50438EA
:1080E000A1F120024B7F0C7F1B0443EA0463CC7F89
:1080F00023438C7F043943EA04238A4240F8043F37
:10810000F0D110BD0B1F1C3153F8042F120E027753
:108110005A8842771A68120A82771A68C2778B42A5
:10812000A0F10400F0D1704770B588B01E46044637
:10813000FFF756FF3246054621466846FFF766FFC1
:10814000C0F101022A4369462046FFF776FF08B0D6
:1081500070BD2DE9F04F8BB00D46064691460021CB
:10816000242201A8D3F840A01F4600F0F7FAA5F199
:10817000040B1C355BF8041FD9F80020019B01A8F3
:1081800002FB01334A460AFB03F8FFF776FF3A4643
:108190000446414601A8FFF770FF2022044402A9CB
:1081A00001A800F0C2FA5D450994E3D13A4601A95D
:1081B0003046FFF72BFFC0F101022243C2F101025A
:1081C0003046FFF73AFF0BB0BDE8F08F0B4601F1E8
:1081D00020020146FFF7BDBF30B589B004460D4609
:1081E00068460121FFF7F6FE2B466A4621462046E7
:1081F000FFF7AFFF09B030BD38B504461546FFF7AD
:10820000E9FE29462046BDE83840FFF7DFBF2DE9EB
:10821000F04389B01446064601226846FFF70DFF79
:10822000224601213046FFF7E7FF25682746023D39
:1082300004F11C094FF02008EB0705D523466A46D8
:1082400031463046FFF785FF23466A466946684651
:10825000FFF77FFFB8F101084FEA5505ECD14F4514
:1082600002D057F8045FE5E709B0BDE8F08330B508
:1082700089B00446154668460122FFF7DEFE29460E
:108280006846FFF7A9FF69462046FFF73BFF09B0A4
:1082900030BDF0B599B004460D4616461146684605
:1082A0001F46FAF779F83246694608A8FAF774F8D3
:1082B0003A4669466846FAF76FF808A91E9A0846D2
:1082C000FAF76AF8224669466846FAF7ADF808A94F
:1082D0002A460846FAF7A8F86A4631463046FAF7C1
:1082E0005BF86A46694610A8FAF756F86A4610A97C
:1082F0006846FAF751F810A922460846FAF74CF8F2
:1083000008AA11462046FAF747F810AA2146204647
:10831000FAF78AF810AA21462046FAF785F86A4645
:1083200021462046FAF780F810A922460846FAF7B7
:108330007BF810A908AA0846FAF72EF82A466946DB
:108340006846FAF729F86A4610A92846FAF76CF841
:1083500019B0F0BD08B5FFF72BFC003818BF01209D
:10836000404208BD00B591B0024608A96846FAF738
:108370006FF8002818BF6FF0010011B05DF804FB22
:1083800010B588B001466846FAF72EF82021044659
:108390006846FAF73FFA002C0CBF20466FF0020047
:1083A00008B010BD10B5044608B1FAF733FA2046FC
:1083B000BDE81040FAF728BA3C22002100F0CEB9FF
:1083C00010B5044600F09DF92046BDE81040FAF7CC
:1083D0001BBA10B54FF48C710120FAF70FFA04465E
:1083E00008B100F089F9204610BDFAF7D5BBFAF7BD
:1083F00009BBFAF755BC38B5054618B96FF08604C5
:10840000204638BD0468002CF8D00029F6D001239E
:10841000FAF766FA04460028F2D12B68002BEDD05B
:108420009B79023B022BE9D824210120FAF7E6F9D7
:1084300020B1A8631021FAF7EDF9E1E76FF08C04A1
:10844000DEE72DE9F04F0F4685B01646804600283E
:1084500079D00368002B76D0002974D0846B002C6F
:1084600071D01D79206A05F01F05F8B12A1AB242B1
:108470001CD21030204400F04AF904F1100200230D
:10848000191DA9422CD923441A1B954231D803AB9C
:1084900000932A46234621464046FAF751FAE0B9AE
:1084A000236A2062EA1A334417445E1B05F1FF3940
:1084B0004FF0010A0DF10C0BB144B9FBF5F9CA45B7
:1084C00038D34EB1206A103032463946204400F08D
:1084D0001EF9236A33442362002005B0BDE8F08F03
:1084E00052F8100C1368434042F8103C04320B461B
:1084F000C6E71A7C19784A4003F8012BC4E7FA58FA
:10850000E0584240E2500B46191D8D4204EB030235
:10851000F5D2AB4210D3CDF800B023462A4621460F
:108520004046FAF70DFA0028D7D1761B2F440AF1FE
:10853000010AC4E70023E7E7F85C1178414002F83C
:10854000011B0133E5E76FF08600C6E72DE9F04F28
:1085500093B006460391002800F0CB800368002BFF
:1085600000F0C780856B002D00F0C380002900F06B
:10857000C08006AF102138460DF128081C790DF196
:108580003809FAF747F910214046FAF743F9102164
:108590004846FAF73FF9326804F01F0492B392F8A4
:1085A00004A00AF01F0A0DF1140BCDF800B04B46E1
:1085B000524649463046FAF7C3F950B9BAF1100F9E
:1085C00007D149463846FAF7FBF939464046FAF7EB
:1085D000F7F910214846FAF71DF92B6AA34205F175
:1085E000100A11D33846CC460022111DA14265D98C
:1085F000A2421ED21AF80210B85C414009F80210DB
:108600000132F5E79246CEE74846CC460022934237
:108610003ED91AF802100CF8011B01329442F6D828
:10862000C4460022111DA14237D909EB0201A24222
:108630003BD348460022A5F1040C111DA14246D9A6
:10864000A918A2424CD33046CDF800B02B462246A2
:108650002946FAF775F9064620B9039822462946B5
:1086600000F055F810213846FAF7D4F810214046AA
:10867000FAF7D0F80023102150462B62FAF7CAF817
:1086800010212846FAF7C6F8304613B0BDE8F08F3F
:108690000CBF01210021C901BDE702685CF8043B61
:1086A0005A4040F8042B0A46BCE7087818F802C084
:1086B00080EA0C0001F8010B0132B8E76A1850F8A3
:1086C000043BD2685A404CF8042B0A468DE75CF80C
:1086D000012050F8043B5A404CF801200A46ACE710
:1086E00019F802C0087880EA0C0001F8010B013289
:1086F000A7E76FF08606C7E74FF48C72002100F001
:108700002DB818B14FF48C71FAF784B870470A4449
:10871000914200F1FF3300D1704710B511F8014BC1
:1087200003F8014F9142F9D110BD884210B501EB19
:10873000020402D98442234607D8431EA14207D02F
:1087400011F8012B03F8012FF8E70244824200D10F
:1087500010BD13F8011D02F8011DF7E7024403469E
:10876000934200D1704703F8011BF9E710B50139B6
:108770000244904201D1002005E0037811F8014F36
:10878000A34201D0181B10BD0130F2E710B502461C
:1087900001448A42134603D01C780132002CF8D1E0
:1087A000181A10BDF0B5C3F137070446FFB203F045
:1087B0001F031046082BE6B233D0102B3ED06508BD
:1087C000A40844EA817445EAC1752D194FEA910263
:1087D00042EB5102290941EA02716D1842EB121273
:1087E000290A41EA02616D1842EB1222290C41EA82
:1087F00002416D1842EB1242AD1842F10002EC0842
:1088000044EA4274D10804EB8402A6EB4205EDB2BF
:10881000092D0CD90134A5F10A0541F10001EDB291
:1088200012E0E40844EA417406F00705C90830354F
:1088300054EA010200F8015BBCD1F0BD240944EA0E
:10884000017406F00F050909092D84BFED19EDB279
:10885000EDE720F00042B2F1FF4F70B50346044649
:1088600010D3002807DA00F044F820B92046BDE80C
:108870007040FBF77BBA21462046D7F703FE04463B
:10888000204670BD002AFBD00028F0DB10F0FF412D
:1088900027D0C215C3F31603A2F17F0043F40003EF
:1088A000D20758BF5B00002440105B001925264604
:1088B0004FF0807172189A42DDBF561864189A1AE8
:1088C0001A46013D4FEA42034FEA5101F2D112B17B
:1088D000013424F00104641004F17C5404EBC0540E
:1088E000CEE75B0018020A4601F10101F9D55242B8
:1088F000D0E720F00040B0F1FF4F94BF00200120EE
:108900007047C0F3C7530028A3F17F010246ACBFF4
:1089100001204FF0FF301E291ADC002903DA013153
:1089200018BF002070471629D8BF4FF48003C2F348
:108930001602D8BF0B4142F40002CDBF963B9B18F4
:10894000C1F1170102FA03F3D8BFCB405843704777
:1089500001284FF0FF3018BF002000F100407047A1
:10896000D1E9043293421EBF5A1C0A611870704745
:0C89700010B14FF000407047002070472D
:08897C008481FD7F0100000071
:108984007D6300000000000021630000000000007F
:10899400000000001C8A020035E401000000000011
:1089A40085E401000000000000000000548A020079
:1089B40000000000388A020000000000708A0200F3
:1089C400000000008C8A020081C001000000000049
:1089D400E1CE0100000000007D4B02000000000019
:1089E400995A0000000000006B70020000000000B3
:1089F40091F101000000000000000000A88A0200BC
:108A0400FD64000000000000996800000000000000
:088A14005937000000000000CA
:108A1C0027E30200409A02007C8C020052050020E1
:108A2C00C02A0020F9BC010000000000BDE40200D7
:108A3C00589A02004C8C020056050020602B002036
:108A4C0009C8010000000000CBE402006C9A02008F
:108A5C004C8C0200580500206C2B002009C801002A
:108A6C0000000000A2E3020000000000448C0200A1
:108A7C00540500201C2B0020E9C20100000000005E
:108A8C00F8E40200809A0200988C02005A0500203B
:108A9C00782B002029CB010000000000C0940200BC
:108AAC0000000000708C02005005002028200020DF
:088ABC000000000000000000B2
:108AC400E36D02003B6D020000000000F34D020064
:108AD4008C8A0200B96C020000000000F34D020011
:108AE40000000000F34D020000000000F34D0200FE
:108AF400500200203B6C020000000000F34D020015
:108B040000000000F34D020000000000F34D0200DD
:108B140000000000F34D0200000000008D940100ED
:108B240000000000F34D02001C2B002081C3010053
:108B34000000000051BB010000000000F34D0200E2
:108B440000000000F34D020000000000BDCC010055
:108B540000000000F34D020000000000F34D02008D
:108B640000000000F34D020000000000F34D02007D
:108B740000000000F34D020000000000F34D02006D
:108B840000000000BD94010000000000F34D02004D
:108B940000000000F34D020000000000F34D02004D
:108BA40000000000F34D020000000000F34D02003D
:108BB40000000000F34D020000000000F34D02002D
:108BC40000000000F34D020000000000F34D02001D
:108BD40000000000F34D020000000000F34D02000D
:108BE40000000000F34D020000000000F34D0200FD
:108BF40000000000F34D020000000000F34D0200ED
:108C040000000000F34D020000000000F34D0200DC
:108C140000000000F34D020000000000F34D0200CC
:108C240000000000F34D020000000000F34D0200BC
:108C340000000000F34D020000000000F34D0200AC
:108C44006DC2010091C1010001C60100E36B020085
:108C5400F16B0200096C0200156C0200216C020029
:108C6400F1C40100F5C3010000000000151A010061
:108C740015180100F51A010051BD0100DD6B020059
:108C8400B56B0200000000001DBC010000000000E4
:108C940000000000736C020071CA0100656C0200E0
:108CA4000500000019A90000060000006DD70000AF
:088CB40004000000A9BC00004F
:108CBC0055270000B927000000000000000000004C
:108CCC000000000000000000000000000000000098
:108CDC001C93020008000000349002000700000002
:088CEC00D88E02000C0000000C
:108CF40005CD020003000000FFDA020003000000BB
:108D0400A9BF020003000000E3D402000300000036
:108D140087E2020003000000F8970200030000004D
:108D24000096020003000000D49402000300000037
:108D34001097020003000000E49702000300000003
:108D4400B0BF0200030000004BCE0200030000008D
:108D5400F2DD0200030000002AC902000300000043
:108D6400ACCC0200030000007FE20200030000001C
:108D7400A9D702000300000088BD02000300000020
:108D84000CE202000300000064AE020003000000D5
:108D940042E302000300000041B1020003000000AE
:108DA40045B1020003000000DBB202000300000032
:108DB40006B90200030000001BBC0200030000000F
:108DC400B6BC0200030000000EE90200030000002C
:108DD400A1AD020003000000C5BC020003000000B6
:108DE40075AE02000300000006E502000300000067
:088DF4007DAB0200030000004A
:108DFC00189002000C020020CAB202000100000010
:108E100000000000030000003000000060000000BF
:108E20000000000015C802001AC802001EC8020097
:108E300022C8020026C802002AC802002EC802006A
:108E400032C8020036C802003AC802003EC802001A
:108E500042C8020046C802004AC802004EC80200CA
:108E600052C8020056C802000001060201000000BC
:108E700000010201040404041800280000002A0074
:108E800001030062746C6500000000000000000037
:108E900000000000000000000000000000000000D2
:108EA00000000000000000000000000000000000C2
:108EB00000000000000100000000000000000000B1
:108EC0000338FDD870470000010100004C05002068
:108ED000FF190000BA32002094A802009761020036
:108EE0000000000020F402000000010090A8020031
:108EF000CD63020000000000EC0100200000010032
:108F00000FF40200A747020000000000D332002047
:108F1000000001008CA80200696102007DC500000C
:108F2000C80100200000030088A80200CD630200F1
:108F300000000000C001002000000100FEF302005C
:108F40008F47020000000000F60100200000010031
:108F500084A80200696102007DC500009C01002018
:108F60000000030080A80200CD63020000000000A2
:108F70009401002000000100EDF302008F47020081
:108F800000000000F7010020000001007CA80200A2
:108F9000696102007DC5000070010020000003002F
:108FA00078A80200CD6302000000000068010020E4
:108FB00000000100DCF302008F470200E1280000FE
:108FC000F801002000000300654C020000000000D2
:108FD00000000000000000000000000052B202008B
:108FE0005AB2020000000000000000000000000073
:108FF00062B2020066B202006AB202006EB2020001
:109000000890020010130020F149000028130020EE
:10901000D6320020010000000F4D020000000000C9
:10902000DD4C0200154A000000000000D14C020097
:1090300000000000C0A802009761020000000000CC
:10904000BCA8020000000100B8A80200CD63020025
:10905000000000002402002000000100B0A802006F
:10906000614D02000000000000000000000001004F
:10907000ACA80200CD630200000000001C0200202A
:1090800000000100A4A802002D4D02000000000015
:109090000000000000000100A0A80200CD63020053
:1090A00000000000140200200000010098A8020047
:1090B0005D4A000000000000000000000000010008
:1090C000000000200000000000000B06020000006D
:1090D000D49002000000000002BB0200260002063D
:1090E000000000200ABB020022000B11ED5B000013
:1090F000000000009D4E0200EC900200089102006A
:109100004A00000000000000E8630020EC9002002C
:109110001C9102002E00000000000000B06800203A
:10912000EC900200309102000201000000000000FB
:10913000846900205AC8020078C8020093C802005F
:10914000A3C80200B0C80200B9C80200C0C802002B
:10915000C7C80200CEC80200D6C80200B0C80200CC
:10916000DEC80200F0C8020005C9020018C90200EA
:109170000E030000A57E00000F040000757E0000B5
:109180001A010000C16C0000050400004D680000D9
:1091900013010000CD7100003E010000CD6A000007
:1091A00001120000775102000A1E0000A5510200C2
:1091B000FF0100006D6C00003E0100004D6C0000DE
:1091C00005040000E5690000080400006574000063
:1091D00030030000C5730000100100003D6900006D
:1091E00001120000117B00000A1E0000475202001D
:1091F0000309000001700000040B0000ED6C00008A
:10920000060A0000A97D0000070A00006D69000041
:109210000C050000A9690000050C0000897C000015
:10922000EC900200309202004700000000000000B5
:10923000A06A002062D402006FD402008FD4020022
:1092400083D402009AD40200B1D40200C1D4020037
:10925000E7D90200D5D40200EC9002006892020027
:109260000000000000000000C06B0020EC90020035
:109270007C9202004A00000000000000E86B002021
:109280004B570200A9570200000000000000000038
:1092900000000000E9AC0000000000000000000039
:1092A000000000000000000002020100895B0200D3
:1092B00004040100CDB300000606010005B700005C
:1092C00008040100C5B700000A020100A35C020007
:1092D0000C0401008B5C02000E040100DDB50000EF
:1092E0002004010071B6000010040100D9B800008C
:1092F000120201003F5C02001E000400F35F020046
:1093000052020000655C0200EC900200189302001B
:109310004C00000000000000406D0020F0A802009A
:109320009761020000000000ECA8020000000100AC
:10933000E8A80200CD6302000000000088030020BE
:1093400000000100E0A80200000000000000000092
:109350000000000000000000DCA8020069610200BB
:109360007DC500009003002000000300D8A8020083
:10937000CD63020000000000800300200000010017
:10938000D0A80200CF610200FDC70000000000006D
:1093900000000300CCA80200CD6302000000000022
:1093A0007803002000000100C4A8020031CC0000B6
:1093B00000000000000000000000010051DF00007C
:1093C000CD69020089E900000000000000000000F3
:1093D00005E60000000000000000000000000000A2
:1093E0000000000000000000000000000DE0000090
:1093F00006000000996702000600000081DC000002
:1094000010000000B1D80000100000001DE90000AD
:1094100001000000D96502001000000095670200FD
:109420000A00000039D80000100000002DE70000FD
:10943000070000009D670200100000007766020030
:109440000100000079DE00004000000039670200E2
:1094500010000000B5660200010000004C4C2069BD
:109460006E697469616C697A6174696F6E20666196
:10947000696C65643A202564000000004254204372
:10948000544C5220525820707269000042542043BC
:10949000544C522052580000456D70747920484356
:1094A00049207061636B657400000000556E6B6E3F
:1094B0006F776E20484349207479706520257500C8
:1094C00062745F6863695F636F6E74726F6C6C6502
:1094D0007200000062745F63746C725F6863695F3E
:1094E00064726976657200005A6570687972204FFF
:1094F000532076342E342E39390000004E6F204828
:10950000434920436F6D6D616E64206865616465D9
:1095100072000000496E76616C69642048434920FE
:10952000434D44207061636B6574206C656E677495
:10953000680000004E6F204843492041434C20689A
:109540006561646572000000496E76616C69642033
:109550004843492041434C207061636B6574206C23
:10956000656E677468000000496E76616C696420FE
:109570004843492041434C2044617461206C656E2E
:1095800067746800547820427566666572204F766D
:109590006572666C6F770000496E76616C69642055
:1095A000547820456E7175657565000068616E645C
:1095B0006C653A203078253034782C2073746174CF
:1095C00075733A2025782C2074783A2025782C2041
:1095D00072783A2025782E00747970653A203078B8
:1095E000253032780000000072656A656374206F70
:1095F00070636F64653A203078253032780000005F
:1096000062745F63746C725F68636900574553549A
:109610005F544F504449522F7A65706879722F73A6
:1096200075627379732F626C7565746F6F74682FD0
:10963000636F6E74726F6C6C65722F6C6C5F737796
:109640002F756C6C5F6164762E6300002869647806
:10965000203D3D206964785F7465737429000000C3
:10966000415353455254494F4E204641494C205B8B
:1096700025735D20402025733A25640A0000000010
:109680000950726F6261626C6520414420446174CC
:109690006120436F7272757074696F6E2E0A0A00D2
:1096A000574553545F544F504449522F7A65706860
:1096B00079722F7375627379732F626C7565746F2D
:1096C0006F74682F636F6E74726F6C6C65722F6C41
:1096D0006C5F73772F756C6C5F636F6E6E2E6300BB
:1096E000657272203D3D2030207C7C2065727220A6
:1096F0003D3D202D3132300009706172616D313A8B
:1097000020257520706172616D323A2025750A003E
:1097100062745F63746C725F756C6C5F636F6E6EA6
:1097200000000000574553545F544F504449522F96
:109730007A65706879722F696E636C7564652F7ACB
:1097400065706879722F7379732F627974656F729F
:109750006465722E68000000282870737263203CD4
:109760002070647374202626202870737263202B67
:10977000206C656E67746829203C3D2070647374AA
:1097800029207C7C202870737263203E20706473D3
:1097900074202626202870647374202B206C656E3C
:1097A00067746829203C3D2070737263292900008A
:1097B00009536F7572636520616E6420646573740C
:1097C000696E6174696F6E2062756666657273207A
:1097D0006D757374206E6F74206F7665726C617036
:1097E0000A00000062745F63746C725F756C6C5F7A
:1097F00066696C746572000062745F63746C725F9A
:1098000063727970746F0000574553545F544F5022
:109810004449522F7A65706879722F696E636C754E
:1098200064652F7A65706879722F647269766572E3
:10983000732F656E74726F70792E68006170692D78
:109840003E6765745F656E74726F707920213D208C
:109850002828766F6964202A293029000943616C21
:109860006C6261636B20706F696E746572207368DF
:109870006F756C64206E6F74206265204E554C4C81
:109880000A000000574553545F544F504449522F2B
:109890007A65706879722F7375627379732F626C51
:1098A0007565746F6F74682F636F6E74726F6C6C14
:1098B00065722F6C6C5F73772F6E6F726469632FA4
:1098C0006C6C6C2F6C6C6C5F6164762E63000000B6
:1098D000300000000925733A2041637475616C20E3
:1098E0004556454E545F4F564552484541445F5397
:1098F000544152545F5553203D2025750A00000005
:10990000574553545F544F504449522F7A657068FD
:1099100079722F7375627379732F626C7565746FCA
:109920006F74682F636F6E74726F6C6C65722F6CDE
:109930006C5F73772F6E6F726469632F6C6C6C2F22
:109940006C6C6C5F7065726970686572616C2E63B7
:109950000000000039560100495601005956010027
:109960006956010000000000000000007956010067
:109970001157010089560100000000004157010005
:10998000000000009956010021570100000000006E
:10999000A956010091570100B95601005157010025
:1099A000615701007157010081570100A157010063
:1099B000B1570100C956010000000000000000007E
:1099C000000000000000000000000000315701000E
:1099D00008020B020A03050200000000000000005C
:1099E0000202000006020000040300000000090358
:1099F00000000000010300000C030000070300004A
:109A00000000000000000000F401FA00960064006D
:109A10004B0032001E001400707265706172655F49
:109A200063620000707265706172655F636200005E
:109A300001030405E1BB0100D1BC010000000000EE
:109A40005DBE010081BD010036E30200D96B02005A
:109A5000D56B02003CE30200FFFF00000003005052
:109A6000500200200000000001000000BCF801FFCF
:109A70000000005050020020000000000000000024
:109A8000002000400100000000000000A09A020039
:109A90000000D6010000000015340020143400201E
:109AA00000200040AC9A020002000000CC9A0200A4
:109AB00004000000BC9A02000401000008800001BC
:109AC00005800002078000030686000006000000F3
:109AD0000500000208060001070600030800000058
:109AE0000300000059E8020067E802007BE802007A
:109AF0008AE8020096E80200848902008C8902004C
:109B0000D4890200DC890200148A02001C8A020047
:109B10000FEC0200000100008813000000000000AC
:109B20000A5695CE5753F2DD5CE419BAE4B84A8B75
:109B300025F321DD8886E8D2855D882518FF7185AB
:109B40003C14A918D430E77901B6ED5FFC95BA75DD
:109B5000102562772B73FB79C65537A5765F901871
:109B6000DFBDC42962DF9CD890308478CD05F0AC8D
:109B7000D62E21F7AB20A2E5344887041D0630DC41
:109B8000512563FCC2CAB9F3849E17A7ADFAE6BC9F
:109B9000FFFFFFFFFFFFFFFF00000000FFFFFFFFD1
:109BA000A2EE79BE954C2483A66FBD499C79994657
:109BB00059EC6B2B39B245282056D9F3942DE16628
:109BC0004FBC00EEFFFFFFFFFFFFFFFFFFFFFFFFA8
:109BD0000000000000000000000000000100000084
:109BE000FFFFFFFF0300000000000000FFFFFFFF7A
:109BF000FBFFFFFFFEFFFFFFFFFFFFFFFDFFFFFF7C
:109C000004000000010000005D870200489C020083
:109C100002000000409C020003000000389C02008B
:109C200004000000309C0200000000000000000062
:109C3000A9F3020010140400B5F30200101303008E
:109C4000C1F302001012020002000000F3830200C0
:109C5000EF830200EB830200D3830200C183020082
:109C600001000000020000000400000008000000E5
:109C700010000000200000004000000080000000F4
:109C80001B0000003600000051F4A7507E416553D0
:109C90001A17A4C33A275E963BAB6BCB1F9D45F1C9
:109CA000ACFA58AB4BE303932030FA55AD766DF622
:109CB00088CC7691F5024C254FE5D7FCC52ACBD749
:109CC00026354480B562A38FDEB15A4925BA1B6799
:109CD00045EA0E985DFEC0E1C32F7502814CF0127B
:109CE0008D4697A36BD3F9C6038F5FE715929C95BA
:109CF000BF6D7AEB955259DAD4BE832D587421D3B7
:109D000049E069298EC9C84475C2896AF48E797898
:109D100099583E6B27B971DDBEE14FB6F088AD179B
:109D2000C920AC667DCE3AB463DF4A18E51A3182A9
:109D30009751336062537F45B16477E0BB6BAE846B
:109D4000FE81A01CF9082B94704868588F45FD19B6
:109D500094DE6C87527BF8B7AB73D323724B02E26D
:109D6000E31F8F576655AB2AB2EB28072FB5C20306
:109D700086C57B9AD33708A5302887F223BFA5B2C2
:109D800002036ABAED16825C8ACF1C2BA779B492C3
:109D9000F307F2F04E69E2A165DAF4CD0605BED50F
:109DA000D134621FC4A6FE8A342E539DA2F355A05F
:109DB000058AE132A4F6EB750B83EC394060EFAA1B
:109DC0005E719F06BD6E10513E218AF996DD063DFB
:109DD000DD3E05AE4DE6BD4691548DB571C45D05C1
:109DE0000406D46F605015FF1998FB24D6BDE9977F
:109DF000894043CC67D99E77B0E842BD07898B88FC
:109E0000E7195B3879C8EEDBA17C0A477C420FE991
:109E1000F8841EC90000000009808683322BED48BB
:109E20001E1170AC6C5A724EFD0EFFFB0F8538563A
:109E30003DAED51E362D39270A0FD964685CA621A0
:109E40009B5B54D124362E3A0C0A67B19357E70F27
:109E5000B4EE96D21B9B919E80C0C54F61DC20A2C0
:109E60005A774B691C121A16E293BA0AC0A02AE567
:109E70003C22E043121B171D0E090D0BF28BC7ADE0
:109E80002DB6A8B9141EA9C857F11985AF75074C8E
:109E9000EE99DDBBA37F60FDF701269F5C72F5BCE8
:109EA00044663BC55BFB7E348B432976CB23C6DC03
:109EB000B6EDFC68B8E4F163D731DCCA42638510C3
:109EC0001397224084C61120854A247DD2BB3DF8D9
:109ED000AEF93211C729A16D1D9E2F4BDCB230F3B4
:109EE0000D8652EC77C1E3D02BB3166CA970B999EB
:109EF000119448FA47E96422A8FC8CC4A0F03F1AE8
:109F0000567D2CD8223390EF87494EC7D938D1C11E
:109F10008CCAA2FE98D40B36A6F581CFA57ADE288E
:109F2000DAB78E263FADBFA42C3A9DE45078920D4F
:109F30006A5FCC9B547E4662F68D13C290D8B8E817
:109F40002E39F75E82C3AFF59F5D80BE69D0937CEA
:109F50006FD52DA9CF2512B3C8AC993B10187DA79A
:109F6000E89C636EDB3BBB7BCD2678096E5918F409
:109F7000EC9AB701834F9AA8E6956E65AAFFE67E34
:109F800021BCCF08EF15E8E6BAE79BD94A6F36CE79
:109F9000EA9F09D429B07CD631A4B2AF2A3F23313D
:109FA000C6A5943035A266C0744EBC37FC82CAA6E2
:109FB000E090D0B033A7D815F104984A41ECDAF715
:109FC0007FCD500E1791F62F764DD68D43EFB04DC5
:109FD000CCAA4D54E49604DF9ED1B5E34C6A881BAD
:109FE000C12C1FB84665517F9D5EEA04018C355D2A
:109FF000FA877473FB0B412EB3671D5A92DBD25262
:10A00000E91056336DD647139AD7618C37A10C7A75
:10A0100059F8148EEB133C89CEA927EEB761C935E8
:10A02000E11CE5ED7A47B13C9CD2DF5955F2733F14
:10A030001814CE7973C737BF53F7CDEA5FFDAA5B1B
:10A04000DF3D6F147844DB86CAAFF381B968C43E44
:10A050003824342CC2A3405F161DC372BCE2250C09
:10A06000283C498BFF0D954139A80171080CB3DEDE
:10A07000D8B4E49C6456C1907BCB8461D532B67071
:10A08000486C5C74D0B85742C66363A5F87C7C8486
:10A09000EE777799F67B7B8DFFF2F20DD66B6BBD79
:10A0A000DE6F6FB191C5C5546030305002010103BD
:10A0B000CE6767A9562B2B7DE7FEFE19B5D7D76271
:10A0C0004DABABE6EC76769A8FCACA451F82829D6D
:10A0D00089C9C940FA7D7D87EFFAFA15B25959EB63
:10A0E0008E4747C9FBF0F00B41ADADECB3D4D4675C
:10A0F0005FA2A2FD45AFAFEA239C9CBF53A4A4F787
:10A10000E47272969BC0C05B75B7B7C2E1FDFD1CDF
:10A110003D9393AE4C26266A6C36365A7E3F3F41BD
:10A12000F5F7F70283CCCC4F6834345C51A5A5F425
:10A13000D1E5E534F9F1F108E2717193ABD8D87348
:10A14000623131532A15153F0804040C95C7C752D4
:10A15000462323659DC3C35E30181828379696A101
:10A160000A05050F2F9A9AB50E0707092412123611
:10A170001B80809BDFE2E23DCDEBEB264E2727697B
:10A180007FB2B2CDEA75759F1209091B1D83839EAC
:10A19000582C2C74341A1A2E361B1B2DDC6E6EB202
:10A1A000B45A5AEE5BA0A0FBA45252F6763B3B4D4C
:10A1B000B7D6D6617DB3B3CE5229297BDDE3E33E2A
:10A1C0005E2F2F7113848497A65353F5B9D1D168AC
:10A1D00000000000C1EDED2C40202060E3FCFC1FDE
:10A1E00079B1B1C8B65B5BEDD46A6ABE8DCBCB46A4
:10A1F00067BEBED97239394B944A4ADE984C4CD46A
:10A20000B05858E885CFCF4ABBD0D06BC5EFEF2A06
:10A210004FAAAAE5EDFBFB16864343C59A4D4DD7E1
:10A2200066333355118585948A4545CFE9F9F91090
:10A2300004020206FE7F7F81A05050F0783C3C442F
:10A24000259F9FBA4BA8A8E3A25151F35DA3A3FE9B
:10A25000804040C0058F8F8A3F9292AD219D9DBC6A
:10A2600070383848F1F5F50463BCBCDF77B6B6C189
:10A27000AFDADA754221216320101030E5FFFF1AB2
:10A28000FDF3F30EBFD2D26D81CDCD4C180C0C1462
:10A2900026131335C3ECEC2FBE5F5FE1359797A211
:10A2A000884444CC2E17173993C4C45755A7A7F236
:10A2B000FC7E7E827A3D3D47C86464ACBA5D5DE752
:10A2C0003219192BE6737395C06060A019818198CB
:10A2D0009E4F4FD1A3DCDC7F44222266542A2A7E83
:10A2E0003B9090AB0B8888838C4646CAC7EEEE291C
:10A2F0006BB8B8D32814143CA7DEDE79BC5E5EE2EE
:10A30000160B0B1DADDBDB76DBE0E03B6432325637
:10A31000743A3A4E140A0A1E924949DB0C06060AA0
:10A320004824246CB85C5CE49FC2C25DBDD3D36E8C
:10A3300043ACACEFC46262A6399191A8319595A463
:10A34000D3E4E437F279798BD5E7E7328BC8C84399
:10A350006E373759DA6D6DB7018D8D8CB1D5D564F7
:10A360009C4E4ED249A9A9E0D86C6CB4AC5656FAB2
:10A37000F3F4F407CFEAEA25CA6565AFF47A7A8E7A
:10A3800047AEAEE9100808186FBABAD5F0787888E9
:10A390004A25256F5C2E2E72381C1C2457A6A6F168
:10A3A00073B4B4C797C6C651CBE8E823A1DDDD7C02
:10A3B000E874749C3E1F1F21964B4BDD61BDBDDCD4
:10A3C0000D8B8B860F8A8A85E07070907C3E3E42B2
:10A3D00071B5B5C4CC6666AA904848D80603030593
:10A3E000F7F6F6011C0E0E12C26161A36A35355FE5
:10A3F000AE5757F969B9B9D01786869199C1C15836
:10A400003A1D1D27279E9EB9D9E1E138EBF8F813D4
:10A410002B9898B322111133D26969BBA9D9D9708D
:10A42000078E8E89339494A72D9B9BB63C1E1E22CB
:10A4300015878792C9E9E92087CECE49AA5555FFED
:10A4400050282878A5DFDF7A038C8C8F59A1A1F8DA
:10A45000098989801A0D0D1765BFBFDAD7E6E63185
:10A46000844242C6D06868B8824141C3299999B0F4
:10A470005A2D2D771E0F0F117BB0B0CBA85454FC72
:10A480006DBBBBD62C16163A000FC93F000F4940D2
:10A4900000CB9640000FC9400053FB4000CB164153
:10A4A00000ED2F41000F49410031624100537B41D3
:10A4B000003A8A4100CB9641005CA34100EDAF41D8
:10A4C000007EBC41000FC94100A0D5410031E241EE
:10A4D00000C2EE410053FB4100F20342003A0A423F
:10A4E0000083104200CB164200141D42005C234240
:10A4F00000A5294200ED2F4200363642007E3C4244
:10A5000000C74242000F4942A2000000F9000000CB
:10A51000830000006E0000004E00000044000000B8
:10A520001500000029000000FC00000027000000CA
:10A5300057000000D1000000F500000034000000CA
:10A54000DD000000C0000000DB0000006200000031
:10A5500095000000990000003C000000430000004E
:10A560009000000041000000FE00000051000000CB
:10A5700063000000AB000000DE000000BB00000034
:10A58000C500000061000000B700000024000000CA
:10A590006E0000003A000000420000004D00000084
:10A5A000D2000000E00000000600000049000000AA
:10A5B0002E000000EA00000009000000D1000000A9
:10A5C000920000001C000000FE0000001D000000C2
:10A5D000EB0000001C000000B1000000290000009A
:10A5E000A70000003E000000E8000000820000001C
:10A5F00035000000F50000002E000000BB00000048
:10A600004400000084000000E90000009C000000FD
:10A610007000000026000000B40000005F00000091
:10A620007E000000410000003900000091000000A1
:10A63000D600000039000000830000005300000035
:10A6400039000000F40000009C00000084000000BD
:10A650005F0000008B000000BD000000F90000005A
:10A66000280000003B0000001F000000F800000070
:10A6700097000000FF000000DE0000000500000061
:10A68000980000000F000000EF0000002F00000005
:10A69000110000008B0000005A0000000A000000BA
:10A6A0006D0000001F0000006D000000360000007B
:10A6B0007E000000CF00000027000000CB0000005B
:10A6C00009000000B70000004F0000004600000035
:10A6D0003F000000660000009E0000005F000000D8
:10A6E000EA0000002D0000007500000027000000B7
:10A6F000BA000000C7000000EB000000E500000009
:10A70000F10000007B0000003D0000000700000099
:10A7100039000000F70000008A000000520000002D
:10A7200092000000EA0000006B000000FB00000047
:10A730005F000000B10000001F0000008D0000005D
:10A740005D0000000800000056000000030000004B
:10A750003000000046000000FC0000007B0000000C
:10A760006B000000AB000000F0000000CF00000014
:10A77000BC000000200000009A000000F40000006F
:10A78000360000001D000000A9000000E3000000EA
:10A7900091000000610000005E000000E600000083
:10A7A0001B00000008000000650000009900000088
:10A7B000850000005F00000014000000A000000001
:10A7C00068000000400000008D000000FF00000055
:10A7D000D8000000800000004D0000007300000061
:10A7E0002700000031000000060000000600000005
:10A7F0001500000056000000CA00000073000000B1
:10A80000A8000000C900000060000000E200000095
:10A810007B000000C00000008C0000006B00000006
:10A820000000C93F0000F0390000DA370000A23311
:10A830000000842E0000502B0000C2270000D02210
:10A840000000C41F0000C61B0000441704000000E5
:10A8500007000000090000006937AC31682122338D
:10A86000B40F14336821A2333863ED3EDA0F493F49
:10A870005E987B3FDA0FC93F0000032800000229E1
:10A88000000003280000022900000328000002291C
:10A8900000000328000000280000042A0000042A09
:10A8A000000003280000012A0000012A00000328FC
:10A8B0000000002A0000002A000003280000001801
:10A8C0000000002800002A2B00002A2B000003288B
:10A8D0000000292B0000292B00000328000002297A
:10A8E0000000052A0000052A0000032800000118C6
:10A8F000000000286BFF79FF79FF7CFF0000436FA9
:10A900006E6E656374696F6E206661696C65642044
:10A9100028657272203078253032783A20257329E4
:10A9200000436F6E6E65637465643A20257300445E
:10A930006973636F6E6E6563746564202872656108
:10A94000736F6E203078253032783A2025732900D5
:10A95000656E61626C65640064697361626C6564F4
:10A960000054656D7065726174757265206E6F74E8
:10A97000696669636174696F6E7320257300486549
:10A980006172742072617465206E6F7469666963A8
:10A990006174696F6E73202573004261747465720F
:10A9A00079206E6F74696669636174696F6E732074
:10A9B00025730053616D706C696E6720696E7465F4
:10A9C0007276616C207570646174656420746F20A8
:10A9D0002575207300426C7565746F6F746820690B
:10A9E0006E6974206661696C6564202865727220E6
:10A9F00025642900426C7565746F6F746820696EF8
:10AA0000697469616C697A65640041647665727421
:10AA10006973696E67206661696C656420746F2074
:10AA20007374617274202865727220256429004154
:10AA300064766572746973696E6720737461727489
:10AA400065642077697468206169726372616674F5
:10AA50002074656C656D65747279207061796C6FB6
:10AA600061640041697263726166742025303878D0
:10AA70003A206C61743D2564206C6F6E3D25642026
:10AA8000616C743D2564206D2073706565643D259F
:10AA9000752E2575206B70682068656164696E6726
:10AAA0003D25752E257520626174746572793D258A
:10AAB0007525252070726F67726573733D252E337F
:10AAC00066004169726372616674206164766572C2
:10AAD000746973696E67207570646174652066615E
:10AAE000696C656420282564290054656D70657261
:10AAF0006174757265206E6F7469666963617469EB
:10AB00006F6E206661696C656420282564290048A1
:10AB1000656172742072617465206E6F7469666914
:10AB2000636174696F6E206661696C6564202825B5
:10AB300064290042617474657279206E6F7469666D
:10AB400069636174696F6E206661696C6564202851
:10AB5000256429005374617274696E67205A6570A8
:10AB600068797220424C4520616972637261667433
:10AB70002062726F6164636173746572007A6570DC
:10AB80006879725F626C655F6170700068656170A2
:10AB900020636F7272757074696F6E2028667265BB
:10ABA00065206C697374206C696E6B616765290040
:10ABB0006865617020636F7272757074696F6E2062
:10ABC0002866726565206368756E6B206C696E6BB4
:10ABD00061676529006865617020636F72727570C6
:10ABE00074696F6E20286E6F7420696E20757365AE
:10ABF0003F29206174202570006865617020636FB3
:10AC00007272757074696F6E2028627566666572FF
:10AC1000206F766572666C6F773F292061742025FE
:10AC200070006865617020636F7272757074696F0F
:10AC30006E20286C656674206E65696768626F7245
:10AC40003F29206174202570006865617020636F62
:10AC50007272757074696F6E2028646F75626C65AE
:10AC600020667265653F2920617420257000574574
:10AC700053545F544F504449522F7A65706879722B
:10AC80002F6C69622F686561702F686561702E6333
:10AC90000028616C69676E20262028616C69676EE8
:10ACA000202D20312929203D3D203000415353459E
:10ACB0005254494F4E204641494C205B25735D203C
:10ACC000402025733A25640A0009616C69676E208B
:10ACD0006D757374206265206120706F77657220D6
:10ACE0006F6620320A006279746573202F20385510
:10ACF000203C3D20307837666666550009686561FE
:10AD0000702073697A6520697320746F6F2062699F
:10AD1000670A006279746573203E20686561705F20
:10AD2000666F6F7465725F62797465732862797497
:10AD30006573290009686561702073697A65206907
:10AD40007320746F6F20736D616C6C0A00686561AD
:10AD5000705F737A203E206368756E6B737A287318
:10AD6000697A656F6628737472756374207A5F6898
:10AD70006561702929006368756E6B305F73697A4D
:10AD800065202B206D696E5F6368756E6B5F7369FC
:10AD90007A65286829203C3D20686561705F737A78
:10ADA000006F735F68656170002A2A2A20426F6F06
:10ADB00074696E67205A6570687972204F532062FB
:10ADC00075696C642076342E342E302D3233393050
:10ADD0002D67613734363461303231313232202AD6
:10ADE0002A2A0A00574553545F544F504449522F62
:10ADF0007A65706879722F6C69622F6F732F636246
:10AE00007072696E74665F7061636B616765642EF2
:10AE1000630009537472696E6720776974682074DF
:10AE20006F6F206D616E7920617267756D656E74EC
:10AE3000730A00097374725F7074725F706F735B72
:10AE40005D20746F6F20736D616C6C0A0009746F04
:10AE50006F206D616E7920666F726D617420617212
:10AE600067730A0063627072696E74665F70616313
:10AE70006B616765007379735F6765746F707400E9
:10AE8000574553545F544F504449522F7A65706868
:10AE900079722F6C69622F7574696C732F6F6E6F86
:10AEA00066662E63007374617465203D3D203055E5
:10AEB00000217379735F736C6973745F69735F6585
:10AEC0006D70747928266D67722D3E636C69656EAE
:10AED000747329007472616E73697420213D202897
:10AEE00028766F6964202A2930290073746174659B
:10AEF000203D3D202831554C203C3C20283129293B
:10AF0000006D67722D3E72656673203D3D203000F6
:10AF10007374617465203D3D202831554C203C3CC4
:10AF2000202830292900574553545F544F50444935
:10AF3000522F7A65706879722F696E636C756465DB
:10AF40002F7A65706879722F7370696E6C6F636B9E
:10AF50002E68007A5F7370696E5F756E6C6F636BDD
:10AF60005F76616C6964286C2900094E6F74206DEE
:10AF700079207370696E6C6F636B2025700A007A9C
:10AF80005F7370696E5F6C6F636B5F76616C696431
:10AF9000286C290009496E76616C696420737069B8
:10AFA0006E6C6F636B2025700A006D67722D3E72A8
:10AFB000656673203E203000287374617465203DFF
:10AFC0003D20282831554C203C3C2028322929207E
:10AFD0007C202831554C203C3C2028312929292926
:10AFE000207C7C20287374617465203D3D202828D6
:10AFF00031554C203C3C2028322929207C203055DA
:10B000002929207C7C20287374617465203D3D20B3
:10B01000282831554C203C3C2028322929207C20EE
:10B020002831554C203C3C2028302929292900571B
:10B030004553545F544F504449522F7A6570687994
:10B04000722F6C69622F7574696C732F6E6F7469DF
:10B0500066792E6300574553545F544F504449520C
:10B060002F7A65706879722F696E636C7564652FCD
:10B070007A65706879722F6C6F6767696E672F6C7D
:10B080006F675F6261636B656E642E680062616307
:10B090006B656E6420213D202828766F6964202A24
:10B0A00029302900574553545F544F504449522F7B
:10B0B0007A65706879722F7375627379732F6C6F0C
:10B0C0006767696E672F6C6F675F636F72652E636A
:10B0D000006C6F675F6261636B656E645F636F7561
:10B0E0006E745F6765742829203C2028283332203D
:10B0F0002F20335529202D202831202B203029299D
:10B10000006261636B656E64203C3D205F6C6F671D
:10B110005F6261636B656E645F6C6973745F656EBB
:10B12000640009756E6578706563746564206C6988
:10B13000737420656E64206C6F636174696F6E0A4E
:10B14000006C6F67006C6F675F6D676D74005745CB
:10B1500053545F544F504449522F7A657068797246
:10B160002F7375627379732F6C6F6767696E672FC2
:10B170006C6F675F6D73672E6300706C656E203E49
:10B180003D2030004D6573736167652064726F7098
:10B1900070656420626563617573652069742065FC
:10B1A0007863656564732073697A65206C696D697D
:10B1B000746174696F6E2028257529000D0A001BC3
:10B1C0005B306D0025732E0025733A2000574553E0
:10B1D000545F544F504449522F7A65706879722FEA
:10B1E0007375627379732F6C6F6767696E672F6C05
:10B1F0006F675F6F75747075742E63006C6576652C
:10B200006C203C3D203400257320005B2530386CD9
:10B21000755D20005B253032753A253032753A2550
:10B220003032752E253033752C253033755D200076
:10B230003C25733E200025732F00657272203E3D31
:10B24000203000253032782000202020007C00258E
:10B2500063001B5B313B33316D001B5B313B333390
:10B260006D006572720077726E00696E66006462CE
:10B270006700574553545F544F504449522F7A65E5
:10B28000706879722F7375627379732F6C6F67674B
:10B29000696E672F6261636B656E64732F6C6F6795
:10B2A0005F6261636B656E645F756172742E6300CB
:10B2B0006465766963655F69735F72656164792847
:10B2C000756172745F64657629006C6F675F626197
:10B2D000636B656E645F75617274006C6F675F7538
:10B2E00061727400574553545F544F504449522F74
:10B2F0007A65706879722F696E636C7564652F7AF0
:10B3000065706879722F6B65726E656C2E680021AE
:10B310006B5F69735F7072655F6B65726E656C28D9
:10B320002900096B5F63757272656E745F6765747F
:10B330002063616C6C6564207072652D6B65726E44
:10B34000656C0A0072302F61313A20203078253048
:10B350003878202072312F61323A20203078253021
:10B360003878202072322F61333A2020307825300F
:10B3700038780072332F61343A2020307825303805
:10B3800078207231322F69703A2020307825303899
:10B3900078207231342F6C723A2020307825303882
:10B3A000780020787073723A202030782530387811
:10B3B000004661756C74696E6720696E737472758E
:10B3C0006374696F6E2061646472657373202872A0
:10B3D00031352F7063293A20307825303878005580
:10B3E0006E68616E646C6564204952516E3A202526
:10B3F00064002A2A2A2A2A204D5055204641554CBD
:10B4000054202A2A2A2A2A002020537461636B6957
:10B410006E67206572726F722028636F6E74657834
:10B42000742061726561206D6967687420626520AF
:10B430006E6F742076616C696429002020556E73EC
:10B440007461636B696E67206572726F7200202091
:10B4500044617461204163636573732056696F6C46
:10B460006174696F6E0020204D4D46415220416449
:10B4700064726573733A2030782578002020496E15
:10B48000737472756374696F6E204163636573735F
:10B490002056696F6C6174696F6E002020466C6F76
:10B4A0006174696E672D706F696E74206C617A7952
:10B4B000207374617465207072657365727661744F
:10B4C000696F6E206572726F7200574553545F54F6
:10B4D0004F504449522F7A65706879722F617263B8
:10B4E000682F61726D2F636F72652F636F72746561
:10B4F000785F6D2F6661756C742E63002128282893
:10B500005343425F54797065202A292028283078D7
:10B510004530303045303030554C29202B203078A4
:10B5200030443030554C2920292D3E43465352207B
:10B5300026202831554C203C3C20283055202B20FB
:10B5400034552929290009537461636B696E67209A
:10B550006572726F72206E6F742061207374616304
:10B560006B206661696C0A0A002A2A2A2A2A205559
:10B5700053414745204641554C54202A2A2A2A2A1D
:10B580000020204469766973696F6E206279207AA1
:10B5900065726F002020556E616C69676E6564206E
:10B5A0006D656D6F72792061636365737300202030
:10B5B0004E6F20636F70726F636573736F72206973
:10B5C0006E737472756374696F6E73002020496CBA
:10B5D0006C6567616C206C6F6164206F66204558F4
:10B5E000435F52455455524E20696E746F2050434C
:10B5F000002020496C6C6567616C20757365206F55
:10B6000066207468652045505352002020417474B0
:10B61000656D707420746F2065786563757465203E
:10B62000756E646566696E656420696E73747275A3
:10B630006374696F6E002A2A2A2A2A2042555320F1
:10B640004641554C54202A2A2A2A2A002020537485
:10B6500061636B696E67206572726F7200202050A3
:10B66000726563697365206461746120627573201B
:10B670006572726F7200202042464152204164641C
:10B68000726573733A2030782578002020496D70F8
:10B6900072656369736520646174612062757320EB
:10B6A0006572726F72002020496E737472756374D4
:10B6B000696F6E20627573206572726F72005265D9
:10B6C00073657276656420457863657074696F6E22
:10B6D00020280053707572696F757320696E7465E8
:10B6E000727275707420284952512000535053458E
:10B6F0004C20696E20746872656164206D6F6465AA
:10B7000020646F6573206E6F7420696E6469636175
:10B710007465205053500065736620213D20282811
:10B72000766F6964202A2930290009455346206331
:10B730006F756C64206E6F74206265207265747220
:10B740006965766564207375636365737366756C8C
:10B750006C792E205368616C6C206E657665722062
:10B760006F636375722E0A002A2A2A2A2A2048410A
:10B770005244204641554C54202A2A2A2A2A002085
:10B7800020427573206661756C74206F6E2076653B
:10B7900063746F72207461626C652072656164000D
:10B7A00020204465627567206576656E74002020F0
:10B7B0004661756C7420657363616C6174696F6E4A
:10B7C00020287365652062656C6F772900415243BC
:10B7D000485F455843455054207769746820726526
:10B7E00061736F6E2025780A00094661756C7420BC
:10B7F000657363616C6174696F6E20776974686FDB
:10B8000075742046535220696E666F0A00094861BC
:10B8100072644661756C7420776974686F75742002
:10B820004846535220696E666F205368616C6C20E5
:10B830006E65766572206F636375720A002A2A2A24
:10B840002A2A204465627567206D6F6E69746F7275
:10B8500020657863657074696F6E202A2A2A2A2A07
:10B86000002A2A2A2A2A20257320256429202A2A08
:10B870002A2A2A00574553545F544F504449522FA7
:10B880007A65706879722F617263682F61726D2FAB
:10B89000636F72652F636F727465785F6D2F697265
:10B8A000715F6D616E6167652E63007072696F20F4
:10B8B0003C3D20282831554C203C3C202833292968
:10B8C000202D2031290009696E76616C6964207031
:10B8D00072696F7269747920256420666F72202501
:10B8E0006420697271212076616C756573206D75B5
:10B8F0007374206265206C657373207468616E20B8
:10B90000256C750A0A006D7075004661696C656486
:10B9100020746F20616C6C6F63617465206E657755
:10B92000204D505520726567696F6E2025750A009D
:10B93000506172746974696F6E2025753A20636F67
:10B94000686572656E636520636865636B20666118
:10B95000696C65642E00574553545F544F504449F9
:10B96000522F7A65706879722F617263682F6172E5
:10B970006D2F636F72652F6D70752F61726D5F6DC6
:10B9800070752E630009436F6E6669677572696E24
:10B990006720257520737461746963204D505520AC
:10B9A000726567696F6E73206661696C65640A0A07
:10B9B0000009436F6E6669677572696E6720257549
:10B9C0002064796E616D6963204D50552072656702
:10B9D000696F6E73206661696C65640A0A000952BA
:10B9E00065717565737420746F20636F6E66696727
:10B9F0007572653A20257520726567696F6E7320D0
:10BA000028737570706F727465643A202575290A01
:10BA10000A002128726567696F6E5B6964785D2E24
:10BA200064745F617474722026202831554C203C68
:10BA30003C202830292929000952414D5F4E4F43AF
:10BA40004143484520776974682044545F4D454D13
:10BA50005F434143484541424C45206174747269DB
:10BA6000627574650A0A00094661696C6564207430
:10BA70006F20616C6C6F63617465204D505520724E
:10BA80006567696F6E732066726F6D2044540A0A91
:10BA9000002828284D50555F54797065202A2920A8
:10BAA000282830784530303045303030554C29200A
:10BAB0002B20307830443930554C2920292D3E54E4
:10BAC0005950452026202830784646554C203C3C8D
:10BAD0002038552929203E3E203855203D3D20382C
:10BAE0000009496E76616C6964206E756D626572DD
:10BAF000206F66204D505520726567696F6E730A1E
:10BB00000A00464C4153485F30005352414D5F306C
:10BB100000574553545F544F504449522F7A657033
:10BB20006879722F6C69622F6C6962632F636F6D25
:10BB30006D6F6E2F736F757263652F7374646C69AC
:10BB4000622F6D616C6C6F632E63006C6F636B5F53
:10BB5000726574203D3D203000574553545F544F6B
:10BB6000504449522F7A65706879722F6C69622F40
:10BB70006E65745F6275662F6275662E630062750E
:10BB8000662D3E6672616773203D3D202828766FE2
:10BB90006964202A293029007265715F73697A65AA
:10BBA000203C3D2073697A65006F6C645F72656646
:10BBB00020213D2030000962756620257020646FC9
:10BBC00075626C6520667265650A006F6C645F72F1
:10BBD000656620213D203078666600096275662022
:10BBE00025702072656620636F756E74206F7665B0
:10BBF00072666C6F770A00706172656E742D3E66B6
:10BC00007261677300706172656E742D3E66726159
:10BC10006773203D3D2066726167006E65745F62E8
:10BC2000756600574553545F544F504449522F7A1C
:10BC300065706879722F6C69622F6E65745F6275CA
:10BC4000662F6275665F73696D706C652E63006246
:10BC500075662D3E6C656E203D3D203055006E654D
:10BC6000745F6275665F73696D706C655F7461693E
:10BC70006C726F6F6D2862756629203E3D206C6581
:10BC80006E006275662D3E6C656E203E3D206C65D3
:10BC90006E006E65745F6275665F73696D706C656A
:10BCA0005F68656164726F6F6D2862756629203EFA
:10BCB0003D206C656E006E65745F6275665F7369CA
:10BCC0006D706C6500736F6300574553545F544F3C
:10BCD000504449522F7A65706879722F696E636C8F
:10BCE0007564652F7A65706879722F6472697665FC
:10BCF00072732F656E74726F70792E68006170694F
:10BD00002D3E6765745F656E74726F707920213D9A
:10BD1000202828766F6964202A2930290009436188
:10BD20006C6C6261636B20706F696E7465722073F6
:10BD3000686F756C64206E6F74206265204E554C80
:10BD40004C0A007075626C69630072616E646F6D9D
:10BD5000007075626C69632D69640072616E646F56
:10BD60006D2D696400253032583A253032583A2515
:10BD70003032583A253032583A253032583A253048
:10BD8000325820282573290062745F727061004266
:10BD900054204C5720575100574553545F544F502F
:10BDA0004449522F7A65706879722F696E636C7599
:10BDB00064652F7A65706879722F7379732F627951
:10BDC00074656F726465722E6800282870737263E0
:10BDD000203C2070647374202626202870737263C0
:10BDE000202B206C656E67746829203C3D207064B0
:10BDF000737429207C7C202870737263203E20702D
:10BE0000647374202626202870647374202B206CA1
:10BE1000656E67746829203C3D2070737263292920
:10BE20000009536F7572636520616E6420646573E9
:10BE300074696E6174696F6E20627566666572738F
:10BE4000206D757374206E6F74206F7665726C61EF
:10BE5000700A00574553545F544F504449522F7A4B
:10BE600065706879722F7375627379732F626C7560
:10BE700065746F6F74682F686F73742F757569645C
:10BE80002E630009496E76616C69642055554944FA
:10BE900020747970653A2025640A00574553545F31
:10BEA000544F504449522F7A65706879722F7375D8
:10BEB000627379732F626C7565746F6F74682F6825
:10BEC0006F73742F6275662E630074797065203D00
:10BED0003D2042545F4255465F455654207C7C20AD
:10BEE00074797065203D3D2042545F4255465F4164
:10BEF000434C5F494E207C7C2074797065203D3D29
:10BF00002042545F4255465F49534F5F494E0009F6
:10BF1000496E76616C69642062756666657220742C
:10BF2000797065207265717565737465640A005770
:10BF30004553545F544F504449522F7A6570687985
:10BF4000722F696E636C7564652F7A65706879729B
:10BF50002F626C7565746F6F74682F6275662E68DA
:10BF6000006D6574612D3E706172656E7400766956
:10BF70006577006E65745F6275665F68656164729F
:10BF80006F6F6D28706172656E7429203E203000DD
:10BF90002162745F6275665F6861735F7669657759
:10BFA00028706172656E74290062745F6275660044
:10BFB00062745F6461746100436F756C64206E6FBE
:10BFC00074207375626D69742072785F776F726B1D
:10BFD0003A20256400486172647761726520657259
:10BFE000726F722C20686172647761726520636F72
:10BFF00064653A20256400556E61626C6520746F3B
:10C00000206C6F6F6B757020636F6E6E20666F7241
:10C010002068616E646C6520257500556E61626CE8
:10C020006520746F206C6F6F6B20757020636F6E6E
:10C030006E20776974682068616E646C6520257570
:10C0400000546F6F20736D616C6C20282575206221
:10C050007974657329206576656E74203078253093
:10C06000327800556E68616E646C65642065766533
:10C070006E7420307825303278206C656E202575FE
:10C080003A20257300496E76616C69642048434903
:10C090002041434C207061636B65742073697A653D
:10C0A00020282575290041434C2064617461206C6F
:10C0B000656E677468206D69736D617463682028AC
:10C0C000257520213D2025752900556E61626C651E
:10C0D00020746F2066696E6420636F6E6E20666FD9
:10C0E000722068616E646C65202575005745535455
:10C0F0005F544F504449522F7A65706879722F739C
:10C1000075627379732F626C7565746F6F74682FC5
:10C11000686F73742F6863695F636F72652E630065
:10C1200062745F6863695F6576745F6765745F6694
:10C130006C616773286864722D3E657674292026C9
:10C14000202831554C203C3C202831292900556EAF
:10C150006B6E6F776E20627566207479706520252E
:10C160007500556E68616E646C65642076656E64FA
:10C170006F722D7370656369666963206576656E9D
:10C180007420307825303278206C656E2025753A21
:10C1900020257300446174612062756666657220B3
:10C1A0006F766572666C6F7720286C696E6B207491
:10C1B000797065203078253032782900496E7661B3
:10C1C0006C696420484349206576656E7420736904
:10C1D0007A65202825752900496E76616C6964208E
:10C1E0004C45206D657461206576656E74207369B9
:10C1F0007A652028257529006576745F666C61670D
:10C20000732026202831554C203C3C2028302929F9
:10C2100000496E76616C696420627566207479707D
:10C2200065202575004E6F20636F6D6D616E642013
:10C2300073656E7420666F7220636D6420636F6D2A
:10C24000706C65746520307825303478004F704309
:10C250006F64652030782530347820636F6D706CA2
:10C260006574656420696E7374656164206F66200F
:10C2700065787065637465642030782530347800A3
:10C280002162756600696E74657276616C206578EE
:10C290006365656473207468652076616C696420E9
:10C2A00072616E6765202575207573006C61746519
:10C2B0006E637920657863656564732074686520B2
:10C2C00076616C69642072616E6765203078253014
:10C2D000347800737570765F74696D656F7574205E
:10C2E00065786365656473207468652076616C6940
:10C2F000642072616E676520307825303478004E96
:10C300006F2070656E64696E672070657269706811
:10C310006572616C20636F6E6E656374696F6E0029
:10C32000556E6578706563746564207374617475A7
:10C33000732030782530327820257300657674209C
:10C340006E756D5F68616E646C657320283D257540
:10C350002920746F6F206C617267652028257A75BB
:10C36000203E20257529004E6F20636F6E6E656339
:10C3700074696F6E20666F722068616E646C6520F0
:10C380002575007061636B65747320636F756E74DF
:10C39000206D69736D617463680061746F6D6963AA
:10C3A0005F6765742826636F6E6E2D3E696E5F6CE5
:10C3B0006C29004661696C656420746F2073657434
:10C3C0002072657175697265642073656375726941
:10C3D0007479206C6576656C004E6F206368616EC1
:10C3E000676520746F20656E6372797074696F6E13
:10C3F0002073746174652028656E6372797074208F
:10C400003078253032782900756E6B6E6F776E004C
:10C410005B305D00436F6E74726F6C6C65720048C8
:10C420004349207472616E73706F72743A20257381
:10C43000004964656E7469747925733A2025730028
:10C440004964656E746974795B25645D3A2025736F
:10C45000004843493A2076657273696F6E202573F0
:10C460002028307825303278292072657669736902
:10C470006F6E203078253034782C206D616E7566B3
:10C480006163747572657220307825303478004CA1
:10C490004D503A2076657273696F6E20257320289F
:10C4A00030782530327829207375627665722030B5
:10C4B0007825303478005A65706879722053656E3B
:10C4C000736F722042726F6164636173746572008E
:10C4D0000925640A00556E61626C6520746F2073D3
:10C4E000656E6420746F20647269766572202865B9
:10C4F0007272202564290009436F6E74726F6C6C30
:10C50000657220756E726573706F6E736976652CD7
:10C5100020636F6D6D616E64206F70636F64652062
:10C520003078253034782074696D656F75742077A4
:10C53000697468206572722025640A006F70636FE9
:10C540006465203078253034782073746174757395
:10C5500020307825303278202573004661696C657B
:10C560006420746F207265616420444C45206D61C5
:10C57000782064617461206C656E0074785F6F630D
:10C580007465747320657863656564732074686589
:10C590002076616C69642072616E67652025750084
:10C5A00074785F74696D6520657863656564732070
:10C5B0007468652076616C69642072616E676520BD
:10C5C0002575006576742D3E737461747573203D16
:10C5D0003D2030783030004E6F2070656E64696E9B
:10C5E0006720636F6E6E20666F72207065657220C3
:10C5F0002573004E6F6E2D4C452063617061626C37
:10C600006520636F6E74726F6C6C65722064657404
:10C61000656374656421004E756D206F6620436FFD
:10C620006E74726F6C6C657227732041434C20707E
:10C6300061636B65747320213D2041434C2062741B
:10C640005F636F6E6E5F747820636F6E746578746D
:10C65000732028257520213D202575290041434C54
:10C660002042522F454452206275666665727320DF
:10C670006E6F7420696E697469616C697A656400B3
:10C6800056656E646F722048434920657874656E04
:10C6900073696F6E73206E6F7420617661696C616F
:10C6A000626C6500485720506C6174666F726D3A19
:10C6B00020257320283078253034782900485720E9
:10C6C00056617269616E743A20257320283078258E
:10C6D00030347829004669726D776172653A202599
:10C6E0007320283078253032782920566572736996
:10C6F0006F6E2025752E2575204275696C64202586
:10C7000075004661696C656420746F2072656164B0
:10C7100020737570706F727465642076656E646FD7
:10C720007220636F6D6D616E6473004661696C6544
:10C730006420746F207265616420737570706F720D
:10C740007465642076656E646F72206665617475C9
:10C750007265730048434920647269766572206986
:10C7600073206E6F742072656164790042542052A8
:10C7700058205751004843492064726976657220F9
:10C780006F70656E206661696C6564202825642978
:10C79000004F7574206F6620636F6D6D616E64204D
:10C7A0006275666665727300556E61626C652074B1
:10C7B0006F20616C6C6F636174652062756666657D
:10C7C0007200556E657870656374656420484F53D8
:10C7D000545F4E554D5F434F4D504C455445445F5B
:10C7E0005041434B4554532C20737461747573202E
:10C7F00030782530327820257300556E636C656182
:10C800007265642070656E64696E672073656E740E
:10C810005F636D6400312E306200312E3100312EA5
:10C820003200322E3000322E3100332E3000342EC2
:10C830003000342E3100342E3200352E3000352EAB
:10C840003100352E3200352E3300352E3400362E91
:10C850003000362E3100362E32005374616E646122
:10C86000726420426C7565746F6F746820636F6EBC
:10C8700074726F6C6C65720056656E646F722073B3
:10C880007065636966696320636F6E74726F6C6C48
:10C890006572004669726D77617265206C6F6164C4
:10C8A00065720052657363756520696D6167650027
:10C8B0007265736572766564006E52463531780034
:10C8C0006E5246353278006E5246353378006E52DD
:10C8D0004635344878006E524635344C7800496EFF
:10C8E00074656C20436F72706F726174696F6E0053
:10C8F0004E6F726469632053656D69636F6E647512
:10C9000063746F72004E58502053656D69636F6E8B
:10C91000647563746F7273004573707265737369C5
:10C92000662053797374656D730062745F68636920
:10C930005F636F726500574553545F544F504449CD
:10C94000522F7A65706879722F7375627379732FBD
:10C95000626C7565746F6F74682F686F73742F687D
:10C9600063695F636F6D6D6F6E2E6300636D64202E
:10C97000646973616C6C6F77656400574553545FED
:10C98000544F504449522F7A65706879722F7375ED
:10C99000627379732F626C7565746F6F74682F683A
:10C9A0006F73742F69642E6300636F6E666C6963C6
:10C9B0007420213D202828766F6964202A29302997
:10C9C00000636F6E666C6963742D3E63616E6469AB
:10C9D0006461746520213D202828766F6964202ACF
:10C9E000293029007265736964656E7420213D20C9
:10C9F0002828766F6964202A2930290028636F6E01
:10CA0000666C6963742D3E63616E6469646174650C
:10CA10002D3E737461746520262042545F4B455946
:10CA2000535F49445F414444454429203D3D203003
:10CA3000004661696C656420746F2064697361628B
:10CA40006C652061646472657373207265736F6CCA
:10CA50007574696F6E005265736F6C76696E6720CE
:10CA60006C6973742073697A6520657863656564A1
:10CA700065642E20537769746368696E6720746FEC
:10CA800020686F73742E004661696C656420746F52
:10CA900020636C656172207265736F6C7574696F69
:10CAA0006E206C697374004661696C656420746FF4
:10CAB000206164642049524B20746F20636F6E7450
:10CAC000726F6C6C65720053657420707269766168
:10CAD0006379206D6F646520636F6D6D616E642096
:10CAE0006973206E6F7420737570706F72746564F3
:10CAF000004661696C656420746F207365742070F2
:10CB0000726976616379206D6F64650062745F6439
:10CB100065762E6C652E726C5F656E7472696573D6
:10CB2000203E20300044697361626C696E67206149
:10CB3000646472657373207265736F6C7574696F6A
:10CB40006E206661696C65642028657272202564B8
:10CB500029004661696C656420746F2072656D6F91
:10CB600076652049524B2066726F6D20636F6E743C
:10CB7000726F6C6C6572004F6E6C792072616E64BE
:10CB80006F6D20737461746963206964656E746984
:10CB90007479206164647265737320737570706F4B
:10CBA0007274656400496E76616C696420696E70A8
:10CBB000757420706172616D657465727300466191
:10CBC000696C656420746F207265616420707562A1
:10CBD0006C6963206164647265737300526561649B
:10CBE0002053746174696320416464726573736572
:10CBF0007320636F6D6D616E64206E6F742061765B
:10CC000061696C61626C65004661696C6564207481
:10CC10006F2072656164207374617469632061645C
:10CC200064726573736573004E6F20737461746909
:10CC300063206164647265737365732073746F72CB
:10CC4000656420696E20636F6E74726F6C6C6572C0
:10CC50000043616E27742073657420626F746820CE
:10CC60004944454E544954592026204E52504100C3
:10CC7000556E61626C6520746F2073657420696401
:10CC8000656E7469747920616464726573730055AC
:10CC90006E61626C6520746F207365742072616EC2
:10CCA000646F6D20616464726573730062745F69A0
:10CCB0006400546F6F2062696720616476657274E6
:10CCC0006973696E672064617461004661696C65AF
:10CCD0006420746F2073746172742061647665726D
:10CCE0007469736572004661696C656420746F20B5
:10CCF00073746F70206164766572746973696E67AE
:10CD00003A2025640062745F616476004661696C54
:10CD1000656420746F2067656E6572617465204577
:10CD20004343206B6579202564004661696C656426
:10CD300020746F206578706F7274204543432070B3
:10CD400075626C6963206B657920256400466169B2
:10CD50006C656420746F206578706F727420454331
:10CD6000432070726976617465206B657920256453
:10CD7000004661696C656420746F20646573747229
:10CD80006F7920454343206B657920494420256411
:10CD9000004661696C656420746F20696D706F7204
:10CDA00074207468652070726976617465206B65A3
:10CDB0007920666F72206B65792061677265656D99
:10CDC000656E7420256400526177206B657920615F
:10CDD000677265656D656E74206661696C65642057
:10CDE0002564004661696C656420746F2064657316
:10CDF00074726F7920746865206B657920256400F2
:10CE00007073615F696D706F72745F6B65792829EB
:10CE10002072657475726E656420737461747573C5
:10CE2000202564004275737920706572666F726D9B
:10CE3000696E6720616E6F7468657220454344486F
:10CE4000206F7065726174696F6E0062745F6563F4
:10CE50006300574553545F544F504449522F7A65ED
:10CE6000706879722F7375627379732F626C756550
:10CE7000746F6F74682F686F73742F636F6E6E2E8C
:10CE800063006362203C3D205F62745F636F6E6E7F
:10CE90005F63625F6C6973745F656E640069735F82
:10CEA00061636C5F636F6E6E28636F6E6E29004600
:10CEB00061696C656420726561642072656D6F7470
:10CEC0006520666561747572657320282564290084
:10CED00050485920307825303278206E6F74207396
:10CEE0007570706F72746564004661696C6564206A
:10CEF000746F207365742064617461206C656E20AA
:10CF000028256429006B5F63757272656E745F67B4
:10CF100065742829203D3D206B5F776F726B5F71D0
:10CF2000756575655F7468726561645F67657428AF
:10CF300074785F6E6F746966795F776F726B717505
:10CF40006575655F6765742829290009636F756CCD
:10CF5000646E2774207375626D697420286572721F
:10CF6000202564290A00556E6578706563746564D0
:10CF7000206669727374204C32434150206672619E
:10CF80006D6500556E6578706563746564204C321C
:10CF900043415020636F6E74696E756174696F6E82
:10CFA000004E6F7420656E6F7567682062756666E7
:10CFB000657220737061636520666F72204C324326
:10CFC0004150206461746100556E657870656374CA
:10CFD00065642041434C20666C616773202830787B
:10CFE00025303278290041434C206C656E206D69F4
:10CFF000736D6174636820282575203E202575298E
:10D000000009496E76616C696420636F6E6E6563BA
:10D0100074696F6E207265666572656E63650A007D
:10D020006F6C64203E20300009436F6E6E20726585
:10D03000666572656E636520636F756E74657220D8
:10D04000697320300A0021636F6E6E5F74785F69C8
:10D05000735F70656E64696E67000974785F636FF3
:10D060006D706C6574655F776F726B20697320708B
:10D07000656E64696E67207768656E20636F6E6E9B
:10D08000206973206465616C6C6F63617465640A08
:10D090000028756E6B6E6F776E29006E6F2074724C
:10D0A000616E736974696F6E20257300496E7661D5
:10D0B0006C69642028257529206F6C642073746165
:10D0C000746500636F6E6E202570206661696C6503
:10D0D0006420746F2065737461626C6973682E20BC
:10D0E0005246206E6F6973653F006E6F2076616CEB
:10D0F000696420282575292073746174652077611F
:10D10000732073657400696E636F6D70617469621A
:10D110006C652068616E646C652025750028286345
:10D120006F6E6E2920262620282875696E7470740B
:10D13000725F74292861636C5F636F6E6E73292957
:10D14000203C3D20282875696E747074725F7429C4
:10D1500028636F6E6E292920262620282875696E7F
:10D16000747074725F742928636F6E6E2929203C75
:10D1700020282875696E747074725F7429282628B7
:10D1800061636C5F636F6E6E73295B282873697AC5
:10D19000655F7429282828696E742973697A656F18
:10D1A0006628636861725B31202D202832202A2096
:10D1B0002128215F5F6275696C74696E5F74797094
:10D1C00065735F636F6D70617469626C655F702811
:10D1D0005F5F747970656F665F5F2861636C5F6322
:10D1E0006F6E6E73292C205F5F747970656F665F58
:10D1F0005F28262861636C5F636F6E6E73295B30F6
:10D200005D292929295D29202D203129202B20283D
:10D2100073697A656F662861636C5F636F6E6E73A6
:10D2200029202F2073697A656F66282861636C5FF7
:10D23000636F6E6E73295B305D292929295D292969
:10D240002026262028282875696E747074725F74F1
:10D250002928636F6E6E2929202D20282875696E74
:10D26000747074725F74292861636C5F636F6E6E93
:10D270007329292920252073697A656F662828611A
:10D28000636C5F636F6E6E73295B305D29203D3D7B
:10D290002030290009496E76616C69642062745FF0
:10D2A000636F6E6E20706F696E7465720A00216B19
:10D2B0005F69735F696E5F69737228290054696DD5
:10D2C000656F7574206469736361726465642E2090
:10D2D0004E6F20626C6F636B696E6720696E20739E
:10D2E000797377712E0009496E76616C69642063E9
:10D2F0006F6E6E20747970652025750A00746D70EC
:10D3000020213D20636F6E6E007072657620213D96
:10D310002026636F6E6E2D3E5F636F6E6E5F72656B
:10D3200061647900094E6F20636F6E74726F6C6C6C
:10D33000657220627566730A00094E6F205458208A
:10D34000636F6E746578740A00286275662D3E728C
:10D350006566203D3D203129207C7C202862756651
:10D360002D3E726566203D3D203229002162745FAA
:10D370006275665F6861735F76696577286F75743B
:10D380007369646529006672616720213D20282841
:10D39000766F6964202A2930290009496E76616C0C
:10D3A000696420636F6E6E656374696F6E20747953
:10D3B00070652025750A00466174616C2065727283
:10D3C0006F7220282564292E20446973636F6E6E66
:10D3D000656374696E6720257000466F756E642002
:10D3E00076616C696420636F6E6E656374696F6EDD
:10D3F000202825702920776974682061646472652B
:10D40000737320257320696E2025732073746174F3
:10D4100065200053656E64204C4520706172616D1B
:10D4200020757064617465206661696C656420288C
:10D43000657272202564290053656E6420617574DD
:10D440006F204C4520706172616D2075706461744D
:10D4500065206661696C65642028657272202564A8
:10D460002900646973636F6E6E656374656400643C
:10D470006973636F6E6E6563742D636F6D706C6539
:10D480007465007363616E2D6265666F72652D69E8
:10D490006E6974696174696E6700696E6974696147
:10D4A00074696E672D66696C7465722D6C6973742E
:10D4B000006164762D636F6E6E65637461626C6586
:10D4C000006164762D6469722D636F6E6E6563749E
:10D4D00061626C6500646973636F6E6E6563746925
:10D4E0006E670062745F636F6E6E00574553545FE2
:10D4F000544F504449522F7A65706879722F737572
:10D50000627379732F626C7565746F6F74682F68BE
:10D510006F73742F6C326361702E630073203D3D16
:10D5200020266C655F6368616E2D3E5F7064755F79
:10D530007265616479004E6F20617661696C616229
:10D540006C65204C3243415020636F6E7465787473
:10D5500020666F7220636F6E6E20257000556E61BD
:10D56000626C6520746F20616C6C6F636174652000
:10D5700062756666657220666F72206F7020307803
:10D580002530327800457870656374696E672031A4
:10D59000207265662C20676F7420256400636F6EAF
:10D5A0006E2D3E7374617465203D3D2042545F438F
:10D5B0004F4E4E5F434F4E4E454354454400616CC1
:10D5C0007265616479206861766520766965772087
:10D5D0006F6E202570006669666F5F706475203D10
:10D5E0003D207064750028666368616E2D3E636936
:10D5F00064203E3D203078303030312026262066B1
:10D600006368616E2D3E636964203C3D2030783054
:10D610003033662900094349442025752069732069
:10D620006E6F7420696E2074686520666978656421
:10D63000206368616E6E656C2072616E67650A00BA
:10D640006368616E203D3D202828766F6964202A3A
:10D6500029302900094669786564206368616E6E27
:10D66000656C2077697468204349442025752061E2
:10D670006C7265616479206578697374730A0066F9
:10D680006368616E203C3D205F62745F6C32636151
:10D69000705F66697865645F6368616E5F6C69730B
:10D6A000745F656E6400546F6F20736D616C6C20E5
:10D6B0004C32434150207369676E616C696E67201C
:10D6C000504455004C32434150206C656E6774687D
:10D6D000206D69736D617463682028257520213D74
:10D6E0002025752900496E76616C6964206964653E
:10D6F0006E742076616C756520696E204C324341F2
:10D70000502050445500496E76616C6964204C4548
:10D7100020636F6E6E20706172616D207273702075
:10D7200073697A652028257520213D20257A752981
:10D730000052656A656374696E6720756E6B6E6F03
:10D74000776E204C324341502050445520636F6423
:10D75000652030782530327800546F6F20736D610A
:10D760006C6C204C3243415020504455207265630C
:10D7700065697665640049676E6F72696E672064DB
:10D7800061746120666F7220756E6B6E6F776E20AC
:10D790006368616E6E656C204944203078253034B2
:10D7A0007800636F6E6669670062745F6C326361F4
:10D7B0007000574553545F544F504449522F7A6577
:10D7C000706879722F7375627379732F626C7565E7
:10D7D000746F6F74682F686F73742F6174742E6325
:10D7E000006E65745F6275665F706F6F6C5F676512
:10D7F00074286275662D3E706F6F6C5F69642920B6
:10D800003D3D20266174745F706F6F6C00466169E6
:10D810006C656420746F207375626D697420617427
:10D82000745F74785F64657374726F795F776F7219
:10D830006B3A20256400415454204D54552065789E
:10D840006365656465642C206D61782025752C20E6
:10D8500077616E74656420257A75004154542063A5
:10D8600068616E6E656C206E6F7420636F6E6E659E
:10D8700063746564006275662D3E6C656E203E3D86
:10D880002073697A656F6628737472756374206299
:10D89000745F6174745F68647229004572726F729C
:10D8A000207369676E696E672064617461005261FC
:10D8B0006E206F7574206F662054582062756666FE
:10D8C000657273206F7220636F6E74657874732E47
:10D8D00000556E61626C6520746F206372656174BF
:10D8E0006520657272207273702050445500546F29
:10D8F0006F20736D616C6C2041545420504455204E
:10D90000726563656976656400556E68616E646C06
:10D9100065642041545420636F646520307825305D
:10D92000327800496E76616C6964206C656E2025E2
:10D930007520666F7220636F646520307825303201
:10D940007800556E61626C6520746F20637265614A
:10D950007465207273702050445500556E61626C7E
:10D960006520746F20637265617465205555494464
:10D970003A2073697A6520257500556E61626C6581
:10D9800020746F2063726561746520555549443A6F
:10D990002073697A65202564004E6F206176616985
:10D9A0006C61626C652041545420636F6E746578BD
:10D9B0007420666F7220636F6E6E202570004E6F4C
:10D9C00020617661696C61626C652041545420630A
:10D9D00068616E6E656C20666F7220636F6E6E207C
:10D9E0002570004E6F7420636F6E6E65637465649E
:10D9F00000556E61626C6520746F2066696E6420EC
:10DA0000415454206368616E6E656C00476F7420EA
:10DA10006572722025642C206E6F742063616C6CBB
:10DA2000696E67204154542063620009556E6B6E25
:10DA30006F776E206F702074797065203078253094
:10DA400032580A004661696C656420746F20726503
:10DA50002D7375626D69742025733A202564004E1C
:10DA60006F20415454206368616E6E656C20666F50
:10DA700072204D545520257A75004E6F2070656ECA
:10DA800064696E67204154542072657175657374C2
:10DA900000446973636F6E6E656374696E672066B8
:10DAA00061696C65642028657272202564290041D3
:10DAB00054542054696D656F757420666F722064CC
:10DAC00065766963652025732E20446973636F6EE4
:10DAD0006E656374696E672E2E2E00556E61626CE2
:10DAE0006520746F2063726561746520726574725D
:10DAF00079205044552028257529007265710062EF
:10DB0000745F617474004E6F20737061636520747C
:10DB10006F2073746F726520434343206366670010
:10DB2000434D414320757064617465206661696C82
:10DB3000656420256400756E61626C6520746F20D9
:10DB4000736176652053433A206E6F2063666720C9
:10DB50006C65667400574553545F544F50444952A6
:10DB60002F7A65706879722F7375627379732F627B
:10DB70006C7565746F6F74682F686F73742F67614D
:10DB800074742E63006E65775F7374617274203CE9
:10DB90003D206E65775F656E6400094E6577207382
:10DBA0007461727420697320677265617465722094
:10DBB0007468616E206E657720656E640A004E6F32
:10DBC00020737061636520746F2073746F726520B9
:10DBD000436C69656E7420537570706F7274656400
:10DBE000204665617475726573007374617469634E
:10DBF0005F737663203C3D205F62745F676174747D
:10DC00005F736572766963655F7374617469635F7E
:10DC10006C6973745F656E6400556E61626C65203B
:10DC2000746F20696D706F727420746865206B6505
:10DC30007920666F722041455320434D4143202592
:10DC40006400434D4143206F7065726174696F6E6B
:10DC500020696E6974206661696C656420256400C2
:10DC60006B65792064657374726F79206661696C85
:10DC7000656420256400434D41432066696E6973E5
:10DC800068206661696C65642025640009696E76A8
:10DC9000616C696420706172616D657465720A0AF5
:10DCA00000617474720052656164206D6574686F00
:10DCB00064206E6F7420736574004661696C6564DE
:10DCC00020746F207265616420617474726962757A
:10DCD0007465202570202865727220257A642900D9
:10DCE000496E76616C69642072656164206C656E52
:10DCF0006774683A20257A6400094E6F206D6F7250
:10DD00006520617474726962757465730A0A0070C3
:10DD10006172616D730009696E76616C696420706F
:10DD20006172616D65746572730A0A007061726177
:10DD30006D732D3E61747472207C7C207061726101
:10DD40006D732D3E75756964002161746F6D696333
:10DD50005F746573745F6269742873632D3E666CCB
:10DD60006167732C2053435F494E444943415445F6
:10DD70005F50454E44494E47290009496E64696326
:10DD800061746520616C72656164792070656E6490
:10DD9000696E670A00434343202570206E6F74202C
:10DDA0007772697461626C650053432072657374A5
:10DDB0006F726520696E6469636174696F6E206655
:10DDC00061696C6564004661696C656420746F20EC
:10DDD00073657420736563757269747920666F72F8
:10DDE00020626F6E6465642070656572202825640A
:10DDF000290062745F6761747400556E61626C65BE
:10DE000020746F2066696E6420534D5020636861F2
:10DE10006E6E656C004E6F20617661696C61626C3C
:10DE20006520534D5020636F6E7465787420666F63
:10DE30007220636F6E6E202570004661696C6564A8
:10DE400020746F2067656E65726174652044484B6D
:10DE5000657900556E61626C6520746F206765742A
:10DE6000206B65797320666F722025730043616CA7
:10DE700063756C61746520636F6E6669726D206690
:10DE800061696C656400556E6B6E6F776E207061B2
:10DE90006972696E67206D6574686F6420282575E6
:10DEA000290043616C63756C617465204C544B2090
:10DEB0006661696C65640043616C63756C6174656F
:10DEC000206C6F63616C2044484B65792063686502
:10DED000636B206661696C65640043616C63756C9B
:10DEE0006174652072656D6F74652044484B657977
:10DEF00020636865636B206661696C6564005265C8
:10DF00006D6F7465207075626C6963206B65792034
:10DF100072656A65637465640052656D6F7465202F
:10DF20006973207573696E67204465627567205058
:10DF300075626C6963206B6579005265636569760B
:10DF4000656420696E76616C6964207075626C69C5
:10DF500063206B657900574553545F544F504449D3
:10DF6000522F7A65706879722F7375627379732F87
:10DF7000626C7565746F6F74682F686F73742F733C
:10DF80006D702E63005075626C6963206B6579203B
:10DF900072652D67656E65726174696F6E2072655A
:10DFA0007175657374206661696C656420282564E9
:10DFB00029006D757465785F657272203D3D203073
:10DFC000005075626C6963206B65792067656E65CA
:10DFD000726174696F6E2074696D656F7574005439
:10DFE000686520696E2D70726F677265737320703B
:10DFF000616972696E6720686173206265656E2071
:10E0000064656C657465642100534D5020646F65D0
:10E0100073206E6F7420616C6C6F7720612070616B
:10E020006972696E67206661696C757265206174DA
:10E03000207468697320706F696E742E204B6E6F48
:10E04000776E2069737375652E20446973636F6EF4
:10E050006E656374696E6720696E73746561642EA2
:10E06000005075626C6963206B6579206E6F742057
:10E07000617661696C61626C6500546F6F20736DCD
:10E08000616C6C20534D502050445520726563657F
:10E090006976656400534D5020636F6D6D616E64E9
:10E0A0002028636F6465203078253032782920720B
:10E0B000656365697665642061667465722074695C
:10E0C0006D656F757400526563656976656420726D
:10E0D0006573657276656420534D5020636F646587
:10E0E0002030782530327800556E68616E646C653A
:10E0F0006420534D5020636F6465203078253032A2
:10E100007800556E657870656374656420534D5072
:10E1100020636F64652030782530327800496E7650
:10E12000616C6964206964656E7469747920257313
:10E13000002128736D702D3E72656D6F74655F648C
:10E140006973742026203078303229005265667554
:10E1500073696E67206E65772070616972696E679A
:10E160002E20546865206F6C6420626F6E64206D91
:10E1700075737420626520756E70616972656420C4
:10E1800066697273742E002162745F69645F6669E8
:10E190006E645F636F6E666C696374286E65775F2B
:10E1A000626F6E64290070616972696E67206661D2
:10E1B000696C656420287065657220726561736F93
:10E1C0006E203078257829004E6F206B657973209A
:10E1D000737061636520666F7220257300534D5024
:10E1E0002054696D656F75742028666C6167733A99
:10E1F00030782530387820616C6C6F7765645F63A8
:10E200006D64733A307825303878290062745F7312
:10E210006D7000574553545F544F504449522F7A04
:10E2200065706879722F7375627379732F626C757C
:10E2300065746F6F74682F686F73742F6B65797373
:10E240002E63006164647220213D202828766F6966
:10E2500064202A2930290066756E6320213D20281C
:10E2600028766F6964202A293029006B657973202C
:10E27000213D202828766F6964202A2930290062F0
:10E28000745F6B6579730062745F63727970746F29
:10E29000004661696C656420746F20696D706F72EF
:10E2A0007420414553206B657920256400466169DF
:10E2B0006C656420746F20636F6D70757465204D9C
:10E2C000414320256400574553545F544F504449FF
:10E2D000522F7A65706879722F64726976657273ED
:10E2E0002F636C6F636B5F636F6E74726F6C2F6301
:10E2F0006C6F636B5F636F6E74726F6C5F6E726670
:10E300002E630074797065203C20434C4F434B5F73
:10E31000434F4E54524F4C5F4E52465F54595045F6
:10E320005F434F554E5400636C6F636B4034303025
:10E330003030303030006866636C6B006C66636C44
:10E340006B00636C6F636B5F636F6E74726F6C00F6
:10E35000574553545F544F504449522F7A65706863
:10E3600079722F647269766572732F656E74726F3D
:10E3700070792F656E74726F70795F6E7266352E6C
:10E38000630026656E74726F70795F6E7266355FBA
:10E3900064617461203D3D206465762D3E64617446
:10E3A000610072616E646F6D4034303030643030C3
:10E3B0003000574553545F544F504449522F7A65AB
:10E3C000706879722F696E636C7564652F7A6570F9
:10E3D0006879722F647269766572732F6770696FDE
:10E3E0002F6770696F5F7574696C732E6800636165
:10E3F0006C6C6261636B00094E6F2063616C6C62D0
:10E4000061636B210A0063616C6C6261636B2D3E1A
:10E4100068616E646C657200094E6F2063616C6C9C
:10E420006261636B2068616E646C6572210A0057DB
:10E430004553545F544F504449522F6D6F64756C6F
:10E4400065732F68616C2F6E6F726469632F6E72D3
:10E4500066782F68616C2F6E72665F6770696F2EC9
:10E4600068006E72665F6770696F5F70696E5F707B
:10E47000726573656E745F636865636B282A705F8D
:10E4800070696E2900574553545F544F50444952A8
:10E490002F7A65706879722F647269766572732F4E
:10E4A0006770696F2F6770696F5F6E7266782E6331
:10E4B0000063622D3E68616E646C6572006770690E
:10E4C0006F403530303030333030006770696F4026
:10E4D0003530303030303030004661696C65642052
:10E4E000746F20616C6C6F636174652050504920BB
:10E4F0004368616E6E656C007561727440343030D3
:10E50000303230303000756172745F6E7266785FE1
:10E51000756172746500574553545F544F504449B8
:10E52000522F6D6F64756C65732F68616C2F6E6F01
:10E53000726469632F6E7266782F68656C7065729D
:10E54000732F6E7266785F677070695F7070692E86
:10E550006300705F6770706920213D202828766F06
:10E560006964202A29302900574553545F544F507D
:10E570004449522F6D6F64756C65732F68616C2F01
:10E580006E6F726469632F6E7266782F647269763B
:10E590006572732F7372632F6E7266785F636C6F30
:10E5A000636B2E63006D5F636C6F636B5F63622EE2
:10E5B0006D6F64756C655F696E697469616C697AA9
:10E5C000656400574553545F544F504449522F6D72
:10E5D0006F64756C65732F68616C2F6E6F72646900
:10E5E000632F6E7266782F647269766572732F730B
:10E5F00072632F6E7266785F636C6F636B5F6866C1
:10E60000636C6B2E6300574553545F544F5044491D
:10E61000522F6D6F64756C65732F68616C2F6E6F10
:10E62000726469632F6E7266782F647269766572A0
:10E63000732F7372632F6E7266785F636C6F636B98
:10E640005F6C66636C6B2E6300574553545F544F89
:10E65000504449522F6D6F64756C65732F68616CFF
:10E660002F6E6F726469632F6E7266782F647269A1
:10E67000766572732F7372632F6E7266785F677040
:10E68000696F74652E6300574553545F544F50446F
:10E6900049522F6D6F64756C65732F68616C2F6EB6
:10E6A0006F726469632F6E7266782F68616C2F6E6B
:10E6B00072665F6770696F74652E6800696E646565
:10E6C00078203C203800705F696E7374616E6365FA
:10E6D00000705F6368616E6E656C0070696E5F6884
:10E6E00061735F7472696767657228705F696E73C2
:10E6F00074616E63652C2070696E2900696E745FA9
:10E70000656E61626C6500574553545F544F5044C9
:10E7100049522F7A65706879722F6B65726E656CDD
:10E720002F6465766963652E63007263203E3D2029
:10E730002D283078666629202626207263203C200A
:10E7400030000964657669636520257320696E6908
:10E75000743A20696E76616C6964206572726F72BA
:10E7600020282564290A0048616C74696E6720734B
:10E77000797374656D00556E6B6E6F776E20657280
:10E78000726F72003E3E3E205A4550485952204614
:10E790004154414C204552524F522025643A202585
:10E7A00073206F6E20435055202564004661756CC0
:10E7B0007420647572696E6720696E746572727513
:10E7C00070742068616E646C696E670A00437572CC
:10E7D00072656E74207468726561643A20257020D9
:10E7E0002825732900574553545F544F50444952CC
:10E7F0002F7A65706879722F6B65726E656C2F6603
:10E800006174616C2E6300726561736F6E20213DCF
:10E81000204B5F4552525F4B45524E454C5F504135
:10E820004E49430009417474656D707465642074C9
:10E830006F207265636F7665722066726F6D2061FE
:10E84000206B65726E656C2070616E696320636F0A
:10E850006E646974696F6E0A004350552065786371
:10E86000657074696F6E00556E68616E646C656486
:10E8700020696E7465727275707400537461636B95
:10E88000206F766572666C6F77004B65726E656C93
:10E89000206F6F7073004B65726E656C2070616ED7
:10E8A000696300574553545F544F504449522F7A7F
:10E8B00065706879722F6B65726E656C2F696E6911
:10E8C000742E63007468726561645F6461746120B2
:10E8D0003C3D205F5F7374617469635F7468726547
:10E8E00061645F646174615F6C6973745F656E64B9
:10E8F00000646576203C3D205F6465766963655FF2
:10E900006C6973745F656E64006D61696E006F732E
:10E9100000574553545F544F504449522F7A657005
:10E920006879722F6B65726E656C2F6B68656170AC
:10E930002E630021617263685F69735F696E5F694E
:10E9400073722829207C7C20282874696D656F7576
:10E9500074292E7469636B73203D3D202828286B31
:10E960005F74696D656F75745F74297B307D2929CB
:10E970002E7469636B732900090A00686561702051
:10E980003C3D205F6B5F686561705F6C6973745FAD
:10E99000656E6400574553545F544F504449522F9D
:10E9A0007A65706879722F6B65726E656C2F6D6514
:10E9B0006D5F736C61622E6300736C6162203C3D1D
:10E9C000205F6B5F6D656D5F736C61625F6C697317
:10E9D000745F656E640028736C61622D3E667265BB
:10E9E000655F6C697374203D3D202828766F6964EB
:10E9F000202A29302920262620736C61622D3E6949
:10EA00006E666F2E6E756D5F75736564203D3D207B
:10EA1000736C61622D3E696E666F2E6E756D5F62FE
:10EA20006C6F636B7329207C7C20736C61625F70F8
:10EA300074725F69735F676F6F6428736C61622CB7
:10EA400020736C61622D3E667265655F6C697374DC
:10EA5000290009736C616220636F7272757074694A
:10EA60006F6E2064657465637465640A0009496E9D
:10EA700076616C6964206D656D6F727920706F6965
:10EA80006E7465722070726F76696465640A0057EF
:10EA90004553545F544F504449522F7A65706879FA
:10EAA000722F6B65726E656C2F696E636C75646531
:10EAB0002F6B73636865642E680021617263685F01
:10EAC0006972715F756E6C6F636B6564286B6579D5
:10EAD00029007468726561642D3E626173652E70F1
:10EAE000656E6465645F6F6E00574553545F544FA5
:10EAF000504449522F7A65706879722F6B65726E37
:10EB0000656C2F69646C652E63005F6B65726E6562
:10EB10006C2E637075735B305D2E63757272656EFB
:10EB2000742D3E626173652E7072696F203E3D20C8
:10EB30003000574553545F544F504449522F7A6523
:10EB4000706879722F6B65726E656C2F6D75746568
:10EB5000782E630021617263685F69735F696E5F1D
:10EB6000697372282900096D75746578657320636F
:10EB7000616E6E6F74206265207573656420696EC6
:10EB80007369646520495352730A006D7574657822
:10EB90002D3E6C6F636B5F636F756E74203E20302B
:10EBA0005500574553545F544F504449522F7A658E
:10EBB000706879722F6B65726E656C2F73656D2E40
:10EBC00063002828617263685F69735F696E5F69BB
:10EBD00073722829203D3D203029207C7C20282864
:10EBE00074696D656F7574292E7469636B73203D4C
:10EBF0003D202828286B5F74696D656F75745F749C
:10EC0000297B307D29292E7469636B732929007350
:10EC10007973776F726B7100574553545F544F503F
:10EC20004449522F7A65706879722F6B65726E65F0
:10EC30006C2F776F726B2E6300776F726B2D3E7146
:10EC40007565756520213D202828766F6964202A26
:10EC500029302900776F726B2D3E68616E646C6598
:10EC60007220213D202828766F6964202A293029C6
:10EC70000021666C61675F746573742826776F7214
:10EC80006B2D3E666C6167732C204B5F574F524B68
:10EC90005F44454C415941424C455F42495429002B
:10ECA00073796E6320213D202828766F6964202ABD
:10ECB0002930290021666C61675F746573742826AA
:10ECC00071756575652D3E666C6167732C204B5FB1
:10ECD000574F524B5F51554555455F535441525420
:10ECE00045445F4249542900717565756500737428
:10ECF00061636B0064776F726B20213D202828765A
:10ED00006F6964202A29302900574553545F544FB6
:10ED1000504449522F7A65706879722F6B65726E14
:10ED2000656C2F7468726561642E6300282828283A
:10ED30007072696F2929203D3D203135202626201B
:10ED40007A5F69735F69646C655F7468726561643A
:10ED50005F656E7472792828656E74727929292925
:10ED6000207C7C202828283135202D203129203E68
:10ED70003D2028282D3136292929202626202828FB
:10ED80007072696F2929203E3D2028282D313629AF
:10ED9000292026262028287072696F2929203C3DC9
:10EDA00020283135202D20312929290009696E7646
:10EDB000616C6964207072696F72697479202825AA
:10EDC00064293B20616C6C6F7765642072616E67AB
:10EDD000653A20256420746F2025640A0009546870
:10EDE0007265616473206D6179206E6F7420626555
:10EDF000206372656174656420696E2049535273A3
:10EE00000A0021657373656E7469616C0009616243
:10EE10006F7274656420657373656E7469616C20CC
:10EE20007468726561642025700A00574553545F09
:10EE3000544F504449522F7A65706879722F6B6530
:10EE4000726E656C2F696E636C7564652F72756E7A
:10EE50005F712E6800217A5F69735F69646C655F1A
:10EE60007468726561645F6F626A65637428746850
:10EE70007265616429002169735F746872656164F9
:10EE80005F64756D6D7928746872656164290057D7
:10EE90004553545F544F504449522F7A65706879F6
:10EEA000722F6B65726E656C2F696E636C7564652D
:10EEB0002F6B7468726561642E68005F6B65726E9B
:10EEC000656C2E637075735B305D2E637572726551
:10EED0006E7420213D202828766F6964202A29300D
:10EEE0002900574553545F544F504449522F7A6577
:10EEF000706879722F6B65726E656C2F696E636CCA
:10EF00007564652F6B737761702E6800617263683A
:10EF10005F6972715F756E6C6F636B6564286B659A
:10EF20007929207C7C205F6B65726E656C2E637026
:10EF300075735B305D2E63757272656E742D3E6203
:10EF40006173652E7468726561645F737461746562
:10EF500020262028282831554C203C3C20283029C8
:10EF60002929207C20282831554C203C3C2028335E
:10EF7000292929290009436F6E74657874207377F5
:10EF800069746368696E67207768696C6520686F6B
:10EF90006C64696E67206C6F636B210A0057455380
:10EFA000545F544F504449522F7A65706879722FDC
:10EFB0006B65726E656C2F73636865642E630021E8
:10EFC0007465726D696E617465000961626F727457
:10EFD0006564205F63757272656E74206261636B35
:10EFE0002066726F6D20646561640A0073697A65DA
:10EFF0006F66285F73636865645F7370696E6C6FBA
:10F00000636B29203D3D2030207C7C206C6F636B3E
:10F0100020213D20265F73636865645F7370696EAD
:10F020006C6F636B00574553545F544F50444952C3
:10F030002F7A65706879722F6B65726E656C2F73AD
:10F040006C6565702E6300574553545F544F5044B0
:10F0500049522F7A65706879722F6B65726E656C94
:10F060002F7363686564756C65722E63005F6B65F2
:10F07000726E656C2E637075735B305D2E63757296
:10F0800072656E742D3E626173652E73636865648C
:10F090005F6C6F636B656420213D203155005F6BB1
:10F0A00065726E656C2E637075735B305D2E637573
:10F0B0007272656E742D3E626173652E736368654E
:10F0C000645F6C6F636B656420213D203055005791
:10F0D0004553545F544F504449522F7A65706879B4
:10F0E000722F6B65726E656C2F74696D65736C69D8
:10F0F00063696E672E6300282874696D656F757487
:10F100002920262620282875696E747074725F7411
:10F110002928736C6963655F74696D656F757473B5
:10F120002929203C3D20282875696E747074725F0F
:10F1300074292874696D656F757429292026262025
:10F14000282875696E747074725F74292874696DEB
:10F15000656F75742929203C20282875696E7470A4
:10F1600074725F7429282628736C6963655F7469FB
:10F170006D656F757473295B282873697A655F7490
:10F1800029282828696E742973697A656F6628634F
:10F190006861725B31202D202832202A202128210D
:10F1A0005F5F6275696C74696E5F74797065735FB7
:10F1B000636F6D70617469626C655F70285F5F7406
:10F1C0007970656F665F5F28736C6963655F7469EA
:10F1D0006D656F757473292C205F5F747970656F2E
:10F1E000665F5F282628736C6963655F74696D6567
:10F1F0006F757473295B305D292929295D29202DBC
:10F20000203129202B202873697A656F6628736C5A
:10F210006963655F74696D656F75747329202F204C
:10F2200073697A656F662828736C6963655F7469B2
:10F230006D656F757473295B305D292929295D29F6
:10F24000292026262028282875696E747074725F1C
:10F2500074292874696D656F75742929202D2028FB
:10F260002875696E747074725F742928736C696391
:10F27000655F74696D656F75747329292920252070
:10F2800073697A656F662828736C6963655F746952
:10F290006D656F757473295B305D29203D3D2030AD
:10F2A0002900574553545F544F504449522F7A65B3
:10F2B000706879722F6B65726E656C2F74696D65FD
:10F2C0006F75742E6300217379735F646E6F64656C
:10F2D0005F69735F6C696E6B65642826746F2D3E81
:10F2E0006E6F64652900574553545F544F5044492D
:10F2F000522F7A65706879722F6B65726E656C2F0C
:10F300006D656D706F6F6C2E6300616C69676E2048
:10F310003D3D2030207C7C20282875696E747074F7
:10F32000725F74296D656D20262028616C69676E97
:10F33000202D20312929203D3D203000096D6973A1
:10F34000616C69676E6564206D656D6F72792061AF
:10F35000742025702028616C69676E203D20257A15
:10F3600075290A007A5F77616974715F6865616405
:10F370002826686561702D3E776169745F71292068
:10F380003D3D202828766F6964202A29302900090C
:10F39000756E65787065637465642068656170205A
:10F3A000776169746572730A004145532D323536B1
:10F3B0002D454342004145532D3139322D454342BD
:10F3C000004145532D3132382D45434200286E759A
:10F3D0006C6C29002A666C6F61742A0002F4DEBC32
:10F3E0009A78563412785634127856341202F3DE74
:10F3F000BC9A78563412785634127856341202F287
:10F40000DEBC9A785634127856341278563412028A
:10F41000F1DEBC9A7856341278563412785634128B
:10F4200002F0DEBC9A78563412785634127856348C
:10F4300012000000000100FFFFFFFFFFFF000000BF
:10F4400000000000FFFFFFFFFFFF000000000000C2
:10F45000303132333435363738396162636465664A
:10F46000000000000000001000800000805F9B345E
:10F47000FB91FBFBF3F4FBFBFBFBEA000909090929
:10F4800001020909090909090909090909070909FD
:10F4900009090906090909090909090909090909DF
:10F4A0000909090905E69D350E480103CCDBFDF489
:10F4B000AC1191F4EFB9A5F9E9A7832C5E2CBE97A6
:10F4C000F2D203B0208BD28915D08E1C742430ED7B
:10F4D0008FC24563765C15525ABF9A32636DEB2A30
:10F4E00065499C80DC6174745F74785F64657374D3
:10F4F000726F795F776F726B5F68616E646C657253
:10F50000000005061F1F2918120308020305080A38
:10F5100000080103040105040509060701010606A8
:10F5200008000001000100030100030202010002C3
:10F53000000000000002030100036C888391AAF51B
:10F54000A53860370BDB5A6083BE00010203040557
:10F55000060700203030303030303030303030303E
:10F560003030000110141400001C2030401C20001A
:10F57000001C20304052096AD53036A538BF40A360
:10F580009E81F3D7FB7CE339829B2FFF87348E4328
:10F5900044C4DEE9CB547B9432A6C2233DEE4C95A5
:10F5A0000B42FAC34E082EA16628D924B2765BA27C
:10F5B000496D8BD12572F8F66486689816D4A45CE0
:10F5C000CC5D65B6926C704850FDEDB9DA5E1546BB
:10F5D00057A78D9D8490D8AB008CBCD30AF7E45814
:10F5E00005B8B34506D02C1E8FCA3F0F02C1AFBD70
:10F5F0000301138A6B3A9111414F67DCEA97F2CF0E
:10F60000CEF0B4E67396AC7422E7AD3585E2F937F7
:10F61000E81C75DF6E47F11A711D29C5896FB76245
:10F620000EAA18BE1BFC563E4BC6D279209ADBC0F0
:10F63000FE78CD5AF41FDDA8338807C731B1121008
:10F64000592780EC5F60517FA919B54A0D2DE57AE5
:10F650009F93C99CEFA0E03B4DAE2AF5B0C8EBBB31
:10F660003C83539961172B047EBA77D626E169143F
:10F670006355210C7D637C777BF26B6FC53001672E
:10F680002BFED7AB76CA82C97DFA5947F0ADD4A21A
:10F69000AF9CA472C0B7FD9326363FF7CC34A5E5E6
:10F6A000F171D8311504C723C31896059A07128043
:10F6B000E2EB27B27509832C1A1B6E5AA0523BD677
:10F6C000B329E32F8453D100ED20FCB15B6ACBBE9C
:10F6D000394A4C58CFD0EFAAFB434D338545F90248
:10F6E0007F503C9FA851A3408F929D38F5BCB6DA5D
:10F6F0002110FFF3D2CD0C13EC5F974417C4A77E03
:10F700003D645D197360814FDC222A908846EEB813
:10F7100014DE5E0BDBE0323A0A4906245CC2D3AC4D
:10F72000629195E479E7C8376D8DD54EA96C56F492
:10F73000EA657AAE08BA78252E1CA6B4C6E8DD7450
:10F740001F4BBD8B8A703EB5664803F60E61355778
:10F75000B986C11D9EE1F8981169D98E949B1E87C8
:10F76000E9CE5528DF8CA1890DBFE6426841992D6D
:08F770000FB054BB16000000AD
:10F778000000000000000000000000000000000081
:10F788000000000000000000000000000000000071
:10F798000000000000000000000000000000000061
:10F7A8000000000000000000000000000000000051
:10F7B8000000000000000000000000000000000041
:10F7C8000000000000000000000000000000000031
:10F7D8000000000000000000000000000000000021
:10F7E8000000000000000000000000000000000011
:10F7F8000000000000000000000000000000000001
:10F8080000000000000000000000000000000000F0
:10F8180000000000000000000000000000000000E0
:10F8280000000000000000000000000000000000D0
:10F8380000000000000000008D7B000000000000B8
:10F8480000000000000000000000000000000000B0
:10F8580000000000000000000000000000000000A0
:10F868000000000000000000000000000000000090
:10F878000000000000000000000000000000000080
:10F888000000000000000000000000000000000070
:10F898000000000000000000000000000000000060
:10F8A8000000000000000000000000000000000050
:10F8B8000000000000000000000000000000000040
:10F8C800A88A0200000000001F00000000000000DD
:10F8D800FFFFFFFFFF1F0000DCF3020000000A002B
:10F8E8000000000000000000000000000000000010
:10F8F800000000000000000099280000000000003F
:10F9080000000000EDF302000000120000000000FB
:10F9180000000000000000000000000000000000DF
:10F928000000000051280000000000000000000056
:10F93800FEF30200000012000000000000000000BA
:10F9480000000000000000000000000000000000AF
:10F958000928000000000000000000000FF4020069
:10F96800000012002E094864010000000000000099
:10F97800094A0200FFFFFFFF5B4B020000900200F4
:10F98800000000009CA8020000000200A8A80200D5
:10F9980000000200B4A802000000020000000000FD
:10F9A800934E020000000000000000003C0200200E
:10F9B8003C02002000000000000000000E000000D3
:10F9C800006000400000000000000000000000008F
:10F9D800000000000000000000000000000000001F
:10F9E800000000000000000000000000000000000F
:10F9F80000000000000000000000000000000000FF
:10FA080000000000000000000000000000000000EE
:10FA180000000000000000000000000000000000DE
:10FA280000000000000000000000000000000000CE
:10FA380000000000000000000000000000000000BE
:10FA480000000000000000000000000000000000AE
:10FA580000000000117F000000000000000000000E
:10FA680000000000ED6A0000000000000000000037
:10FA780000000000B9900000000000000000000035
:10FA8800000000005D8F0000000000000000000082
:10FA9800000000003D9C0000000000000000000085
:10FAA80000000000D19500000000000000000000E8
:10FAB80039B4000095C10000D1C200000000000068
:10FAC80000000000E5B20000E35E0200AD5F020046
:10FAD800F5AE0000000000000000000011BE0000AC
:10FAE8000000000000000000C8A80200000002009A
:10FAF800D4A8020000000A00E4A8020000002000C8
:10FB080000000000000000000000000000000000ED
:10FB18000000000000000000000000000563020073
:10FB280000000000B4030020B4030020000000001F
:10FB3800000000000E000000C8030020C8030020D9
:10FB480051E500000000000000000000B016002091
:10FB580000000000CD17010000000000B8160020CA
:10FB680000000000190C010000000000C016002071
:10FB7800000000008999010000000000C81600205C
:10FB8800000000004109010000000000542000208E
:10FB98000000000005A30100000000005C20002018
:10FBA8000000000089990100000000006420002086
:10FBB800000000003130010000000000E0200020BB
:10FBC800000000003538010000000000E820002097
:10FBD800000000008999010000000000F0200020CA
:10FBE80000000000DD39010000000000F8200020BE
:10FBF8000000000015420100000000001C22002047
:10FC0800000000006C220020000000004C240020AE
:10FC180000000000FC2400200000000021AE0100CC
:10FC280000000000702600200000000081960100FE
:10FC380000000000902600200000000089990100C3
:10FC480000000000A42A002000000000B1FC000011
:10FC5800000000009C2A002000000000B1FC000009
:10FC680000000000942A002000000000DDF80000D9
:10FC7800000000008C2A002000000000B1FC0000F9
:10FC880000000000842A002000000000DDF80000C9
:10FC9800000000007C2A002000000000B1FC0000E9
:10FCA8000090D003FF000000900200003C050020F7
:0EFCB8003C050020355B0000515B000006019A
:0EFCC600000000000000000000000000000030
:04FCD400000000002C
:10FCD8006005002060050020000000009C6E0020E8
:10FCE80000000000010000002800000000000000E3
:10FCF80080050020800500200000000040630020EF
:10FD08000000000001000000A80000000000000042
:10FD1800A0050020A005002000000000C46E0020FF
:10FD280000000000030000001C00000000000000AC
:10FD3800C0050020C005002000000000FFFFFFFFF5
:10FD4800000000000000000000000000DC050020AA
:04FD5800DC050020A6
:10FD5C00000000000000000000000000F005002082
:10FD6C00F00500200000000003000300100000005C
:10FD7C00000000006C920200C86C00200000000023
:10FD8C0000000000000000001C0600201C060020E3
:10FD9C00000000000300030010000000F5AF00009D
:10FDAC0008930200246E00200000000000000000F8
:10FDBC00000000004806002048060020000000005B
:10FDCC000300030000000000000000000C91020082
:10FDDC003C69002000000000000000000000000052
:10FDEC0074060020740600200000000001000100D1
:10FDFC0010000000E593000058920200C06B002038
:10FE0C00000000000000000000000000A006002020
:10FE1C00A00600200000000003000300000000000A
:10FE2C000000000020920200786B0020000000000F
:10FE3C000000000000000000CC060020CC060020D2
:10FE4C00000000000C000C000400000035660000EF
:10FE5C00F890020060670020000000000000000025
:10FE6C0000000000F8060020F8060020000000004A
:10FE7C0001000100000000000000000020910200C1
:04FE8C00886A002060
:04FE900015E015E084
:04000003000052E1C6
:00000001FF
